id,name,host_id,host_profile_id,host_name,neighbourhood_group,neighbourhood,latitude,longitude,room_type,price,minimum_nights,number_of_reviews,last_review,reviews_per_month,calculated_host_listings_count,availability_365,number_of_reviews_ltm,license
37676,Mt. Hood View in the Pearl District,162158,1462511354592858514,Paul,,Pearl,45.52564,-122.68273,Entire home/apt,,30,134,2025-06-29,0.72,2,337,2,
61893,Perfect Portland Place,300391,1462515080619594180,Matt,,Goose Hollow,45.52258,-122.69955,Entire home/apt,,30,25,2024-11-27,0.23,1,267,0,
67036,Historic Home Located in Central City,329777,1462515851707105101,Will,,Sullivan's Gulch,45.53103,-122.64448,Entire home/apt,,4,85,2025-11-29,0.47,1,331,13,12-123170-000-00-LU
93613,Sunny Queen Room in FUN Alberta Arts,501715,1462520075273747735,Teresa,,Sabin,45.55536,-122.65106,Private room,,30,70,2025-11-12,0.41,10,365,3,
99355,Beautiful Apt near City Center!,523311,1462520680383607110,Mark,,Irvington,45.53836,-122.65159,Entire home/apt,,1,340,2025-11-09,2.02,2,333,25,08-175882-000-00-LU
114086,Bright Friendly Home- Alberta Arts,501715,1462520075273747735,Teresa,,Sabin,45.55593,-122.65029,Private room,,30,73,2025-11-09,0.42,10,152,2,
117969,Beautiful Remodeled Apartment,589016,1462522785840874598,Steven,,Richmond,45.51022,-122.63088,Entire home/apt,,2,379,2025-11-16,2.96,1,253,30,24-006555-000-00-HO
134282,Daylight Foodie's Paradise & Everyone's Fun Zone,659137,1462525234316582470,Anjali,,Boise,45.55273,-122.67524,Entire home/apt,,31,35,2023-06-15,0.20,2,177,0,
143483,Garden Hideaway near City Center!,523311,1462520680383607110,Mark,,Irvington,45.54005222601903,-122.64988089596142,Entire home/apt,,1,193,2025-11-07,1.13,2,349,8,08-175882-000-00-LU
145199,Two private bedrooms with bath and kitchenette,683139,1462526043018387962,Amy,,Montavilla,45.52959,-122.59081,Private room,,3,91,2025-09-07,0.52,1,365,5,24astr-app-00058
182450,"Luminous, Cosy Home near lively SE Division Street",52505,1462507717998954905,Judith,,Richmond,45.50529,-122.63201,Entire home/apt,,5,38,2025-10-21,0.24,2,24,5,14-212846-000-00-HO
182465,Quiet room next to lively Division St,52505,1462507717998954905,Judith,,Richmond,45.50582,-122.63389,Private room,,2,367,2025-11-16,2.10,2,73,20,14-212846-000-00-HO
195632,Foodie's Paradise & Everyone's Playground!,659137,1462525234316582470,Anjali,,Boise,45.55083,-122.67567,Entire home/apt,,30,89,2024-04-14,0.51,2,177,0,17-183022-000-00-HO
199683,"Authentic Portland Flavor, Central!",975606,1462534736673993077,H Lee,,Rose City Park,45.54458,-122.60223,Private room,,31,50,2023-09-09,0.30,3,365,0,
217607,WaterFront Pearl - one bedroom one bath.  Close in,971012,1462515433564292309,Cynthia,,Old Town/Chinatown,45.52653,-122.67513,Entire home/apt,,30,46,2025-08-23,0.27,2,364,1,
218708,Vintage Charm *King* at Opal 28 Apt 3,6313800,1462703286366703752,Margot,,Kerns,45.5236,-122.63458,Entire home/apt,,30,276,2025-10-06,1.60,5,143,2,Exempt
222298,"Blues, Brews & Bicycle Guesthouse",1153902,1462538412172321632,Taizz,,Overlook,45.55815,-122.69218,Private room,,2,123,2025-08-05,0.71,3,42,6,20-110377-000-00-HO
231732,"large, sunny room in farmhouse",1153902,1462538412172321632,Taizz,,Overlook,45.55629,-122.69042,Private room,,30,48,2022-02-07,0.29,3,73,0,
231734,"Private, sunny room in farmhouse",1153902,1462538412172321632,Taizz,,Overlook,45.55748,-122.69207,Private room,,2,78,2025-09-23,0.46,3,43,18,20-110377-000-00-HO
236108,Large COMFY Room in Alberta Arts,501715,1462520075273747735,Teresa,,Sabin,45.55645,-122.64854,Private room,,30,59,2022-10-15,0.36,10,365,0,
264248,Victorian Retreat near Hawthorne,375920,1462516908192130656,Cynthia,,Buckman,45.51268,-122.6493,Entire home/apt,,30,18,2025-08-29,0.11,1,241,2,
269339,Sweet Apartment in Alberta St. Area,960864,1462534363723938399,Naomi,,King,45.55033,-122.65798,Entire home/apt,,2,375,2022-12-11,2.21,2,0,0,16-213200-000-00-HO
317797,Condo in the Courtyard,828435,1462530643636541381,Furnished In Portland,,Mt. Tabor,45.510918377814114,-122.61128317425442,Entire home/apt,,30,45,2025-08-28,0.27,6,151,2,
332420,"Vintage Artist's Home, walk/bike everywhere!",1206902,1462516589233890105,LeBrie,,Sunnyside,45.518,-122.6322,Entire home/apt,,3,65,2025-09-22,0.42,1,3,4,17-139025-000-00-HO
345650,GUEST SUITE SURROUNDED BY NATURE,38860,1462507324668653227,Renata,,Hayhurst,45.48203,-122.71903,Entire home/apt,,2,139,2022-12-12,0.85,1,267,0,20-133572-000-00-HO
357732,"Cheerful, musical, eclectic home",1810476,1462578994664277420,Susan,,Multnomah,45.46518,-122.71617,Private room,,30,37,2025-09-08,0.22,2,337,2,
362775,Kuza Cabin + Fine-Dining Village,1213257,1462516627506848298,Dayna,,Alameda,45.54903,-122.63423,Entire home/apt,,1,546,2025-11-08,3.28,8,350,53,24astr-per-00295
383701,Sellwood Music Suite,51531579,1465806248234165123,Lucca,,Sellwood-Moreland Improvement League,45.46846,-122.65395,Entire home/apt,,2,450,2025-11-16,2.70,2,140,28,14-224927-000-00-HO
386687,The Heart of Multnomah Village,532509,1462512473655660898,Maria,,Multnomah,45.4692,-122.71497,Entire home/apt,,30,236,2024-12-26,1.43,1,365,1,19-264153-000-00-HO
402130,Vintage Charm *Queen* at Opal 28 Apt 1,6313800,1462703286366703752,Margot,,Kerns,45.52949,-122.63449,Entire home/apt,,30,235,2024-09-03,1.43,5,84,0,Exempt
402191,Vintage Charm *King* at Opal 28 Apt4,6313800,1462703286366703752,Margot,,Kerns,45.52671,-122.63666,Entire home/apt,,30,325,2024-10-05,1.96,5,137,0,Exempt
408577,Eclectic cottage & sauna bath house/SE Portland,2034859,1462521802950768904,Rebecca,,Richmond,45.50964,-122.61787,Entire home/apt,,2,182,2025-11-23,1.10,2,240,47,18-177894-000-00-HO
413956,"Beautiful, Clean 1920 NoPo Bungalow",1099616,1462536943138709332,Abraham,,Overlook,45.56557,-122.67893,Entire home/apt,,3,162,2024-12-30,1.00,2,0,2,24ASTR-PER-00243
448195,The Wisteria… Portland Craftsman,2226037,1462522968736892514,Bruce,,Rose City Park,45.546532,-122.612953,Entire home/apt,,3,298,2025-11-16,1.80,1,346,15,23-108025-000-00-LU
449461,"Portland Soul, Central! Porch Time!",975606,1462534736673993077,H Lee,,Rose City Park,45.54244,-122.60331,Private room,,31,43,2025-10-09,0.27,3,365,1,
450488,"Alberta Arts Rm - fast Wifi, hd TV, Great area!",2236909,1462589820199892125,Shane,,King,45.56061,-122.6565,Private room,,31,109,2024-08-10,0.67,6,4,0,
450660,"Cozy Alberta Arts Rm - hd TV, A/C, fast Wifi, Desk",2236909,1462589820199892125,Shane,,King,45.56186,-122.65834,Private room,,31,107,2025-09-11,0.66,6,4,3,
483614,House w/ Wood Burning Stove and A/C - NE Portland,1387456,1462544421130944388,Dana,,Cully,45.55794,-122.61679,Entire home/apt,,30,218,2025-09-07,1.33,1,142,4,20-100186-000-00-HO
522334,A sunny separate studio w/skylights,19234,1462506879770712937,Robert,,Sellwood-Moreland Improvement League,45.47402,-122.6439,Entire home/apt,,4,564,2025-11-29,3.46,1,25,34,15-122203-000-00-HO
525395,Gorgeous Bungalow with Hot Tub close to Downtown,2555917,1462598467870931911,Thomas,,South Portland,45.47187,-122.67422,Entire home/apt,,3,81,2025-02-22,0.54,1,262,3,24ASTR-PER-00030
531553,Garden Oasis in Walkable Mississippi District,1601890,1462519157449988270,Jane,,Boise,45.55232,-122.67048,Entire home/apt,,2,422,2025-11-28,2.59,1,258,27,19-261542-000-00-HO
543988,Quaint English Cottage Garden Private Apt.,40759,1462507352410635106,Robert James,,Laurelhurst,45.52417,-122.61865,Entire home/apt,,2,365,2025-11-16,2.24,1,212,20,14-229235-000-00-HO
546107,"Hip, Tiny House in North Portland",307635,1462515268678546282,Andrew,,Humboldt,45.56025,-122.67222,Entire home/apt,,31,345,2025-10-02,2.11,2,174,3,
548557,NE  Concordia Cabin,2696498,1462605155566582755,Meredith,,Concordia,45.56995,-122.63151,Entire home/apt,,2,139,2024-09-29,0.86,1,306,0,16-236406-000-00-HO
557948,"Pretty house, perfect location, EV-friendly",2690880,1462605013243170294,Randy,,Hosford-Abernethy,45.50857,-122.64463,Entire home/apt,,7,16,2022-07-14,0.11,1,88,0,18-107431-000-00-HO
566103,Old Portland SE Clinton/Division,1115782,1462537338860154495,Elliott,,Hosford-Abernethy,45.50535,-122.64138,Entire home/apt,,30,54,2024-06-27,0.33,1,0,0,18-167316-000-00-HO
580155,NE Portland Oregon Modern Victorian Duplex,2854451,1462610736285908272,Julie,,Eliot,45.53912,-122.66097,Entire home/apt,,4,101,2025-10-26,0.62,1,209,5,23-092838-000-00-HO
584676,NW Portland Condo on Street Car Line,2881063,1462611423601717553,Kevin,,Northwest District,45.52972,-122.69269,Entire home/apt,,30,82,2025-09-09,0.50,1,242,2,
600976,Cozy SW 2 Bedroom/Private Bath Near Lewis & Clark,2974150,1462527341907112619,Shannon,,South Burlingame,45.46519,-122.68488,Private room,,1,475,2025-11-11,2.92,2,359,53,24-019145-000-00-HO
604270,Mt. Tabor studio with Mt. Hood view,1493662,1462547329871293630,Jeffrey,,Montavilla,45.51425,-122.58372,Entire home/apt,,2,667,2025-09-30,4.13,1,0,18,25ASTR-PER-00005
633385,Charming SW Portland Room – Super Clean & Cozy,2974150,1462527341907112619,Shannon,,South Burlingame,45.4705,-122.68506,Private room,,2,261,2025-11-02,1.62,2,365,24,24-019145-000-00-HO
637011,"Eclectic, cheerful, musical home",1810476,1462578994664277420,Susan,,Multnomah,45.46671,-122.71559,Private room,,30,21,2022-05-29,0.13,2,186,0,
637362,Sellwood Sanctuary Guest House,869146,1462531833366276007,Andrew,,Sellwood-Moreland Improvement League,45.46549,-122.65551,Entire home/apt,,3,377,2025-11-12,2.41,1,348,22,15-102449-000-00-ho
674866,Fantastic Loft in the Pearl (short or long term),1731137,1462576941587397838,Stephanie,,Pearl,45.52667,-122.68242,Entire home/apt,,90,61,2024-09-03,0.68,1,365,0,
687927,"Heart on Hawthorne ,  SE Portland",3425231,1462629064352706503,Kit,,Sunnyside,45.51365,-122.62041,Private room,,7,196,2025-08-31,1.22,1,279,12,14-255222-000-00-HO
696955,Alberta Arts House - Hip Portlandia,3569549,1462632791038275267,Ash,,Vernon,45.55888,-122.64747,Entire home/apt,,30,216,2025-08-23,1.34,1,145,2,
697115,Classic Bedroom/Private Vanity,3190134,1462622177989363082,Jenna,,Hillsdale,45.48678,-122.68989,Private room,,30,3,2014-10-01,0.02,4,365,0,
699605,Adorable Alberta Arts Bungalow,2605790,1462602434908042575,Amanda,,King,45.56611,-122.65743,Entire home/apt,,30,47,2024-09-15,0.29,1,362,0,15-179947-000-00-HO
704753,Near OHSU. Choice of Clean Rooms. Private Baths.,3190134,1462622177989363082,Jenna,,Hillsdale,45.48699,-122.69223,Private room,,30,11,2021-07-31,0.07,4,365,0,
714773,ArtFulLife,1186353,1462539203595350349,Fredrick,,Northwest District,45.52837,-122.69799,Entire home/apt,,90,135,2022-11-30,0.85,1,0,0,
760737,Remodeled basement studio in central Portland,2646777,1462603738383285553,Kyle,,Buckman,45.51851,-122.64196,Entire home/apt,,2,308,2025-11-17,3.42,1,263,25,25ASTR-APP-00130
774924,For humanitarian aid or medical vacations only,3622006,1462635069213904174,Lee Ann,,Grant Park,45.54292,-122.62822,Entire home/apt,,2,59,2022-03-21,0.37,1,0,0,16-279307-000-00-HO
775426,Incredible Location in Alberta Arts District,1150082,1462538309747426683,Michelle,,King,45.55841,-122.65152,Entire home/apt,,1,268,2025-11-22,1.73,6,316,30,91817
781710,"House near Mt Tabor, SE Portland",4123246,1462648004032161079,Leopoldo,,Montavilla,45.52076,-122.58304,Entire home/apt,,30,5,2025-07-22,0.03,1,172,1,
784126,"Portland condo near OHSU, VA Hospital & downtown!",4134978,1462648335191750613,Huma,,Homestead,45.49608,-122.68884,Entire home/apt,,30,62,2025-11-07,0.49,1,365,4,
789798,"Artsy, private lower level. Minutes from downtown.",4161754,1462533961077450124,Rhonda,,Ashcreek,45.45631,-122.73765,Entire home/apt,,2,250,2025-11-29,1.64,1,364,15,14-250883-000-00-HO
798113,Kinley Manor Coach House Experience,4203145,1462534200980799093,Rupert Kinnard,,Irvington,45.53693,-122.65713,Entire home/apt,,1,146,2024-12-08,0.97,2,94,2,07-181886-000-00-LU
801318,"Ideally Located, Modern & Artistic Large House",1150082,1462538309747426683,Michelle,,Vernon,45.55845,-122.64999,Entire home/apt,,1,117,2025-11-29,0.74,6,313,17,90695
838961,Studio Apartment - Private Entry,4382924,1462655698848860710,Reggie,,Parkrose Heights,45.54385,-122.54355,Entire home/apt,,30,44,2025-10-28,0.31,1,216,6,
857220,"Spacious, Comfy Downstairs Suite & Garage parking!",4440080,1462657534514425802,Lori,,Foster-Powell,45.49162,-122.58212,Private room,,1,431,2025-10-19,2.75,1,357,29,16-279178-000-00-HO
921597,Pearl District Loft: Urban Oasis,4955336,1462669316806096518,BettyLou,,Pearl,45.52959,-122.68424,Entire home/apt,,30,20,2022-05-05,0.13,1,191,0,
927432,"Spacious, charming, & well-located Portland house",1916182,1462581697091719876,Alexis,,Humboldt,45.56463,-122.66894,Entire home/apt,,30,9,2021-07-19,0.06,1,263,0,
929954,"Authentic Portland, Levity Lodge #3",975606,1462534736673993077,H Lee,,Rose City Park,45.54433,-122.60348,Private room,,31,14,2022-08-15,0.09,3,365,0,
938257,Pink House off Mississippi-ask for DEALS 4-6nights,1515905,1462547923712957681,Rick,,Boise,45.55039,-122.67497,Entire home/apt,,2,584,2025-11-16,3.82,2,263,23,24-007794-000-00-HO
938283,Green House Mississippi-ask for DEALS on 4-6nights,1515905,1462547923712957681,Rick,,Boise,45.55039,-122.67494,Entire home/apt,,2,558,2025-10-05,3.66,2,212,15,24-007794-000-00-HO
951387,Quiet Private Studio in Inner NE near Bus & Bike,5161731,1462539239246331329,Debra & Ludger,,Boise,45.553,-122.66629,Entire home/apt,,2,659,2025-11-30,4.24,1,258,36,17-138407-000-00-ho
958634,Spacious Private Suite for Extended Stays,5216499,1462675557906171032,Allison,,South Tabor,45.50315,-122.58148,Private room,,31,32,2025-08-09,0.21,1,364,1,
967959,Authentic Alberta Arts Abode,1507209,1462518537170695910,Penelope,,King,45.55715,-122.65553,Entire home/apt,,2,732,2025-11-10,4.82,1,344,34,14-221961-000-00-HO
993073,PDX Eco Cottage,5455260,1462681267947950406,Susan,,Hosford-Abernethy,45.50661,-122.64996,Entire home/apt,,2,403,2025-11-10,2.65,2,263,28,14-207831-000-00-HO
997150,Cozy Kerns 1 bdrm Apt - Best PDX Neighborhood!,3041678,1462616073143353794,Cora,,Buckman,45.52238,-122.63828,Entire home/apt,,1,621,2025-11-15,4.06,2,262,51,19-267171-000-00-HO
1003617,The Portland Villa on Alberta St,4430753,1462657303208347592,Catie,,Concordia,45.55856,-122.63717,Entire home/apt,,1,334,2025-11-20,2.44,1,326,26,17-259760-000-00-LU
1006381,Mid Century Modern,4246850,1462651527274324391,Daniel,,King,45.5622,-122.66176,Entire home/apt,,45,99,2024-10-01,0.65,1,90,0,
1007277,Feels Like Home,3978304,1462532887306848842,Anthony,,Woodstock,45.48719,-122.62161,Entire home/apt,,30,434,2025-01-04,2.94,1,180,1,
1009218,Perfect SE Location: Classic Portland Experience,1284016,1462517066421299830,Susan,,Buckman,45.52286,-122.64743,Entire home/apt,,30,122,2022-09-20,0.79,1,0,0,15-194034-000-00-HO
1036774,"""The Portland Purple House 1""",5707629,1462541952552930337,Arlene & Jeff,,Roseway,45.55121,-122.59294,Private room,,2,35,2022-08-28,0.24,3,0,0,21-072771-000-00-HO
1046001,"Alberta Arts Bsmt Rm  fast Wifi, hd TV,Great area!",2236909,1462589820199892125,Shane,,King,45.55965,-122.65729,Private room,,31,88,2024-11-21,0.57,6,90,0,
1086146,Spacious Urban Retreat,5970172,1462694223130537233,Dorothy,,Parkrose,45.55796,-122.55871,Entire home/apt,,2,192,2025-11-28,1.25,2,358,9,24-003298-000-00-HO
1100793,"Walker’s Paradise w/ projector, kitchenette",496929,1462512212410981555,Sam,,Sellwood-Moreland Improvement League,45.47911,-122.64506,Entire home/apt,,2,69,2025-10-21,0.52,1,359,10,17-270109-000-00-HO
1103529,The Hen House: Private unit in NE,6060622,1462696859797706389,Norah,,King,45.55192,-122.65726,Entire home/apt,,1,970,2025-10-27,6.32,2,340,74,17-132111-000-00-HO
1107789,Cozy Portland Studio Apartment,6000443,1462695210134757716,Cara,,Buckman,45.51904,-122.64412,Entire home/apt,,3,883,2025-09-24,5.77,1,202,44,14-226326-000-00-HO
1119763,Maple Cottage PDX/ Fun Historic Mississippi Ave.,2749411,1462526071718114124,Mariah,,Boise,45.55146,-122.67292,Entire home/apt,,3,429,2025-11-02,4.15,1,267,59,17-164969-000-00-HO
1123780,Airport~Private Entrance~Garden View,2946939,1462527195950204315,Jennifer,,Concordia,45.56028,-122.62061,Entire home/apt,,1,580,2025-11-30,3.80,1,166,72,24ASTR-APP-00318
1151857,Vintage Charm *Queen* at Opal 28 Apt 2,6313800,1462703286366703752,Margot,,Kerns,45.52709,-122.63826,Entire home/apt,,30,190,2024-08-17,1.33,5,152,0,Exempt
1182675,Private room in Southeast Portland,6469679,1462707207772462616,Matt,,Creston-Kenilworth,45.49214,-122.63455,Private room,,30,0,,,1,365,0,
1193068,Rosie Room at Farmhouse Cottage,1996078,1462583688130348914,Sarah K,,Marshall Park,45.45793,-122.68985,Private room,,3,18,2025-07-28,0.12,2,365,5,15-150444-000-00-HO
1194370,Cozy mud hut with big bridge view,6526820,1462546016601054733,Ivy,,Cathedral Park,45.58991,-122.76046,Private room,,30,498,2019-12-29,3.33,1,90,0,
1194589,Artisan Sanctuary,5927807,1462693092665532542,Margo,,Humboldt,45.56055,-122.66786,Entire home/apt,,2,406,2020-03-08,2.67,1,364,0,16-180113-000-00-HO
1209612,"WATERFRONT, NW  DISTRICT CONDO",6510017,1462708275206806451,Irene & Steve,,Old Town/Chinatown,45.52622,-122.67284,Entire home/apt,,30,54,2015-07-21,0.38,1,365,0,
1213052,Alberta Arts Bungalow - 4 Bedroom,6621964,1462711146349412660,Amy,,Vernon,45.5585,-122.65001,Entire home/apt,,2,236,2025-10-07,1.56,1,326,11,15-267213-000-00-LU
1242928,Modernist Loft in NE Portland | 2 beds 2 full bath,6774413,1462714954284082698,Duane,,Humboldt,45.55915,-122.66811,Entire home/apt,,30,107,2025-09-01,0.87,1,128,3,
1242968,"Urban Sanctuary near Shops, Dining & Downtown!",6416589,1462705894397411632,Adam John,,Boise,45.55398,-122.67583,Entire home/apt,,1,958,2025-10-28,6.31,6,257,42,14-226769-000-00-HO
1243615,Captain's Bed at Portland Farmhouse Cottage,1996078,1462583688130348914,Sarah K,,Marshall Park,45.45711,-122.69127,Private room,,3,7,2024-12-18,0.05,2,364,1,15-150444-000-00-HO
1248994,Creative Charmer in NE Portland,6805954,1462547365706299996,Michael,,Irvington,45.54725,-122.65495,Entire home/apt,,30,107,2025-11-21,0.71,2,141,5,
1261196,Vintage Portland Home—8 Minutes to Downtown!,234549,1462513365836601365,Kerry,,Kerns,45.52415,-122.64208,Entire home/apt,,30,247,2025-07-05,1.67,1,0,4,17-260853-000-00-HO
1268133,The Studio at the Garden Oasis,2948538,1462613213135756374,Colin And Medina,,King,45.55057,-122.65636,Entire home/apt,,31,66,2024-08-04,0.44,1,177,0,
1288320,Thompson Hideaway - walk to Convention Center,5037209,1462538537163479531,Pamela,,Eliot,45.54057,-122.66377,Entire home/apt,,2,650,2025-11-28,4.29,1,322,41,20-124319-000-00-HO
1297869,5th Ave Townhouse,7055900,1462722279289733559,Saadi,,Portland Downtown,45.51032,-122.68208,Entire home/apt,,2,448,2025-11-14,2.97,1,342,16,17-112494-000-00-LU
1313694,Work & Stay at The Green Fairy Victorian farmhouse,6153335,1462544181166324831,Sonia,,Boise,45.55014,-122.67192,Entire home/apt,,30,122,2024-09-12,0.81,2,365,0,
1332422,Salmon Street Farmhouse,1616228,1462563220794277230,Sally,,Buckman,45.51333,-122.64342,Entire home/apt,,30,15,2018-07-04,0.10,1,0,0,
1386922,Mississippi Ave Basement Studio,3859198,1462641194029344823,Justin,,Humboldt,45.56328,-122.67523,Entire home/apt,,30,212,2025-08-01,1.41,1,180,1,
1408895,Bright & Modern Home in Lovely Roseway,942377,1462515266431285477,Emily,,Roseway,45.54872,-122.58744,Entire home/apt,,30,80,2025-10-30,0.53,1,155,3,
1411299,"Cozy, yet Spacious Division 1BR Apt",6960996,1462558675109094990,David,,Richmond,45.50152,-122.62856,Entire home/apt,,2,289,2025-11-29,2.42,1,329,30,16-109354-000-00-HO
1429073,Lovely Private Room & Bath in SE (South Tabor),7656277,1462737772517545731,Joanne,,South Tabor,45.49991,-122.60654,Private room,,2,233,2025-11-30,1.55,1,246,18,16-120298-000-00-HO
1438618,One block from everything. Purely Portland stay :),7727691,1462739676378770833,Kara,,Cully,45.54883,-122.61489,Entire home/apt,,2,229,2025-10-31,2.53,3,0,35,24ASTR-PER-00004
1525272,The Irvington off Broadway studio condominium,8138263,1462750126447162401,Elizabeth,,Irvington,45.5373,-122.65571,Entire home/apt,,31,20,2025-11-17,0.16,1,365,1,
1539452,"""The Hermitage"", Historic Hafner Haus 2nd unit",8207605,1462564255609677282,Sharon,,Portland Downtown,45.51614,-122.68598,Entire home/apt,,30,166,2024-09-12,1.24,13,125,0,Exempt
1542659,Bright Beautiful Mid-Century Style Loft in N.E.,2722503,1462605988100798897,Heidi,,Eliot,45.5425,-122.66028,Entire home/apt,,2,398,2025-11-17,2.74,1,350,29,19-230304-000-00-HO
1560267,Pearl District Private Suite,2655510,1462603973538198304,Steven,,Pearl,45.52894,-122.68338,Private room,,2,680,2024-12-29,4.58,1,287,3,14-242857-000-00-HO
1584433,Historic Northwest Portland Home,8441694,1462767894990019189,Christina,,Northwest District,45.53702,-122.69974,Private room,,30,114,2025-10-23,0.80,1,365,6,00162
1641735,Zen Suite Private Bath-Alberta Arts,8703941,1462566276174414707,Tracy,,Concordia,45.56696,-122.63339,Private room,,30,57,2016-08-30,0.40,1,365,0,
1641774,Walk to OHSU/15-min drive to Intel. Pristine Room!,3190134,1462622177989363082,Jenna,,Hillsdale,45.48954,-122.69262,Private room,,30,1,2016-01-06,0.01,4,365,0,
1646847,Urban Zen Retreat,8739391,1462566424153015909,Christina,,Mt. Tabor,45.51512,-122.60498,Entire home/apt,,30,147,2024-02-21,1.04,1,364,0,
1661004,Irvington Cottage - Moda & Convention Center close,4426731,1462657194695140637,Martha,,Irvington,45.53847,-122.65533,Entire home/apt,,2,338,2025-10-05,2.91,2,153,21,24ASTR-PER-00015
1677299,"Urban Gardens a Wooded Lounge
vibe in SW Portland",5283609,1462677165688112925,Ivy,,Multnomah,45.45515,-122.71905,Entire home/apt,,2,81,2025-08-08,0.57,1,36,1,12-080366-000-00-HO
1703888,"Cool tiny home near wooded park, transit, dining",8036326,1462747538082928728,Martin,,Mt. Tabor,45.51064,-122.60206,Entire home/apt,,31,128,2022-05-13,0.86,1,0,0,14-216770-000-00-HO
1732272,Hollywood One Bedroom Home,102666,1462509654125870839,Rosy,,Rose City Park,45.5404,-122.61099,Entire home/apt,,3,106,2025-10-26,0.82,1,306,10,15-259564-000-00-HO
1751672,NE Portland Craftsman,4912906,1462668253274169711,Jennifer,,Rose City Park,45.5443,-122.61122,Entire home/apt,,3,16,2025-10-08,0.12,1,263,9,25ASTR-PER-00146
1826250,Urban Garden Studio,2592211,1462599635272671061,Joelle And James,,Richmond,45.50769,-122.62844,Private room,,30,161,2019-05-21,1.10,1,365,0,
1850556,The Nest,9663989,1462570603699569585,Laura,,Hollywood,45.5367,-122.6223,Entire home/apt,,1,582,2025-11-24,4.04,1,354,17,16-279380-000-00-HO
1851090,Inn Off Hawthorne,4966686,1462669590941323269,Marc,,Sunnyside,45.51256,-122.62489,Entire home/apt,,30,40,2025-11-10,0.28,1,364,4,
1851145,Hawthorne/Division Beautiful Suite,3379729,1462627204658058328,Dana,,Richmond,45.50969,-122.61779,Entire home/apt,,2,335,2025-11-17,2.31,1,329,32,24ASTR-PER-00073
1856414,Comfortable Hip Downtown Loft,5907304,1462692652353019360,Sari,,Portland Downtown,45.51462,-122.68498,Entire home/apt,,30,89,2025-11-22,0.61,2,365,3,
1880649,Cozy/Modern Casita,9319397,1462569035363403893,Nicol Jeannette,,Eastmoreland,45.46473,-122.62499,Entire home/apt,,30,242,2023-08-27,1.65,1,365,0,
1887261,"Clean, private suite w/garden entry",2916925,1462612381037013251,Margaret,,Piedmont,45.57657,-122.67554,Entire home/apt,,3,75,2025-10-19,1.36,1,8,4,19-200682-000-00-HO
1917726,Northeast Portland Studio with Private Entrance,9943209,1462827673213522734,Brendon,,North Tabor,45.52777,-122.61113,Entire home/apt,,30,618,2024-02-13,4.25,1,365,0,
2003568,Historic Irvington Basement Apt,3519465,1462631511136714768,Carolina,,Irvington,45.53642,-122.6486,Entire home/apt,,30,101,2025-08-01,0.70,1,363,4,
2020429,"Modern Apt. Close in SE, LOCATION!",10385699,1462573989664290351,Katrina,,Hosford-Abernethy,45.50453,-122.65446,Entire home/apt,,30,339,2024-12-01,2.33,2,122,0,
2020615,Sellwood Detached Studio Loft,10386316,1462839246876227547,Kenan,,Sellwood-Moreland Improvement League,45.46587,-122.65336,Entire home/apt,,1,600,2025-11-16,4.70,1,132,81,15-182885-000-00-HO
2033589,"Cozy Room Near Airport, Alberta",10438539,1462840680722698792,Michael,,Cully,45.56069,-122.59966,Private room,,1,609,2025-12-01,4.40,2,87,62,24-013545-000-00-HO
2038802,"2 story, 2 bath View Condo w/covered parking",2687437,1462604909653648313,Diana,,Portland Downtown,45.51564,-122.6844,Entire home/apt,,30,172,2025-07-31,1.19,1,242,1,
2101856,Cute Overlook Studio Cottage,1904731,1462521083640225988,Shanna,,Overlook,45.56142,-122.68037,Entire home/apt,,1,815,2025-11-22,5.95,1,335,73,17-129245-000-00-HO
2114753,Sunny Room in Historic Laurelhurst,4133362,1462533781369560030,Shera & Andrew,,Laurelhurst,45.521,-122.62128,Private room,,2,215,2025-08-25,1.49,1,184,10,24ASTR-PER-00452
2241274,Modern Artistic Three Bedroom Bungalow,11446106,1462864942964419926,Logan,,Grant Park,45.53523,-122.6353,Private room,,30,29,2025-06-11,0.21,1,115,1,17-123289-000-00-HO
2281775,1 Bed Apt W/Laundry. Close to Moda & Convention,829833,1462530710689565577,Kristen Melissa Elizabeth,,Irvington,45.53826,-122.65799,Entire home/apt,,1,715,2025-11-17,5.07,1,352,40,15-147474-000-00-HO
2291626,Private Haven-private bath&entrance,5229526,1462539581097636911,Jere,,Eliot,45.54215,-122.66578,Entire home/apt,,2,594,2025-11-09,4.17,1,357,23,24ASTR-PER-00034
2349023,"Cozy Williams Ave Victorian. 
 Walk to Everything!",11995752,1462877831780457608,Peggy,,Boise,45.55194,-122.66569,Entire home/apt,,2,59,2025-11-30,2.20,1,161,28,23-056268-000-00-HO
2390685,Portland Tiny House,2333787,1462592291117377648,Genevieve,,Concordia,45.56341,-122.63465,Entire home/apt,,2,905,2025-11-29,7.18,1,101,75,15-215449-000-00-HO
2407080,Luxury Modern Newer Townhouse w/views in the hills,12272370,1462883963376901241,Jeff,,Forest Park,45.52335739135742,-122.74468231201172,Entire home/apt,,30,1,2015-06-16,0.01,1,126,0,
2440738,Laurelhurst Loft above the trees!,8927355,1462790515521562480,Michele,,Kerns,45.5218391418457,-122.63525390625,Entire home/apt,,2,537,2025-11-10,3.76,1,8,30,16-216983-000-00-HO
2458957,Alberta Arts Hideaway,12483794,1462888764597338555,Kurt,,King,45.55619,-122.65703,Entire home/apt,,2,216,2025-11-24,1.51,1,278,22,20-133558-000-00-HO
2460265,Modern condo in heart of Downtown,12579841,1462890991340991465,Kevin,,Portland Downtown,45.51622,-122.68524,Entire home/apt,,31,30,2025-10-31,0.34,1,278,4,
2545810,Fully Restored 4-Level Grand Craftsman,13032937,1462584790225069324,David,,Piedmont,45.56952,-122.66532,Entire home/apt,,3,63,2024-07-21,0.45,1,358,0,15-275446-000-00-HO
2546099,Sunny spot on N. Mississippi Ave.,5074035,1462672239868670753,Rachel,,Boise,45.55228,-122.6758,Entire home/apt,,31,239,2025-11-02,1.70,4,337,5,15-138062-000-00-HO
2559470,"""The Portland Purple House"" 2",5707629,1462541952552930337,Arlene & Jeff,,Roseway,45.55121,-122.59294,Private room,,2,30,2022-11-12,0.21,3,0,0,21-072771-000-00-HO
2569391,Portland-1000sf basement apt./queen,12807678,1462583916653911981,Noel,,Arbor Lodge,45.57134,-122.68781,Entire home/apt,,1,742,2025-09-20,5.24,1,0,14,21-075153-000-00-HO
2575775,"Walk to Se Division from a Sleek, Architect Designed Space",1497891,1462518472069425590,Joe,,Hosford-Abernethy,45.50754,-122.63693,Entire home/apt,,1,420,2025-11-23,4.28,1,210,67,17-237340-000-00-HO
2578371,"Sky Cabin, Modern Loft, Cozy, Clean",1483711,1462547069671850095,Caroline,,Humboldt,45.56066,-122.67662,Entire home/apt,,30,23,2025-10-30,0.16,1,364,5,
2593314,"Guesthouse w/ Private Entry, Close to Alberta",1434990,1462545736766157377,Naomi,,Overlook,45.56039,-122.68515,Entire home/apt,,1,630,2025-07-27,5.15,2,0,5,17-121977-000-00-HO
2637543,Mt. Tabor 1 Bdrm Apt. private comfortable and big,13506616,1462912804386236761,Joel,,Mt. Tabor,45.52276,-122.59806,Entire home/apt,,30,48,2023-03-31,0.51,1,0,0,18-125478-000-00-HO
2660141,"Portland Bungalow, A Happy House",2723562,1462606006902199336,Judy,,Vernon,45.56608,-122.64608,Private room,,2,277,2025-11-10,2.00,1,306,33,19-104707-000-00-HO
2735985,Charming Southeast Portland Private Studio,5445817,1462681032778672309,Laura,,Buckman,45.52169,-122.64762,Entire home/apt,,2,399,2025-11-12,3.95,1,336,38,16-265887-000-00-HO
2838013,Nature Retreat near Sellwood w/ Fireplace and Deck,14518171,1462940474758612945,Jennifer,,Ardenwald-Johnson Creek,45.46226,-122.62886,Entire home/apt,,2,42,2025-11-29,0.30,1,287,10,25ASTR-APP-00181
2919433,"Quiet, Private Apartment Retreat",13267370,1462907340821731352,Keith,,Hillsdale,45.48261,-122.68722,Entire home/apt,,3,312,2025-11-02,2.21,1,310,35,24-013053-000-00-HO
2950282,Portland Cottage with Kitchenette,10873863,1462851612273027485,Roger,,West Portland Park,45.44743,-122.72158,Entire home/apt,,2,687,2025-10-24,4.88,1,287,52,17-138216-000-00-HO
2975954,Apartment in 1911 craftsman home,11551162,1462867407463273324,Lacy,,Sabin,45.55383755928416,-122.65544674909276,Entire home/apt,,30,120,2025-07-31,0.87,1,363,1,
2988721,Urban Charm - NW Pearl/Nob Hill,15239348,1462957587995726199,Andrea,,Northwest District,45.52983,-122.69503,Entire home/apt,,3,155,2025-10-13,1.10,1,334,26,22-207740-000-00-HO
3011519,"Sweet Home/Walk to Bars, Restaurant, Downtown",15346651,1462593747877837127,Patricia Marie,,Buckman,45.5196,-122.64994,Entire home/apt,,2,21,2023-08-26,0.15,2,0,0,20-129172-000-00-HO
3059314,420 Friendly: Tiny House Living with A/C,1243625,1462540621562275798,Michelle,,Cully,45.56161,-122.60821,Entire home/apt,,2,460,2025-11-25,4.05,1,252,51,17-146598-000-00-HO
3075414,Modern 2 Bedroom 2 Bath SE Hawthorne House,2051547,1462585115001256985,Matt,,Sunnyside,45.51248,-122.62083,Entire home/apt,,30,4,2014-07-18,0.03,1,365,0,
3104395,~..++ Sweet N. Portland Loft ++.._~,4333411,1462654001520953108,Mike,,Humboldt,45.56187,-122.66762,Entire home/apt,,30,5,2014-10-27,0.04,1,264,0,
3122190,Studio Apartment PandaCrystalCave,11158071,1462858465414453666,Karri,,Mt. Tabor,45.51569,-122.59269,Entire home/apt,,1,660,2025-11-10,4.77,1,174,49,15-236549-000-00-HO
3133331,"Guest-suite,king bed,near downtown, free-parking",15910930,1462595875476060731,Thanyaluk,,Southwest Hills,45.5079,-122.69002,Entire home/apt,,1,911,2025-11-10,6.51,1,311,60,17-110657-000-00-HO
3147877,Bright & Modern 2bdrm House In Kenton Neighborhood,9260383,1462568781292288701,Wei,,Kenton,45.58557,-122.69488,Entire home/apt,,30,8,2017-11-23,0.06,3,112,0,15-270927-000-00-HO
3186591,Bright and Cozy Home in NE Portland,8637203,1462772517542681486,Justin And Sarah,,Woodlawn,45.57378,-122.65878,Entire home/apt,,2,19,2024-08-04,0.14,1,0,0,17-189144-000-00-HO
3246662,Entire 3rd floor in historic home,3022845,1462615164146794142,Joel,,Northwest District,45.53066,-122.7031,Private room,,30,117,2024-06-30,0.84,2,365,0,15-109580-000-00-HO
3280928,Onsen oasis + Portland's finest at your feet,1213257,1462516627506848298,Dayna,,Concordia,45.56312,-122.63596,Entire home/apt,,1,557,2025-11-14,4.02,8,341,66,24ASTR-PER-00295
3282776,"Comfy room near Alberta, Airport",10438539,1462840680722698792,Michael,,Cully,45.56197,-122.60037,Private room,,1,436,2025-11-28,3.12,2,86,41,24-013545-000-00-HO
3340282,"Modern, quiet, comfortable Suite. Trained dogs ok!",10160131,1462833136957710902,Patricia,,Rose City Park,45.53435,-122.59838,Entire home/apt,,2,212,2025-10-26,1.56,1,268,16,14-249678-000-00-HO
3378558,Modern Corner Unit Condo at 34th and Hawthorne,5462607,1462681428671050732,Joel,,Richmond,45.51067,-122.63064,Entire home/apt,,30,0,,,1,173,0,
3395521,The Cottage. Close-in. Near River/Downtown/MAX,7239911,1462726889526069044,Gibran,,Brooklyn Action Corps,45.49211158502245,-122.648358219535,Entire home/apt,,2,213,2025-11-08,1.93,1,80,30,14-224495-000-00-HO
3431587,Private Studio Mount Tabor/Division,17293984,1462601840757035001,Denise,,South Tabor,45.50174,-122.59021,Entire home/apt,,30,181,2025-10-08,1.30,1,31,3,
3433479,Cozy basement art studio,17264703,1463006047621362804,Robert,,Hosford-Abernethy,45.51117,-122.64579,Entire home/apt,,1,1361,2025-11-29,9.79,2,224,92,19-265911-000-00-HO
3439204,Wooded Getaway w/City Access,11853939,1462874587540919001,Kristin,,Southwest Hills,45.49662,-122.71143,Entire home/apt,,30,503,2024-11-15,3.69,1,0,0,14-232577-000-00-HO
3441025,Updated Woodland Garden Retreat & Spa,6864209,1462717228226621568,Arlene,,South Tabor,45.49888,-122.58735,Entire home/apt,,2,268,2025-11-21,1.93,1,349,26,20-118800-000-00-HO
3448571,Peaceful studio space.,4241752,1462651387044305980,Bayaka,,Rose City Park,45.53612,-122.60432,Entire home/apt,,2,324,2025-10-25,2.57,1,263,38,15-178975-000-00-HO
3476238,Bright and Beautiful One Bedroom Apartment,17509708,1463011847074405151,Armond,,University Park,45.58251,-122.73612,Entire home/apt,,2,65,2024-11-25,1.57,1,0,0,23-113849-000-00-HO
3480082,"Walkable, lively 'hood; pet-friendly and permitted",17530443,1463012311182822266,Jennifer,,Boise,45.54817,-122.67047,Private room,,1,584,2025-11-30,4.20,1,86,54,14-254110-000-00-HO
3498642,"Artsy, Lofty, Open 1BR comfort in Converted Church",4716299,1462536977063159862,Tamara,,Humboldt,45.55757,-122.66546,Entire home/apt,,2,604,2025-11-23,4.35,1,227,41,15-119545-000-00-HO
3562068,Sunrise studio with Mt. Hood view,17934290,1463032346115629540,Kathy,,Homestead,45.49216,-122.6805,Entire home/apt,,2,418,2025-11-29,3.11,1,349,57,24-007830-000-00-HO
3562307,Navajo Suite,17615383,1463014286539230604,Patrick,,Northwest District,45.5329704284668,-122.7051773071289,Private room,,30,278,2025-07-07,2.00,1,365,1,
3604698,"No cleaning fee, Private bath, Free Parking for 4!",9260383,1462568781292288701,Wei,,Kenton,45.58738,-122.69598,Private room,,1,93,2025-08-17,0.68,3,0,8,24ASTR-PER-00138
3617607,"Private studio Casita - walkable, Sellwood, SE PDX",10433870,1462840546174066476,Alysia,,Sellwood-Moreland Improvement League,45.4776,-122.64782,Entire home/apt,,1,87,2025-11-17,0.66,1,124,3,24-024366-000-00-HO
3627515,The Downtowner,7379278,1462730403199865156,Susanne,,Portland Downtown,45.50792,-122.68358,Entire home/apt,,2,427,2025-12-01,3.12,1,337,14,17-112494-000-00-LU
3635579,Gorgeous Art-Filled Craftsman Home,274455,1462510885685470084,Eugenia,,Sullivan's Gulch,45.53204,-122.64758,Entire home/apt,,2,506,2025-11-30,3.65,1,340,43,14-224953-000-00-HO
3646070,Private Garden Studio in great location!,13695963,1462587401588142220,Jason,,Irvington,45.54198,-122.648,Entire home/apt,,30,605,2025-02-28,4.37,4,192,1,
3666651,5BD in the Heart & Soul of Portland,18590525,1463057272989305070,Thomas,,Richmond,45.50935,-122.63333,Entire home/apt,,1,83,2025-07-27,0.60,5,8,6,17-280804-000-00-LU
3667515,Great Space in Heart of Hawthorne,18590525,1463057272989305070,Thomas,,Richmond,45.50917,-122.63595,Private room,,1,724,2025-11-21,5.23,5,245,46,17-280804-000-00-LU
3677614,Cozy Charming Apartment Ladd's/Hawthorne sleeps 4,13351238,1462909231323235084,Jennifer,,Hosford-Abernethy,45.51186,-122.65171,Entire home/apt,,1,805,2025-11-18,5.83,2,256,105,20-124455-000-00-HO
3696524,Purple bedroom in cute artsy Home,2410278,1462524037322196001,Donna,,Boise,45.54935,-122.66253,Private room,,1,108,2025-10-12,0.78,2,43,7,24ASTR-PER-00492
3698451,The Serene Hideaway,18846362,1462607382557763656,Ian N Fam,,Eliot,45.53598,-122.66452,Entire home/apt,,1,475,2025-11-16,3.70,2,161,48,14-250360-000-00-HO
3738840,Private King Studio w/fireplace in great location!,13695963,1462587401588142220,Jason,,Irvington,45.54085,-122.65023,Entire home/apt,,30,572,2024-10-13,4.15,4,118,0,
3755902,"Full Kitchen, Great Location | North Portland Gem",847543,1462531199217301111,Stephani,,Overlook,45.56547,-122.68705,Entire home/apt,,2,455,2025-11-26,3.43,5,358,43,24ASTR-PER-00082
3774635,Cozy for 1 in Portland's Safe Central NE Portland,748943,1462513964732913207,Gabriella,,Beaumont-Wilshire,45.54796150286919,-122.63007201249582,Private room,,1,403,2025-11-07,2.94,3,349,66,20-106961-000-00-HO
3775190,Beautiful house in Portland Heights,2738309,1462526000038093908,Neha,,Southwest Hills,45.50697,-122.69905,Entire home/apt,,30,0,,,1,358,0,
3821966,Humboldt Apartment,19661070,1463087484104501067,Ginger,,Overlook,45.55758,-122.68392,Entire home/apt,,2,20,2025-11-25,4.76,1,74,20,25ASTR-APP-00252
3842427,Woodlawn Retreat,76618979,1466939485738335318,Riika,,Woodlawn,45.5714,-122.64785,Entire home/apt,,1,688,2025-11-10,7.42,1,338,59,24ASTR-PER-00320
3844595,Great Two Bedroom Apt. in Portland!,19817453,1463091758474778445,James,,Portsmouth,45.58493,-122.70797,Entire home/apt,,3,167,2025-10-12,1.31,1,110,20,15-171137-000-00-HO
3875448,Blue FoPo House,19252862,1463072869705232537,Kelly,,Foster-Powell,45.4958,-122.60454,Private room,,7,72,2025-04-22,0.52,1,320,3,24ASTR-PER-00220
3884940,Arbor Lodge Guest Suite,20091250,1463099075418000737,Amanda,,Arbor Lodge,45.57226,-122.68504,Entire home/apt,,2,20,2025-10-18,0.81,1,363,12,24-015241-000-00-HO
3898216,"SE PDX Apt, great location, full kitchen, private!",20180480,1463100997678890697,Martin,,Richmond,45.50307,-122.62072,Entire home/apt,,2,718,2025-11-23,5.23,1,220,58,14-248155-000-00-HO
3898931,Downtown PDX Views- 1B/ 1.5b Condo (dog friendly),4701601,1462663613006911999,Kyla,,Pearl,45.53293,-122.67978,Entire home/apt,,90,26,2025-09-17,0.22,3,237,4,
3899124,Alberta Arts 1 Bedroom Suite,9494168,1462815561163096991,Sue,,Vernon,45.56107,-122.64625,Entire home/apt,,3,114,2025-11-15,0.84,1,348,7,19-234703-000-00-HO
3939886,Beautiful apartment near the heart of Sellwood,8761908,1462786340106004588,Ryan,,Sellwood-Moreland Improvement League,45.46295,-122.64759,Entire home/apt,,2,203,2025-11-29,3.60,1,90,43,22-116922-000-00-HO
4025399,Clinton / Division -the best of SE!,128686,1462510337911322027,Leah,,Hosford-Abernethy,45.50518,-122.64288,Entire home/apt,,2,216,2025-11-25,1.67,1,333,20,15-170026-000-00-HO
4026064,"Custom Studio w/AC , Alberta Arts District",14055038,1462588814443126714,Alexandra Catharine,,Concordia,45.55896,-122.63895,Entire home/apt,,1,1193,2025-11-28,8.73,1,348,94,15-224745-000-00-HO
4041500,Heart of Southeast - Spacious 2 bedroom Craftsman,20955728,1463142867154838245,Cristy,,Richmond,45.50744,-122.62127,Entire home/apt,,2,516,2025-11-02,3.79,1,322,27,24ASTR-APP-00272
4054099,Charming 2-Bedroom Apartment in Reed,21024600,1463144763933745797,Barbara,,Reed,45.48816,-122.62806,Entire home/apt,,3,84,2025-11-14,1.05,1,91,24,15-188860-000-00-HO
4084311,"Convenient, Comfortable and Private",18861712,1463063332927984070,Ilana,,King,45.564092046398784,-122.66287918412279,Private room,,2,309,2025-04-13,2.26,1,186,3,15-200358-000-00-HO
4145092,private one bedroom apartment,7503156,1462733729473813810,Liz,,Alameda,45.54943,-122.64026,Entire home/apt,,30,143,2023-04-20,1.05,1,360,0,
4198752,Live like a local in Laurelhurst—family friendly,13825879,1462587919687443303,Kimberly Sue,,North Tabor,45.52113,-122.61685,Entire home/apt,,2,587,2025-11-28,4.32,1,334,36,15-124123-000-00-HO
4204652,Soothing Studio Among the Trees (1),3867866,1462641417146483842,Maren,,Buckman,45.51278,-122.65087,Entire home/apt,,30,87,2025-10-12,0.65,1,269,4,
4210084,Portland Belmont House—Main Floor,21846830,1463165394384765868,Deborah,,Sunnyside,45.51555,-122.63253,Entire home/apt,,1,252,2025-11-02,1.90,2,345,23,17-121078-000-00-HO
4210881,Portland Belmont House—Eco Studio,21846830,1463165394384765868,Deborah,,Sunnyside,45.51794,-122.63292,Entire home/apt,,1,276,2025-11-30,2.04,2,337,22,17-121078-000-00-HO
4256044,Thoughtfully Detailed & Appointed Guest Suite,748943,1462513964732913207,Gabriella,,Beaumont-Wilshire,45.54749,-122.62853,Entire home/apt,,1,349,2025-10-26,2.59,3,357,59,20-106961-000-00-HO
4257909,"Private Studio, Lofted Bed, Soaking Tub & Patio",22096995,1463171494479496020,Diana Louise,,Sunnyside,45.51741,-122.6204,Entire home/apt,,30,396,2024-07-21,3.09,1,126,0,15-109778-000-00-HO
4263742,Roomy suite with kitchenette,22131920,1463172330180434232,Mary-Margaret & Greg,,Portsmouth,45.58711,-122.71401,Entire home/apt,,2,69,2024-09-03,0.53,1,61,0,23-086576-000-00-HO
4264248,"No Cleaning Fee, Private-bath, Free Parking for 2!",9260383,1462568781292288701,Wei,,Kenton,45.58717,-122.69465,Private room,,1,618,2025-10-26,4.55,3,0,47,15-270927-000-00-HO
4276758,Zen Modern in Historic N Miss. area/ Sanitized!!,20090994,1463099073159430408,Lill,,Humboldt,45.56497,-122.67565,Entire home/apt,,3,82,2025-11-30,0.61,2,229,11,15-147666-000-00-LU
4325619,"Mt Tabor, Lincoln Suites ~ Private and comfortable",22461545,1463180323028480283,Robert,,Mt. Tabor,45.50857,-122.60111,Entire home/apt,,1,453,2025-11-29,3.58,1,261,82,20-142196-000-00-HO
4333005,Cozy Room in Vintage Belmont Home,9624551,1462819032493795122,Cheryl,,Sunnyside,45.51495,-122.63221,Private room,,10,89,2025-10-28,0.66,2,365,2,24ASTR-PER-00078
4341988,Bright Hawthorne Cottage Available,22541617,1463182329896932203,Cynthia,,Richmond,45.50896,-122.63088,Entire home/apt,,30,194,2024-07-10,1.54,1,365,0,
4372088,Portland Perfection,4099316,1462647370659021939,Traci,,Sellwood-Moreland Improvement League,45.46839,-122.65457,Entire home/apt,,3,106,2025-09-30,0.78,1,179,9,15-109767-000-00-HO
4412762,"Clean, cozy ""mother-in-law"" apt. in newer home!",22906371,1463191341817295640,Ben,,Kenton,45.57983,-122.68648,Entire home/apt,,30,237,2022-09-24,1.78,1,0,0,
4436750,Cozy Close-In NE Cottage,23029142,1463194410545524394,Alison,,King,45.55486,-122.66086,Entire home/apt,,30,251,2025-11-29,1.86,1,270,3,17-183418-000-00-HO
4440990,Multnomah Village Studio,23051392,1465267944344955390,Nicholas Grant,,Multnomah,45.46628,-122.71092,Entire home/apt,,2,374,2025-11-29,2.81,1,327,39,17-143648-000-00-HO
4457868,Modern Garden Studio Self Check & Private Entrance,3022438,1462615156764109672,Erin,,Richmond,45.50583,-122.61383,Entire home/apt,,2,825,2025-11-25,6.12,1,28,88,23-059660-000-00-HO
4469025,Cozy bedroom in N. Portland ranch,2623945,1462603093778067991,Jeff,,Portsmouth,45.58538,-122.72375,Private room,,30,102,2023-10-09,0.76,1,87,0,
4483736,"Cozy, bright, spacious studio house",17225282,1463005034345825561,Jay,,Arbor Lodge,45.57474,-122.68913,Entire home/apt,,30,12,2019-07-17,0.09,1,364,0,
4491259,"Bright Mississippi AC MAX 2 Dwntwn Portland, OR",477663,1462519387805018078,Joelle,,Overlook,45.55214,-122.67943,Entire home/apt,,31,74,2025-11-16,0.56,4,225,5,
4493001,Mad Court House - Private Apartment,22904946,1463191325208226022,Sibyl,,Sylvan-Highlands,45.51292,-122.73847,Entire home/apt,,2,102,2025-09-28,0.77,1,174,11,14-250014-000-00-HO
4494541,Modern Home - KING BED - 15 Minutes to Everything,4702598,1462663629129018931,Loretta,,Hazelwood,45.50649,-122.55702,Entire home/apt,,1,47,2025-07-01,0.35,3,269,2,16-122179-000-00-LU
4512280,"1,615 Great Reviews: Heart of Sellwood",8474325,1462565248644327926,Kristin,,Sellwood-Moreland Improvement League,45.46589,-122.65358,Private room,,1,413,2025-11-16,3.06,4,66,64,17-224630-000-00-HO
4519533,Upstairs BR in Vintage Belmont Home,9624551,1462819032493795122,Cheryl,,Sunnyside,45.51493,-122.63408,Private room,,14,93,2025-11-29,0.69,2,365,2,24ASTR-PER-00078
4536608,"Historic Hafner Haus, British Style Bed+Breakfast",8207605,1462564255609677282,Sharon,,Portland Downtown,45.51527,-122.68647,Private room,,30,52,2024-06-26,0.42,13,143,0,Exempt
4558343,Moving to Portland Central,8530650,1462565493295150591,Virginia,,Hillsdale,45.48306,-122.68612,Entire home/apt,,30,135,2024-11-05,1.04,1,179,0,
4559235,Great Reviews! Heart of Sellwood,8474325,1462565248644327926,Kristin,,Sellwood-Moreland Improvement League,45.46636,-122.65195,Private room,,1,503,2025-11-17,3.74,4,259,44,17-224630-000-00-HO
4572931,St. Johns Farmhouse,21691680,1463161615703572858,Lori,,Cathedral Park,45.58494,-122.74654,Private room,,2,199,2025-10-24,1.48,1,78,26,15-218864-000-00-HO
4606242,SE MidCentury Artist Retreat,8140782,1462750164858747387,Christopher Jon,,Sunnyside,45.517526878886024,-122.6361269756842,Entire home/apt,,3,106,2025-07-28,0.79,1,6,2,20-113777-000-00-HO
4615243,1900+ Great Reviews Can't Be Wrong!,8474325,1462565248644327926,Kristin,,Sellwood-Moreland Improvement League,45.46551,-122.65134,Private room,,1,37,2025-11-14,0.28,4,80,1,17-224630-000-00-HO
4623759,Serene Alberta Arts Garden Casita.,15693905,1462968378989908059,Susan,,Vernon,45.5593,-122.64603,Entire home/apt,,2,208,2025-11-30,1.72,1,170,12,20-109291-000-00-HO
4623988,"Ate my way through Portland, Oregon",9032075,1462793219189098764,Ben,,Eliot,45.53926,-122.66074,Entire home/apt,,30,485,2024-09-05,3.66,1,38,0,15-233390-000-00-HO
4624844,"Private room, entrance + bath-Historic Hafner Haus",8207605,1462564255609677282,Sharon,,Portland Downtown,45.51668,-122.68769,Entire home/apt,,30,81,2024-05-07,0.60,13,365,0,Exempt
4638242,Belmont Dairy - Portlandia Central,23159593,1465269450134482249,Annie,,Sunnyside,45.51585,-122.627,Private room,,30,14,2017-10-10,0.11,1,0,0,
4644858,Central Historic NE Portland - Irvington Suite,2200022,1462522816053926415,Ted,,Irvington,45.53994,-122.65787,Entire home/apt,,2,888,2025-12-02,6.74,1,238,101,14-248515-000-00-HO
4648534,The perfect spot!,24064951,1465282600551096785,Kristen,,Sellwood-Moreland Improvement League,45.46287,-122.65442,Entire home/apt,,30,16,2025-07-13,0.23,1,200,3,
4742398,"Cozy/quiet house, walkable to all things great!",24465004,1465304294343827121,Greggory John,,Woodlawn,45.56914,-122.65323,Entire home/apt,,2,370,2025-11-09,2.94,1,292,32,15-276574-000-00-HO
4787390,Terry Street Retreat - Kenton Studio near MAX,1007790,1462535640643346437,Emily Jean,,Kenton,45.58071,-122.68322,Entire home/apt,,60,148,2025-11-09,1.12,1,121,2,15-126200-000-00-HO
4794805,Cozy charming room quiet neighborhood.,14802436,1462947246604078987,Kristi,,Rose City Park,45.54337,-122.60031,Private room,,2,112,2025-09-30,2.74,2,254,11,22-183926-000-00-HO
4795239,Exquisite Historic Suite- uptown,24711856,1465313280769425995,Vicki,,Southwest Hills,45.50761,-122.69855,Private room,,1,443,2025-11-25,3.39,1,331,58,14-216735-000-00-HO
4862779,Buckman Garden Suite,4817279,1462666050922785557,Susannah,,Buckman,45.52235,-122.65012,Entire home/apt,,1,320,2025-11-08,2.42,1,262,21,15-109708-000-00-HO
4863271,Private guest suite in central Brooklyn,25016067,1462631783265270765,Rebecca Grace,,Brooklyn Action Corps,45.49752,-122.65793,Private room,,2,229,2025-11-10,1.79,1,12,21,15-146383-000-00-HO
4896417,IRVINGTON urban RETREAT,25199346,1465337866869179965,Jamie,,Irvington,45.54233,-122.65685,Entire home/apt,,2,117,2025-10-12,0.89,1,81,8,25ASTR-APP-00153
4907548,Sellwood Luxury Studio Home,25267321,1465338998848002301,Jennifer,,Sellwood-Moreland Improvement League,45.45962,-122.6544,Entire home/apt,,2,244,2025-10-05,1.83,1,327,21,15-121015-000-00-HO
4914388,"Artful studio, Ladd's Addition, PDX",25307230,1462632991270520443,Mia,,Hosford-Abernethy,45.50479,-122.65127,Entire home/apt,,1,442,2025-11-28,3.39,1,128,44,17-156225-000-00-HO
4921212,North Tabor Charming and Restful,25347302,1465340620915719439,Chayo,,North Tabor,45.52614,-122.59658,Private room,,2,66,2025-12-02,0.50,1,65,13,20-109400-000-00-HO
4923100,"New Cozy Basement Suite, Private Entry, Hawthorne",25357111,1465340752251875356,Jennifer,,Mt. Tabor,45.5114,-122.60498,Entire home/apt,,1,870,2025-11-16,6.81,1,337,68,16-140611-000-00-HO
4935985,"Beautiful, Meditative House",7389792,1462560656094974498,Carolyn,,Boise,45.55022,-122.67132,Entire home/apt,,1,645,2025-11-19,4.86,1,15,88,15-146961-000-00-HO
4958064,"Portland, OR steps to Oregon Health and Sciences U",375683,1462511481989717981,Luisa,,Homestead,45.49694,-122.68854,Entire home/apt,,30,171,2025-11-22,1.33,2,159,3,
4963976,Handbuilt Alberta Arts Cottage,15103041,1462592812091832320,James,,Concordia,45.55716030353737,-122.63480357971446,Entire home/apt,,2,840,2025-11-29,6.53,1,237,95,16-148026-000-00-HO
4975966,Cozy SE Portland Apartment,4497071,1462659017039353230,Veronica,,Woodstock,45.4855,-122.61527,Entire home/apt,,1,194,2020-03-08,1.58,1,0,0,15-219725-000-00-HO
4976216,Four Seasons Room,3330970,1462529336276410966,Kunal,,Concordia,45.56905,-122.62515,Private room,,1,66,2025-08-23,0.54,1,35,11,24-010666-000-00-HO
5012460,Cozy 2 Bdrm In Popular SE Hawthorne,23400410,1465272798778963533,Bryan,,Sunnyside,45.51395,-122.62442,Entire home/apt,,31,189,2025-10-15,1.43,4,243,6,19-198980-000-00-HO
5041164,The Green Door Garden Cottage,25897935,1465351982306431453,Sarah,,Concordia,45.56938,-122.62927,Entire home/apt,,2,381,2025-11-30,2.90,1,208,22,14-251208-000-00-HO
5051347,Inner SE Div/Clinton Modern/Private 5-Star APT,26081771,1462636029129746391,Chuck And Annika,,Richmond,45.50392,-122.63253,Entire home/apt,,2,680,2022-10-16,5.15,1,0,0,15-112115-000-00-HO
5103651,Graham Street Garden Suite,21379161,1463153731349403987,Jeff,,Eliot,45.54383,-122.6646,Entire home/apt,,2,134,2025-11-21,1.07,1,71,18,14-247427-000-00-HO
5127548,Sweet Suite in Alberta Neighborhood,7630516,1462737098023284533,Linda,,King,45.56101,-122.66292,Entire home/apt,,1,535,2025-11-14,4.25,1,243,51,15-172757-000-00-HO
5159896,Charming Four Square.   Pet friendly.,4611659,1462661510895615655,Art,,Sunnyside,45.5181,-122.6319,Entire home/apt,,5,18,2024-07-26,0.20,2,143,0,14-214866-000-00-HO
5159912,"Fenced yard, covered patio, and pet friendly",4611659,1462661510895615655,Art,,Sunnyside,45.5181,-122.6319,Entire home/apt,,1,285,2025-11-16,2.39,2,329,28,14-214866-000-00-HO
5185383,Casa Mágica  / Walk Score 93!,26822355,1462638777333301546,Todd,,Richmond,45.51024,-122.62256,Entire home/apt,,1,468,2025-11-18,3.96,5,3,57,17-221635-000-00-LU
5205479,❤ Vintage Jewel in Historic Mississippi!,26929359,1462639187783176161,Edward,,Boise,45.5483,-122.67164,Entire home/apt,,30,120,2021-10-01,0.91,2,0,0,
5221169,Alberta hideaway,16217416,1462981311406144635,Kristi,,Sabin,45.55627,-122.64373,Entire home/apt,,2,87,2025-11-09,0.66,1,138,12,20-112420-000-00-HO
5267715,Portland Farmhouse with Character,2011503,1462584121517007697,Joshua,,Ardenwald-Johnson Creek,45.46331,-122.62667,Entire home/apt,,30,6,2025-01-15,0.05,1,117,1,
5269402,Private Garden Suite for 1 or 2 Guests.,7358871,1462729868770703252,Michael,,Woodlawn,45.56943,-122.65643,Entire home/apt,,1,762,2025-11-07,7.08,2,332,71,24-026333-000-00-HO
5294566,Sunny  Digs-Walk to HIP Montavilla-Mt Hood view!,27071792,1465399372985295064,Lorn,,Mt. Tabor,45.51307,-122.58795,Private room,,730,569,2019-12-08,4.32,3,269,0,17-126261-000-00-HO
5309890,"""The Getaway"" modern cottage SE Portland Division",27506814,1465405912902996892,Lilly,,Hosford-Abernethy,45.50359,-122.64289,Entire home/apt,,2,270,2025-11-16,2.07,1,343,24,15-148828-000-00-HO
5362928,"Charming Kerns Apt - Times Out ""Best Neighborhood""",3041678,1462616073143353794,Cora,,Buckman,45.52214,-122.63847,Entire home/apt,,1,551,2025-11-09,4.20,2,246,27,19-267171-000-00-HO
5393534,Beautiful Treetop Loft,27956806,1465412637245860124,Mary Beth,,Kerns,45.52625,-122.63636,Entire home/apt,,2,533,2025-11-16,4.08,1,335,44,15-185837-000-00-HO
5404297,En Suite Room in Lovely Neighborhood,14406551,1462937939096441970,Diane,,Concordia,45.56845,-122.64105,Private room,,2,226,2025-10-25,1.72,1,163,9,25ASTR-PER-00254
5404942,Updated Mid Century Modern Close-In,28017147,1465413850803298164,Stephanie,,Hillsdale,45.47624,-122.6881,Entire home/apt,,30,11,2022-08-27,0.09,1,364,0,
5434216,Downtown  Nest,28190369,1465416307039313442,Peter Edward,,Portland Downtown,45.51106,-122.67838,Entire home/apt,,30,39,2025-11-19,0.31,1,363,4,
5477710,Rose Garden Room! Amazing Location!,22375978,1463178285585620670,Jeffrey,,Arlington Heights,45.52113,-122.70881,Private room,,1,683,2025-11-30,5.25,2,361,64,24ASTR-PER-00009
5536388,"Pearl District Condo | Quiet, clean, contemporary",22576469,1463183166034496658,Joshua And Renee,,Pearl,45.53353,-122.68159,Entire home/apt,,31,26,2025-09-18,0.26,2,236,1,
5551409,The Artist's Retreat in NW Portland,110543,1462509817753787095,Stacey,,Northwest District,45.53614,-122.71085,Entire home/apt,,30,39,2016-04-25,0.30,1,79,0,
5589595,Cozy 1Br apt. beautiful park view,2783582,1462608224534919519,Oceana,,Portsmouth,45.58124,-122.71235,Entire home/apt,,3,431,2025-11-11,3.30,1,332,37,19-137168-000-00-HO
5604467,The Perch - Relax in style/Walkable Location!,6416589,1462705894397411632,Adam John,,Boise,45.55406,-122.67662,Entire home/apt,,1,1193,2025-11-22,9.14,6,353,116,14-226769-000-00-HO
5607847,The East Wing,11358484,1462863011474231054,Rachel,,Mt. Tabor,45.51627568649434,-122.60418478399515,Entire home/apt,,2,37,2024-09-12,1.46,1,0,0,24-007715-000-00-HO
5619130,2B/ 2b + Office Space - Heart of Belmont,4701601,1462663613006911999,Kyla,,Sunnyside,45.51684,-122.63291,Entire home/apt,,30,41,2025-07-19,0.33,3,65,5,
5630762,Charming SW     Artist's Retreat,19711951,1462610423014070481,Peggy,,South Burlingame,45.4638,-122.68952,Entire home/apt,,14,192,2025-10-24,1.48,1,348,13,24-013267-000-00-HO
5632832,Airy and Light filled 1 Bd in a newer Home,3519870,1462631518012421365,Steve,,Sabin,45.5498,-122.65159,Private room,,30,54,2023-07-06,0.42,2,268,0,
5641892,Forest Park Room! Spacious and Comfortable!,22375978,1463178285585620670,Jeffrey,,Arlington Heights,45.52309,-122.70864,Entire home/apt,,1,621,2025-11-29,4.77,2,358,55,24ASTR-PER-00009
5762158,Cozy Nest in the Heart of Portland,26905222,1462639099205958015,Ines,,Goose Hollow,45.52071,-122.68734,Entire home/apt,,30,15,2024-09-26,0.12,1,183,0,
5820909,Light & bright-Close to EVERYTHING!,17783032,1463028882460239929,Sara,,Overlook,45.55781,-122.68059,Entire home/apt,,7,250,2025-11-06,1.94,2,149,14,15-204788-000-00-HO
5882940,"*Amazing Guest Suite - by river, OHSU, river trail",30549717,1465449564546898374,Raquel,,South Portland,45.48604,-122.67867,Entire home/apt,,30,45,2025-10-01,0.36,2,351,2,
5912939,Lyle Room @ 1234 HOUSE in SE PDX,30708290,1462652510742823450,Evan,,Buckman,45.51307,-122.6462,Private room,,1,425,2025-10-25,3.36,5,236,39,14-119074-000-00-LU
5914549,Close in - Southeast Belmont/Hawthorne Home,24909901,1465323962315734579,Wendy,,Sunnyside,45.51917,-122.62782,Entire home/apt,,30,0,,,1,89,0,
5960729,Powell Butte Nature Retreat Apt,421792,1462511731612447817,Jesse,,Powellhurst-Gilbert,45.48903,-122.51854,Entire home/apt,,31,35,2025-10-01,0.27,3,166,1,
5964484,Private room with shared bath,3022845,1462615164146794142,Joel,,Northwest District,45.53027,-122.70493,Private room,,30,36,2024-09-30,0.28,2,89,0,15-109580-000-00-HO
5979427,Private Apt. Comfy & Clean in a Great neighborhood,31042891,1465456888157133535,Darlene & Dan,,Montavilla,45.52579,-122.59055,Entire home/apt,,2,173,2025-09-08,1.34,1,345,6,15-182854-000-00-HO
5988930,Upscale 1 bdrm /Apart/ SW Hills- Util incl.,31093263,1465457594199500965,Edward Richard,,Southwest Hills,45.499610900878906,-122.71192932128906,Entire home/apt,,31,43,2023-06-01,0.33,1,152,0,
6132497,Charming! Great location!,31813936,1462656407984487108,Carol,,Northwest District,45.53245,-122.70705,Entire home/apt,,3,560,2025-11-29,4.37,2,248,30,15-242249-000-00-HO
6165708,Your Portland Bungalow Apartment,4635967,1462662104866401688,Jesse,,Piedmont,45.57596,-122.67135,Entire home/apt,,2,676,2025-12-02,5.31,1,67,64,15-152757-000-00-HO
6210573,Modern apartment at a fantastic location,851489,1462531307175433373,Jingzi,,Kerns,45.52502,-122.63904,Entire home/apt,,3,141,2025-11-10,1.10,1,315,10,16-118319-000-00-HO
6255911,Private Mt. Tabor Guest Quarters,30384117,1465447010022530230,Bryce,,Mt. Tabor,45.5061534,-122.607831,Entire home/apt,,2,157,2025-12-01,4.43,1,322,43,24-001041-000-00-HO
6262850,Quite Upstairs Studio in NE PDX.,9681458,1462820521342259319,Kim And Carl,,Rose City Park,45.53396,-122.61039,Entire home/apt,,3,357,2023-05-23,2.78,1,0,0,17-140034-000-00-HO
6277852,2+ Bedroom Urban Home in SE Portland,2519473,1462597338902652025,Andrew,,Mt. Scott-Arleta,45.47964,-122.58028,Entire home/apt,,2,23,2022-03-22,0.22,1,0,0,17-184420-000-00-HO
6287392,Waterfront condo in SW Portland,19632445,1463085830052671639,Donna,,South Portland,45.48583,-122.6729,Entire home/apt,,30,6,2018-12-26,0.05,1,87,0,
6290791,Spacious Sellwood 2 bedroom Suite,21134004,1463147495325251886,Deborah,,Sellwood-Moreland Improvement League,45.46558,-122.65133,Entire home/apt,,2,426,2025-11-29,3.32,1,342,45,15-175356-000-00-HO
6293687,The Oasis in the City,18846362,1462607382557763656,Ian N Fam,,Eliot,45.53614,-122.66575,Entire home/apt,,1,318,2024-12-18,2.53,2,0,3,14-250360-000-00-HO
6346680,"Room in lovely home, near airport.",33056989,1465484110044913692,Franz And Teresa,,Argay,45.5482,-122.52523,Private room,,30,32,2023-05-01,0.25,1,363,0,
6364401,Modern Cozy Home - Pet Friendly - Walkscore90+,32509067,1465477077633725993,Kun,,King,45.55518787676244,-122.65971725317026,Entire home/apt,,30,99,2025-11-18,3.18,1,121,25,25ASTR-APP-00015
6376373,Waterfront Pearl District Condo w/ Bridge Views,5744484,1462688377638379161,Lisa And Bill,,Old Town/Chinatown,45.5281,-122.67391,Entire home/apt,,30,4,2025-10-04,0.10,1,278,2,
6389334,Lady Bluebird Converted Bus in NoPo,650158,1462513279963281926,Amy,,Piedmont,45.56734,-122.66548,Entire home/apt,,31,614,2025-07-31,4.81,1,87,1,
6389996,La Petite- BRAND NEW!,1825887,1462520613367166471,Danielle,,Richmond,45.50823,-122.61571,Entire home/apt,,2,161,2025-11-12,1.25,2,282,63,24-012243-000-00-HO
6402773,The Hawthorne Hideaway,16113117,1462978774804974203,Kristen,,Buckman,45.51296,-122.65083,Entire home/apt,,2,369,2025-11-30,2.88,1,340,42,20-110440-000-00-HO
6426141,Cozy Room (with Bicycles!),347470,1462511333602651364,Daniel And Tori,,Cully,45.56605,-122.61166,Private room,,30,225,2021-09-08,1.76,1,241,0,
6506905,"Lola house, Historic Irvington, California King",26263678,1465360312872602597,Adrienne,,Irvington,45.54355,-122.65184,Private room,,30,78,2023-07-31,0.63,1,365,0,
6545849,"Plum Room, Hummingbird Farm",14954072,1462950765976321363,Inge,,Kerns,45.52728,-122.6326,Private room,,1,283,2025-11-13,2.22,1,33,36,24ASTR-APP-00363
6555772,"Spacious - Free Parking, walk to food, crib",34286584,1462664822377588911,Kristy,,Foster-Powell,45.49306,-122.59395,Entire home/apt,,4,117,2025-10-12,0.94,3,157,18,17-170198-000-00-LU
6560720,Portland’s “fake fall” is cool and comfortable.,3440675,1462529939310956604,Juliet,,Northwest District,45.52932,-122.69905,Entire home/apt,,30,397,2024-08-21,3.12,1,337,0,17-156005-000-00-HO
6599733,NE Portland Beauty,6621463,1462711084564512256,Rachael,,Roseway,45.55427,-122.58738,Entire home/apt,,6,33,2025-06-30,0.26,1,152,1,24-010985-000-00-HO
6609741,Private Studio Right Off Hawthorne!,2711731,1462605601211511243,Melissa,,Richmond,45.5118,-122.62902,Entire home/apt,,2,309,2025-11-02,2.57,1,22,19,15-266541-000-00-HO
6712131,Magnolia House: sunny and bright,4256569,1462534511170275150,Carie,,Laurelhurst,45.5329,-122.62925,Entire home/apt,,3,89,2025-01-06,0.71,4,0,3,17-268544-000-00-LU
6731334,"Chic Mississippi District -Fresh, Bright & Modern",1150082,1462538309747426683,Michelle,,Humboldt,45.55704,-122.67591,Entire home/apt,,1,82,2025-11-16,0.65,6,300,11,90949
6777992,"Cozy, Creative & Spacious! Historic Portland Home",35482861,1465524262169252416,Hunter,,Irvington,45.53685,-122.65791,Entire home/apt,,2,283,2025-10-13,2.23,2,319,14,24ASTR-APP-00089
6799955,Historic Private One Bedroom Condo,35596135,1465525908369854595,Anisha,,Goose Hollow,45.52261,-122.69453,Entire home/apt,,30,15,2017-06-01,0.12,1,186,0,
6811607,LUX Lava Lounge - Roomy & Groovy NOPO Pad,1495776,1462547370390734924,Stacy,,Kenton,45.58245,-122.6827,Entire home/apt,,30,1,2015-07-25,0.01,1,365,0,
6820353,Portlandia Pad,35716158,1465527593620236786,Sarah,,Buckman,45.51464,-122.6474,Entire home/apt,,2,345,2025-10-18,2.71,1,165,18,16-278257-000-00-HO
6836688,Sweet Garden Perch! Ideal Spot.,6744152,1462547070697946793,Jennifer Martin,,Hosford-Abernethy,45.5003,-122.64118,Entire home/apt,,2,436,2025-11-17,3.45,1,246,37,24ASTR-APP-00307
6967714,Stunning Home In Trendy Mississippi District,1150082,1462538309747426683,Michelle,,Humboldt,45.55678,-122.67609,Entire home/apt,,1,105,2025-11-28,0.83,6,276,16,91818
6974214,Stunning SE 1920's Craftsman near Kenilworth Park,13818089,1462587893519274556,Holly,,Creston-Kenilworth,45.49267,-122.6311,Entire home/apt,,3,310,2025-11-18,2.65,2,191,42,19-164570-000-00-HO
6976600,Granny Flat in leafy SW Portland,31117446,1465457913992129312,Clare And Mike,,Far Southwest,45.44134,-122.73529,Entire home/apt,,1,892,2025-11-26,8.17,1,363,80,16-186909-000-00-HO
6990644,"Modern & Private 1 Bedroom in Inner
NE Portland",14933969,1462950263280610696,Angela,,Eliot,45.54295,-122.66003,Entire home/apt,,3,390,2024-01-14,3.07,1,72,0,15-238623-000-00-HO
6991450,Gorgeous craftsman in Sellwood!,15850938,1462972249132807004,Dave,,Sellwood-Moreland Improvement League,45.46553,-122.65706,Entire home/apt,,30,13,2017-07-18,0.10,1,0,0,
6992895,The Kinley Manor Guest House,4203145,1462534200980799093,Rupert Kinnard,,Irvington,45.53641,-122.657,Entire home/apt,,28,274,2024-11-01,2.16,2,125,0,07-181886-000-00-LU
7039107,"Sunny, Private, Elegant---Pet Friendly",36909902,1465549795075315166,Jennifer,,Piedmont,45.57731,-122.67427,Entire home/apt,,30,1,2015-08-28,0.01,5,304,0,
7068422,The Garden House,37060525,1465551968106224833,Mari,,Mt. Tabor,45.517,-122.61164,Entire home/apt,,1,568,2025-11-10,4.47,1,278,26,20-111177-000-00-HO
7072485,Modern Treehouse in Historic Spanish Turret House,373733,1462511471891768055,Alexander,,Irvington,45.53876,-122.64476,Entire home/apt,,1,443,2025-11-17,3.50,3,161,58,17-174547-000-00-HO
7074345,Spacious Modern home in Mississippi Neighborhood,3220022,1462623064989166554,Julie,,Boise,45.55056,-122.67519,Entire home/apt,,30,45,2025-07-31,0.43,4,269,1,17-178612-000-00-HO
7092722,"Casita Sarita, Your Urban Escape! NO Cleaning Fee!",13322905,1462908574989491482,Sarah,,Hosford-Abernethy,45.50624,-122.65393,Entire home/apt,,1,943,2025-11-16,7.43,1,324,123,24ASTR-PER-00114
7150826,Willamette Heights Apartment,10354567,1462838349572684519,Paula,,Northwest District,45.53439,-122.7169,Entire home/apt,,30,88,2025-07-15,0.71,2,146,1,
7173741,"Multnomah Gem - beautiful, pampering, mins to dntn",37575586,1465562683370332908,Elie,,Multnomah,45.47175,-122.70289,Entire home/apt,,1,523,2025-11-26,4.13,2,350,35,18-112769-000-00-HO
7202320,The Rabbit Hole - A Downstairs Guest Suite,37410089,1465559883549660293,Tricia,,Hosford-Abernethy,45.50439,-122.65291,Entire home/apt,,1,590,2025-11-12,4.66,1,294,58,24-009352-000-00-HO
7207295,Scandinavian-modern private studio,1312929,1462542519019922980,Kara,,Roseway,45.55378,-122.59778,Entire home/apt,,2,213,2025-11-01,1.73,1,211,9,16-127127-000-00-HO
7224016,Purple House PDX- HUGE SW Apt. 10-15 min to town,5401489,1462540428794752082,Rachel,,West Portland Park,45.44312,-122.7263,Entire home/apt,,1,273,2025-11-10,2.35,1,168,22,16-157256-000-00-HO
7225293,Morel Room @ 1234 HOUSE in SE PDX,30708290,1462652510742823450,Evan,,Buckman,45.51516,-122.64451,Private room,,1,469,2025-11-19,3.71,5,232,41,14-119074-000-00-LU
7228938,Mill Room @ 1234 HOUSE in SE PDX,30708290,1462652510742823450,Evan,,Buckman,45.51336,-122.64436,Private room,,1,393,2025-11-18,3.11,5,252,41,14-119074-000-00-LU
7231930,Cornur Room @ 1234 HOUSE in SE PDX,30708290,1462652510742823450,Evan,,Buckman,45.51302,-122.64578,Private room,,1,398,2025-11-17,3.14,5,263,26,14-119074-000-00-LU
7245156,Division/Hawthorne Getaway,1825887,1462520613367166471,Danielle,,Richmond,45.50722,-122.61292,Entire home/apt,,5,584,2024-07-09,4.62,2,30,0,24-012243-000-00-HO
7246397,Renovated Alberta Arts Sun-Filled Tiny House,12923876,1462898814973801551,Lee,,Sabin,45.55614,-122.65138,Entire home/apt,,1,931,2025-11-12,7.39,1,4,91,17-177855-000-00-HO
7272984,The Black House Studio Unit #8 (North Portland),38007422,1465568734541060982,Angela,,Overlook,45.55691599481316,-122.68331714092297,Entire home/apt,,2,96,2025-11-13,3.08,2,243,29,23-023979-000-00-HO
7279243,Charming Studio in SE PDX,38113379,1465570409951239636,Kurt,,Hosford-Abernethy,45.50672,-122.64052,Entire home/apt,,3,606,2025-11-30,4.93,1,43,48,15-269401-000-00-HO
7292504,"Saratoga Sweetness: cozy, quiet with private bath.",36446072,1462672024195960448,Pamela,,Arbor Lodge,45.57253,-122.68793,Private room,,2,268,2025-11-10,2.13,1,297,15,15-201827-000-00-HO
7306750,Artist haven/historic Laurelhurst,22112041,1463171823689349900,Dona,,Laurelhurst,45.52052,-122.61919,Entire home/apt,,2,124,2025-10-28,0.99,2,363,12,20-124177-000-00-HO
7320844,The Cedar Cottage,2135653,1462587283063340366,John,,Mt. Tabor,45.50843,-122.60755,Entire home/apt,,2,908,2025-11-25,7.26,1,250,56,15-196371-000-00-HO
7330215,Travel nurse friendly Portland Nice Condo,23955222,1465281040979492477,Jodi,,Hillsdale,45.4747,-122.69736,Entire home/apt,,30,19,2018-07-20,0.16,1,364,0,
7383236,Charming 2nd floor Studio on gorgeous street,13695963,1462587401588142220,Jason,,Irvington,45.54245,-122.64835,Private room,,30,113,2025-10-31,0.90,4,49,4,
7402080,Close-in North Portland Home,2023949,1462521732819455456,Anna,,Arbor Lodge,45.56972050568589,-122.69102318001512,Entire home/apt,,30,415,2025-11-28,3.31,1,262,1,21-075155-000-00-HO
7402676,Retreat on Mt Tabor,8179306,1462751161274531269,Karen,,Mt. Tabor,45.50982,-122.5908,Entire home/apt,,30,31,2024-10-10,0.25,1,0,0,
7452129,New 1bd/1 BA Across from Park,39028080,1465582955398343297,Geoff,,Sellwood-Moreland Improvement League,45.46937,-122.65826,Entire home/apt,,3,98,2025-11-15,0.78,1,260,29,19-224945-000-00-HO
7460017,Cozy Safe SW Garden Cottage Parking W/D WiFi TV,20936922,1463142390938727946,Alexandra,,Collins View,45.45961,-122.68384,Entire home/apt,,2,90,2025-11-25,0.79,1,359,12,16-225343-000-00-HO
7486149,NoPo Boho,13531661,1462913451120080154,Meredith,,Overlook,45.56585,-122.69599,Private room,,2,251,2025-11-23,2.14,1,240,6,25ASTR-APP-00327
7547444,Near Oregon Convention Center,1770933,1462520254736947765,Anastasia,,Sullivan's Gulch,45.53368,-122.64487,Private room,,30,284,2025-10-04,2.25,1,364,1,
7616616,Modern Rustic Zen  SE Studio Loft,23836921,1465279311031514357,Jennifer,,Brentwood-Darlington,45.46686,-122.59751,Entire home/apt,,30,69,2025-10-10,0.55,1,269,3,
7620997,"Bright, Spacious Heart of Portland",18590525,1463057272989305070,Thomas,,Richmond,45.51113591846699,-122.63356607310152,Private room,,1,715,2025-11-24,5.68,5,235,59,17-280804-000-00-LU
7644915,Lovely Northeast Portland Oasis,19538819,1463080734004774187,Louise,,Grant Park,45.53756,-122.63737,Entire home/apt,,5,112,2025-11-07,0.92,1,303,10,15-242959-000-00-ho
7650094,99 Walk Score | NW Home for Long-Term Stays,1197719,1462516515915162661,Nora,,Northwest District,45.52446,-122.68876,Entire home/apt,,30,17,2025-08-11,0.17,1,336,3,
7676079,5428 B - Interstate Max Line Monthly,770134,1462528848820114132,Jeff,,Overlook,45.56136,-122.68032,Entire home/apt,,30,22,2025-10-02,0.22,2,284,3,
7678990,Yellow Door / Nob Hill / Onsite Parking,33149703,1462660906707328038,Beau,,Northwest District,45.52721,-122.69902,Entire home/apt,,3,377,2025-11-30,3.05,1,340,24,17-150196-000-00-HO
7701258,Charming 1922 Restaurant Row Bungalow Home,40454925,1465602912477148674,Jack,,Kerns,45.52479,-122.63934,Entire home/apt,,2,258,2025-10-27,2.23,1,261,13,17-102605-000-00-HO
7729130,Magic Barn  / Walk Score 93!,26822355,1462638777333301546,Todd,,Richmond,45.5095,-122.62219,Entire home/apt,,1,1154,2025-11-04,9.20,5,337,76,17-221635-000-00-LU
7764019,Private Bedroom Studio with Kitchenette,40829795,1465607875462070577,Colleen,,Beaumont-Wilshire,45.54499816894531,-122.61543273925781,Private room,,30,187,2025-08-29,1.49,3,338,10,23-112953-000-00-HO
7769491,Minimalist Basement Unit in Historic Irvington,4112255,1462533662934764291,Kyle,,Irvington,45.53954,-122.65502,Entire home/apt,,2,88,2025-11-04,1.78,1,85,16,22-116515-000-00-HO
7790853,Charming craftsman blocks from Univ,13938342,1462926749565035016,Erin,,University Park,45.58356,-122.72838,Entire home/apt,,2,135,2025-08-23,1.08,1,355,9,24-017766-000-00-HO
7837939,Close To Everything-Private Apt.,344295,1462516205152620135,Kim & Richard,,Irvington,45.53778,-122.65428,Entire home/apt,,30,448,2024-11-11,3.60,1,0,0,15-219633-000-00-HO
7885712,Hawthorne Wisteria Retreat,41571033,1465617811247748386,Sari,,Hosford-Abernethy,45.50856,-122.64083,Entire home/apt,,1,732,2025-11-26,5.90,1,250,123,15-236781-000-00-HO
7915941,"Newly Remodeled, Modern Retreat",32847442,1465481336479622807,Ryan,,Arbor Lodge,45.56806,-122.69564,Entire home/apt,,1,342,2025-11-16,3.27,1,327,30,24-018431-000-00-HO
7922813,Ash Street Private Penthouse off Restaurant Row,41780011,1465621622833224382,Ariel,,Kerns,45.52068,-122.6367,Entire home/apt,,2,155,2025-11-27,1.24,3,151,30,19-236833-000-00-HO
7924119,Ash Street Big Studio off Restaurant Row,41780011,1465621622833224382,Ariel,,Kerns,45.52212,-122.63615,Private room,,2,142,2025-11-21,1.13,3,146,20,19-236833-000-00-HO
8015598,Quiet Retreat Steps from Bustling NE Broadway,3849293,1462640959634270687,James,,Irvington,45.53546,-122.6474,Entire home/apt,,1,474,2025-11-24,4.44,1,283,65,17-114589-000-00-HO
8035910,LONG TERM LUXURY IN THE PEARL,42431331,1465630892488133461,Terri,,Pearl,45.52452,-122.6803,Entire home/apt,,30,25,2025-11-24,0.27,1,364,4,
8035987,Lark About Downtown from Here!,42139754,1465626899780593862,Lee Wyatt,,Portland Downtown,45.5159,-122.6867,Entire home/apt,,30,54,2017-08-21,0.44,1,364,0,
8053707,Sunny bedrooms  Craftsman style home NW Portland,42533657,1465632130858954383,Joan,,Northwest District,45.53286,-122.70142,Private room,,2,23,2025-09-09,0.19,2,270,1,24-012743-000-00-HO
8072092,Designer's Home in Rose Garden!,27974994,1465413008050203246,Nathan,,Piedmont,45.56884765625,-122.66822052001953,Entire home/apt,,30,123,2025-08-23,0.99,1,245,2,
8118223,Spacious & Stylish Portland  Beauty! Close-in!,1022102,1462536036634741572,Laura,,Overlook,45.55054,-122.68304,Entire home/apt,,2,326,2025-11-17,2.62,1,355,14,20-126839-000-00-HO
8149676,Just Remodeled NE Cottage w/new King Bed,869605,1462531837953605191,Danny,,Irvington,45.53732,-122.64664,Entire home/apt,,2,297,2025-11-28,2.40,1,252,29,15-233517-000-00-HO
8194988,"Private, airy & super-clean guest house",13303946,1462908141751320903,Satish,,Rose City Park,45.53562,-122.61419,Entire home/apt,,2,302,2025-12-01,2.42,1,44,12,15-270930-000-00-HO
8236018,Woodstock modern apartment,15280606,1462958576096968727,Kathleen,,Brentwood-Darlington,45.4652,-122.61292,Entire home/apt,,2,344,2025-11-18,2.83,1,227,18,16-241991-000-00-HO
8256301,NW 23rd (Nob Hill) - Cozy Apartment,37100855,1465552525103407267,Joshua,,Northwest District,45.52707,-122.69671,Entire home/apt,,30,484,2021-12-28,3.92,1,0,0,
8290529,Hawthorne/Belmont Retreat - East bd,456853,1462518870528782511,Ann,,Sunnyside,45.51347351074219,-122.63191986083984,Private room,,1,896,2025-11-20,7.20,2,358,71,15-226468-000-00-HO
8290549,Urban Oasis / Private Guesthouse,43706954,1465649182680080141,Ron And Misti,,Overlook,45.5576,-122.68843,Entire home/apt,,30,157,2023-08-10,1.29,1,0,0,15-278020-000-00-HO
8291362,Hawthorne/Belmont Retreat - West bd,456853,1462518870528782511,Ann,,Sunnyside,45.51347351074219,-122.63191986083984,Private room,,1,970,2025-11-30,7.79,2,355,84,15-226468-000-00-HO
8312174,Central Air Near Providence Hospital - 1100 Sq Ft,9603365,1462818495926975343,John,,North Tabor,45.52437,-122.60473,Entire home/apt,,3,96,2025-11-30,0.78,1,355,9,16-225339-000-00-HO
8355231,Home away from home in SW Portland!,2381917,1462593568662903410,Kellie,,Hayhurst,45.48153,-122.72681,Entire home/apt,,2,81,2025-06-30,0.65,1,79,1,17-130499-000-00-HO
8391434,Mississippi District Private Suite,44216258,1462696278584125914,Mark,,Boise,45.55176,-122.67562,Private room,,4,205,2025-01-24,1.73,2,335,1,16-210140-000-00-HO
8408240,Charming Rooms in Eastmoreland Contemporary Home,44293276,1462696531578821120,Melinda,,Eastmoreland,45.46733,-122.62568,Private room,,1,165,2023-08-22,1.37,1,0,0,15-258210-000-00-HO
8429119,Modern Loft Living in Central SE PDX,1511460,1462547808000559234,Summer,,Buckman,45.52066448187114,-122.66113566449326,Entire home/apt,,2,25,2025-09-22,0.78,1,62,4,23-111125-000-00-HO
8458004,Multnomah Village Petite Maison,44519913,1465661401419801308,Ariel,,Multnomah,45.47136,-122.70362,Entire home/apt,,2,260,2025-11-20,2.10,1,139,38,24-006456-000-00-HO
8475095,The Artist’s Nest,2884284,1462611476365351814,Ryan,,Montavilla,45.51899,-122.57611,Entire home/apt,,30,326,2025-08-17,2.84,2,57,2,16-179461-000-00-HO
8597145,GREAT NOB HILL NEIGHBORHOOD - 21,21655715,1463160676967464616,Villa Serena,,Northwest District,45.53697,-122.70296,Entire home/apt,,30,27,2025-09-01,0.23,4,313,2,
8611065,Wappato Lookout,36083195,1465535951289805398,Nancy,,Linnton,45.61596,-122.80527,Private room,,2,111,2025-10-02,0.91,1,75,13,
8630512,Cozy Attic Apartment,41290032,1462687193030478045,Steve,,Concordia,45.56172,-122.63126,Entire home/apt,,1,379,2025-11-14,3.55,1,361,19,17-132984-000-00-HO
8686593,NE PDX Guestroom,52028379,1462721675709363605,Cassiah,,Piedmont,45.57318,-122.66318,Private room,,30,28,2025-08-24,0.23,2,234,1,
8687026,SE Woodstock 1 BR vintage 1930s updated apartment,45613100,1465677764020163631,Colleen,,Woodstock,45.4823,-122.62039,Entire home/apt,,3,95,2025-08-27,0.83,1,210,13,24-006577-000-00-HO
8700497,Comfy 2 bed/2 bath Condo,45394187,1465673745645976265,Rhonda,,Hillsdale,45.47875,-122.70274,Entire home/apt,,90,24,2025-09-30,0.19,1,245,3,
8703224,Bedroom in NoPo N. Mississippi Ave Home,3220022,1462623064989166554,Julie,,Boise,45.55106,-122.67582,Private room,,14,38,2024-11-30,0.35,4,228,0,17-178612-000-00-HO
8740782,Modern spacious private studio overlooking bamboo,45007538,1465668138134740745,Ngone,,Bridlemile,45.49008,-122.72925,Entire home/apt,,1,461,2025-11-11,3.96,1,241,56,17-213999-000-00-HO
8742729,Hawthorne Private Sauna Studio,45865050,1462701535595638317,Juli,,Richmond,45.51036,-122.63466,Entire home/apt,,1,839,2025-11-30,7.20,2,92,92,19-239908-000-00-HO
8758093,Beautifully Restored SE PDX Duplex,45926254,1465685982600870489,Erica,,Buckman,45.51597,-122.64349,Entire home/apt,,30,39,2022-08-22,0.32,2,306,0,
8813922,Modern Guest House - Concordia,46173088,1465690281677692845,Christopher,,Concordia,45.56488,-122.63095,Entire home/apt,,30,96,2020-02-19,0.78,1,215,0,17-183376-000-00-HO
8849753,Hattie's Cactus and Rose Garden,46341450,1465694022777527725,Judy,,Humboldt,45.56598,-122.67273,Entire home/apt,,30,157,2020-08-29,1.29,1,365,0,
8863377,Stylish SE Gem – Tabor + Hawthorne Vibes,7810808,1462562534083519376,Paola,,Mt. Tabor,45.51499,-122.6093,Entire home/apt,,2,172,2025-11-10,1.54,1,347,11,20-112707-000-00-HO
8956997,Urban retreat in historic Irvington,46814135,1465701700877873680,Bina,,Sabin,45.54904,-122.65064,Entire home/apt,,1,319,2025-11-30,2.62,1,173,34,15-246636-000-00-HO
8974083,"NE Alberta Area - Great Walking Area, with Parking",4609035,1462661429730349007,Wendi,,Vernon,45.5622,-122.64789,Entire home/apt,,30,74,2024-06-28,0.61,1,241,0,
8981600,Cute*Cozy*Clean NE Studio,7644885,1462737489974197788,Joanna,,Woodlawn,45.57073,-122.65774,Entire home/apt,,2,300,2024-12-31,2.50,1,306,1,20-171553-030-00-HO
8982859,"Tiny House, Big Charm",20410856,1462612997257372533,Abbie,,Montavilla,45.52084,-122.56984,Entire home/apt,,1,690,2025-11-18,6.47,4,206,93,17-140065-000-00-HO
8989294,Portland House with Sunset View,44211105,1465656724321728199,Lesley,,Forest Park,45.5423,-122.76146,Entire home/apt,,30,3,2022-10-13,0.07,1,0,0,16-130306-000-00-HO
9059118,The Jacobberger House Portland's Historic 5 star,12846561,1462584065643238623,Kerri,,Southwest Hills,45.50876,-122.68672,Entire home/apt,,3,131,2025-11-29,1.09,3,351,14,16-132959-000-00-LU
9076254,Hawthorne Guest House - heated king bed,137869,1462510597147544575,Tara,,Sunnyside,45.51428,-122.6216,Entire home/apt,,1,657,2025-11-30,5.61,1,248,76,24ASTR-APP-00541
9115424,Charming St. John's Getaway,25200663,1465337878346989909,Jordan,,Portsmouth,45.58994,-122.73032,Private room,,30,42,2023-03-08,0.35,1,365,0,
9118702,2BR Renovated Craftsman by Sellwood Park,47514269,1465716839446885348,John,,Sellwood-Moreland Improvement League,45.4691047668457,-122.65819549560547,Entire home/apt,,6,38,2025-07-06,0.31,1,320,2,19-258911-000-00-HO
9119299,The Firebird,47516888,1465716858719866595,Eric,,Cully,45.5614,-122.60212,Entire home/apt,,30,194,2025-09-12,1.58,1,227,2,
9119792,"Bamboo Garden Apt, a quiet, cozy getaway",263312,1462514161447004307,Barbara,,Irvington,45.53586,-122.65583,Entire home/apt,,2,531,2025-11-23,4.37,1,335,40,15-268907-000-00-HO
9131283,Alberta St. Modern Craftsman,40548274,1465604209810285761,Derek,,Humboldt,45.55798,-122.67076,Entire home/apt,,1,1285,2025-11-19,10.48,1,252,138,24-003139-000-00-HO
9154349,"City/Mtn Views, Parking, and 24-hr Concierge",47656356,1465719521687310100,Diego,,Goose Hollow,45.52291,-122.69153,Entire home/apt,,31,0,,,1,326,0,
9171996,"Modern, walkable, Kerns apartment",47731731,1465720891138091331,Scott,,Kerns,45.52774,-122.63541,Entire home/apt,,2,277,2025-10-13,2.38,1,239,12,24ASTR-PER-00070
9200540,3-Level Gem Near OHSU & River Priv Suite Included,30549717,1465449564546898374,Raquel,,South Portland,45.48659,-122.67742,Entire home/apt,,30,1,2023-09-29,0.04,2,177,0,
9216829,"Stylish house, Mississippi Neighborhood",6063183,1462696983320395256,Katherine,,Humboldt,45.55583,-122.67533,Entire home/apt,,31,145,2025-08-26,1.21,3,226,2,18-196466-000-00-LU
9232236,Private and Cozy Two Bedroom Suite Walk to Reed,41571405,1465617815523139676,Kate,,Woodstock,45.48526,-122.6217,Private room,,30,57,2023-02-20,0.62,1,0,0,16-128116-000-00-HO
9236071,Fortune 503 - UofP Perfect Stay,10088347,1462572581810649195,Mollie,,Portsmouth,45.58832,-122.72944,Entire home/apt,,1,539,2025-11-30,4.42,1,345,29,16-179475-000-00-HO
9254568,Charming Craftsman in the heart of Arbor Lodge,43717096,1465649329163105020,Ken,,Overlook,45.56616,-122.69773,Entire home/apt,,3,264,2025-06-17,2.18,1,151,5,24ASTR-PER-00251
9272043,Stumptown Cottage in Eastmoreland,28235833,1462643865396175811,Deborah,,Eastmoreland,45.46693,-122.62479,Entire home/apt,,2,320,2025-11-24,2.65,1,347,27,16-116987-000-00-HO
9276925,Lovely FURNISHED riverfront condo,31927943,1465469227756692612,Sid,,Pearl,45.53338,-122.68003,Entire home/apt,,90,1,2019-09-15,0.01,1,363,0,
9296543,Beach themed cozy retreat.,22412761,1463179192457227761,Lynne,,Woodstock,45.47654,-122.60972,Private room,,30,18,2021-09-29,0.16,1,0,0,
9319598,Cool apartment in middle of it all,48026802,1465725569619512150,David,,Northwest District,45.52346,-122.69341,Entire home/apt,,30,344,2020-03-29,2.83,1,365,0,
9350743,Laurelhurst Gem! Lovely bright 2 bedroom home,10928596,1462852922743380390,Benjamin,,Kerns,45.52638,-122.63214,Entire home/apt,,31,1,2018-07-28,0.01,3,0,0,
9365410,Harmony House,48595009,1465736467595838533,Oanh,,Wilkes,45.52817,-122.50029,Entire home/apt,,2,426,2025-11-16,3.49,2,353,45,24-025740-000-00-HO
9368417,"Charming Home, Wonderful Neighborhood!",40829795,1465607875462070577,Colleen,,Beaumont-Wilshire,45.5454,-122.61546,Entire home/apt,,2,99,2025-11-23,0.85,3,344,10,23-112953-000-00-HO
9369142,Private Studio with Kitchenette,40829795,1465607875462070577,Colleen,,Beaumont-Wilshire,45.545,-122.61543,Private room,,30,118,2025-10-31,1.02,3,246,8,23-112953-000-00-HO
9384278,Modern home! Great Location!,31813936,1462656407984487108,Carol,,Northwest District,45.53434,-122.70688,Entire home/apt,,3,360,2024-08-08,3.16,2,93,0,15-242249-000-00-HO
9475332,"Light and Bright, Cozy Woodstock Cottage",49110034,1465747556356472527,Chrysalis,,Woodstock,45.480094252636086,-122.6041601847713,Entire home/apt,,2,200,2025-09-01,1.65,1,254,7,19-200398-000-00-HO
9506971,Designer Alberta Bungalo-Walk to Everything!,1886383,1462580924872123528,Eric,,King,45.55816,-122.65763,Entire home/apt,,2,25,2023-09-03,0.20,1,0,0,17-235707-000-00-HO
9512936,Location! Hip and Modern Zen in SE,9797783,1462823725689275447,Jorge,,Richmond,45.50853,-122.61772,Entire home/apt,,2,81,2025-11-09,0.66,1,150,4,25ASTR-APP-00242
9543693,Inner NE  Private Apt 1BR,49426376,1465754296510283700,Tiberius,,King,45.54908,-122.6616,Entire home/apt,,30,349,2025-07-16,2.92,1,180,2,
9551967,Newer Home in SW Portland!,47141750,1465707104548437164,Lance,,Multnomah,45.47136,-122.70207,Entire home/apt,,2,130,2023-08-23,1.07,1,0,0,16-105409-000-00-HO
9578248,Little House near Alberta Arts,25235410,1465338520158904149,Elaine,,Concordia,45.56392,-122.63373,Entire home/apt,,2,704,2025-12-02,5.77,1,323,76,16-279700-000-00-HO
9609842,Beautifully Restored Upper Level,45926254,1465685982600870489,Erica,,Buckman,45.51597,-122.64357,Entire home/apt,,30,41,2023-01-15,0.34,2,306,0,
9632943,Fashionable Flat Close-In East Side,46497916,1465696425685900423,Yvonne,,Kerns,45.52316,-122.63194,Entire home/apt,,30,121,2025-06-15,1.00,1,365,1,
9729366,Private Garden Room with Bath. No cleaning fees.,15310395,1462593613647974146,Ildikó,,Brooklyn Action Corps,45.4882,-122.65021,Private room,,2,221,2023-04-09,1.93,2,0,0,16-202526-000-00-HO
9732892,"Quiet, convenient & comfortable!",22298379,1463176396285694705,Marcelo,,Sylvan-Highlands,45.51168,-122.73592,Entire home/apt,,7,64,2025-09-02,0.53,1,269,5,17-144642-000-00-HO
9736647,Sunnyside Sanctuary_Belmont/Hawthorne/Laurelhurst,33451922,1465489510833984955,Sandy,,Sunnyside,45.51795,-122.62498,Entire home/apt,,30,6,2020-12-14,0.05,1,358,0,
9759612,Room/ B_Green,50332020,1465770431133715090,Moussa,,Lents,45.46858,-122.57422,Private room,,30,132,2020-07-03,1.09,2,179,0,15-265190-000-00-HO
9760306,Room/A_Green,50332020,1465770431133715090,Moussa,,Lents,45.4686,-122.57194,Private room,,30,108,2021-05-21,0.89,2,365,0,15-265190-000-00-HO
9770224,"Modern, NEW Home in HOT Spot. CLOSE 2 Everything!",7858592,1462562735669307426,Dana,,King,45.56107,-122.65886,Entire home/apt,,2,452,2025-11-29,3.76,1,357,46,24-001014-000-00-HO
9812111,"15 min to NW, downtown, private-suite w gardens",13676520,1462918977569024604,Sherold,,Hillsdale,45.49118,-122.70607,Entire home/apt,,3,211,2025-11-21,1.81,1,244,22,17-117946-000-00-HO
9825819,Sunny  Mt Tabor 1 BR Suite. Walk to HIP Montavilla,27071792,1465399372985295064,Lorn,,Mt. Tabor,45.51206,-122.58882,Entire home/apt,,1,328,2025-11-15,2.71,3,74,45,17-126261-000-00-HO
9842582,Historic Laurelhurst Residence Extended Stay,2409849,1487878763528997981,Michael,,Laurelhurst,45.52204,-122.63114,Entire home/apt,,30,28,2025-10-10,0.23,1,263,7,
9887235,"Tranquil/Bright 2 Bedroom, home in NE Portland",50860253,1465784253407376969,Brian,,Cully,45.55861,-122.61386,Entire home/apt,,30,34,2022-05-14,0.35,1,180,0,
9899175,2BR/1BA: Amazing location! Available monthly,20727837,1463136923498018400,George,,Northwest District,45.52635,-122.69735,Entire home/apt,,31,126,2025-11-02,1.07,2,174,21,14-230467-000-00-HO
9904327,Great Home in Lake Oswego,50929838,1465789013677223936,Fernando,,Arnold Creek,45.43442,-122.69884,Entire home/apt,,30,0,,,1,365,0,
9905408,Nan's North Portland Crepe Myrtle Cottage,50933310,1465789042269116132,Nan,,Boise,45.55052,-122.67599,Entire home/apt,,30,4,2016-12-28,0.04,1,299,0,
9925170,Explore Trails & Downtown From Guesthouse Getaway,51019210,1462718398886229774,Tracie,,Northwest District,45.536445403800045,-122.71430891317755,Entire home/apt,,2,272,2025-11-01,2.50,3,152,40,17-155282-000-00-HO
9954390,Charming Sellwood Apartment,51154190,1465794299808491428,Richard Scott,,Sellwood-Moreland Improvement League,45.46628,-122.65619,Entire home/apt,,2,328,2025-11-14,2.75,1,323,38,19-266004-000-00-HO
9960778,Alberta Arts Craftsman 4 Bedroom,27447858,1465405138026187907,Christine,,King,45.56277,-122.6564,Entire home/apt,,30,30,2021-08-31,0.25,1,0,0,16-279782-000-00-HO
9978138,Charmer 1894 Rowhouse 94 walk score / Max train,51273080,1465798366704580078,Danny,,Brooklyn Action Corps,45.49989,-122.65575,Entire home/apt,,4,477,2025-12-01,3.94,1,52,25,24-013639-000-00-HO
9995993,Logan Home on Gladstone,51352005,1465801941658473018,Harold,,Creston-Kenilworth,45.49411,-122.63088,Entire home/apt,,2,218,2025-12-01,1.80,1,352,17,24ASTR-PER-00436
10153895,"Cozy one bedroom, awesome location",1586097,1462562414315304498,Elena,,Sabin,45.54939,-122.6509,Entire home/apt,,30,136,2025-09-01,1.14,1,51,3,
10230029,Cozy Studio In the Woods,141076,1462509988905737308,Jane,,Arnold Creek,45.44566,-122.70959,Entire home/apt,,30,3,2021-09-02,0.03,1,0,0,
10294233,Comfy Convenient Home in Lovely Montavilla,52959802,1465857833463149705,Mia,,Montavilla,45.51974,-122.58252,Entire home/apt,,30,66,2022-10-05,0.72,1,0,0,
10295255,The Temple of Kundalini • Elegance in Simplicity,8008046,1462746874253814874,Kundalini,,Sunnyside,45.51714,-122.6322,Entire home/apt,,31,0,,,1,337,0,
10366008,Artist Retreat - Near Airport/15 mins to Downtown,42719900,1465634677273989694,Matt,,Madison South,45.54657,-122.57281,Private room,,1,182,2025-10-11,1.52,1,358,27,16-245725-000-00-HO
10387521,NowStayingPDX-Private-Walkable-Inner SE Portland,45402529,1465673870692937091,Dan,,Hosford-Abernethy,45.50371528642422,-122.64246839837989,Entire home/apt,,2,123,2025-12-01,1.93,1,250,27,19-232262-000-00-HO
10406727,"Front Bedroom in Cozy, Artsy, St. Johns Bungalow",13263099,1462907206322473025,Suzy,,St. Johns,45.58838,-122.74464,Private room,,2,128,2025-11-10,1.17,4,365,6,16-231596-000-00-HO
10430299,Northwest Nob Hill Alphabet District! Free Parking,45609473,1465677733652724988,Rebecca Malen,,Northwest District,45.53629,-122.7017,Entire home/apt,,2,53,2025-11-16,0.45,5,346,18,15-197070-000-00-HO
10431246,Northwest Nob Hill 97 walk score! Free Parking! 60,45609473,1465677733652724988,Rebecca Malen,,Northwest District,45.536293029785156,-122.7008285522461,Entire home/apt,,2,34,2025-10-12,0.29,5,337,10,15-197070-000-00-HO
10546918,Private Room in Fanatical PDX Tour Guide's Home!,54390576,1462728723952689054,Dresden,,Sunnyside,45.51325,-122.62122,Private room,,2,122,2025-11-26,3.34,1,162,49,24ASTR-PER-00092
10596867,"Clean, Modern Townhouse w/ Patio in walkable area",31480744,1465462768852841167,Mark,,Buckman,45.52169,-122.6487,Entire home/apt,,2,25,2025-11-29,1.91,1,365,24,16-163808-000-00-HO
10632817,Charming home in Sunnyside—blocks from Hawthorne,6486134,1462707659930699728,Hannah,,Sunnyside,45.51576,-122.63468,Entire home/apt,,7,13,2024-06-01,0.12,1,0,0,21-052467-000-00-HO
10673527,Sunny room with private bath near U of Portland,9464556,1462814840738675294,Gail,,Arbor Lodge,45.57594,-122.70221,Private room,,14,125,2025-11-25,1.04,1,72,5,25ASTR-PER-00034
10747692,"Quiet, private apartment—beautiful NE neighborhood",18516233,1463055660784414493,Marcia & Ray,,Alameda,45.54404,-122.63776,Entire home/apt,,31,46,2025-09-19,0.39,1,334,2,
10752148,Hawthorne Hobbit Hole: special Portland experience,7380909,1462730472580015922,Greg,,Richmond,45.51095,-122.62004,Entire home/apt,,2,473,2025-12-02,4.23,1,294,81,24ASTR-APP-00403
10886050,Hawthorne Blue Jewel,30814658,1462652893967069557,Doug,,Richmond,45.50939,-122.62365,Entire home/apt,,2,180,2023-10-01,1.53,1,337,0,16-120839-000-00-HO
10964177,Lewis & Clark Nearby | Private Studio+Safe Parking,28179125,1487885714257391052,J,,South Burlingame,45.46729,-122.68026,Entire home/apt,,3,113,2025-11-28,1.61,1,319,27,19-115562-000-00-HO
10971248,"Walkable Family Friendly, NE Portland Free Parking",56920726,1465930432389905604,Belladonna,,Concordia,45.56242,-122.63363,Entire home/apt,,3,30,2025-10-20,0.25,3,291,8,15-269516-000-00-LU
11073083,Lucky’s Place — PDX Apartment for Travelers & Pets,53497477,1465869823326286315,Annie,,Brentwood-Darlington,45.47439,-122.60344,Entire home/apt,,2,57,2025-11-25,3.14,1,78,28,24-013401-000-00-HO
11089716,"Casa Solarium - Local Eateries, Parks & Espresso",33606696,1465491525895151478,Hayden,,Sunnyside,45.5161247253418,-122.6363296508789,Entire home/apt,,1,915,2025-11-23,7.69,11,340,38,17-251606-000-00-LU
11101624,"Cozy, vintage Bohemian bus",57657995,1466691283428252543,Amanda,,Lents,45.48004,-122.56523,Private room,,30,380,2023-06-21,3.19,1,270,0,
11134954,Artist loft in Arbor Lodge,57864996,1462738451740743354,Scott,,Arbor Lodge,45.57479,-122.69094,Entire home/apt,,1,245,2025-11-22,2.11,1,240,30,17-125584-000-00-HO
11242427,Cozy Retreat in Quiet Neighborhood-Private Deck,501715,1462520075273747735,Teresa,,Parkrose Heights,45.54524,-122.54573,Entire home/apt,,30,69,2025-11-16,0.58,10,151,1,
11340920,Tiny Gem guesthouse at two rivers portland,13602640,1462915043201226595,Judith,,Concordia,45.5638313293457,-122.6346206665039,Entire home/apt,,1,207,2025-11-28,1.74,2,354,23,14-253624-000-00-ho
11346138,'Mallory homestead' private garden apartment,41333497,1462687315162682919,Katya,,Piedmont,45.5720266700515,-122.66440824444884,Entire home/apt,,2,634,2025-10-26,5.36,2,250,60,16-191923-000-00-HO
11359604,Modern Studio on NW 23rd,59503000,1466717426741214253,Anastasia,,Northwest District,45.52936,-122.70006,Entire home/apt,,30,310,2025-10-15,2.63,1,204,1,19-104658-000-00-HO
11363892,Bright Urban Retreat • 2BR • 2BA • Sleeps 4,53233824,1465864542156807709,Heidi,,Sunnyside,45.5161247253418,-122.6363296508789,Entire home/apt,,1,712,2025-10-23,5.99,2,351,41,17-251606-000-00-LU
11454745,Peaceful Forest Getaway | Short drive to downtown,3040408,1462615740080451684,Kelsey,,Ashcreek,45.45858,-122.73418,Entire home/apt,,2,271,2025-11-21,2.54,1,104,21,19-230756-000-00-HO
11491022,Riverfront Condo Downtown Portland,60500778,1466744932942885203,David,,Old Town/Chinatown,45.52809,-122.67277,Entire home/apt,,31,20,2025-10-26,0.18,1,104,2,
11505470,"Garden Tiny House, Woodstock",8762054,1462786342199089831,Rebecca,,Woodstock,45.47332,-122.61922,Entire home/apt,,30,240,2025-08-29,2.03,1,81,3,
11531147,Spacious Guesthouse with Creative Style and Local Charm,6805954,1462547365706299996,Michael,,King,45.55238,-122.65768,Entire home/apt,,1,603,2025-11-24,5.10,2,330,73,00338
11669364,Bright Studio in Historic Brooklyn (Inner SE),19264481,1462608855560232217,Matthew,,Brooklyn Action Corps,45.49485,-122.65221,Entire home/apt,,2,13,2025-09-21,0.27,1,62,5,17-138265-000-00-HO
11711660,Welcoming retreat with tree views!,62203396,1466766844897092064,Nancy,,South Portland,45.49258,-122.67422,Entire home/apt,,30,126,2025-05-11,1.07,11,236,8,12-135546-000-00-HO
11719463,Spacious 2BD Unit in SE Portland,1999815,1462583788214511448,Tatiana,,Brentwood-Darlington,45.46888,-122.60145,Entire home/apt,,1,520,2025-11-16,4.42,1,21,37,24ASTR-APP-00514
11743895,2 Bedroom Apt. in Historic NW Portland Warehouse,16267962,1462982579433291023,Colin,,Northwest District,45.52366,-122.69405,Entire home/apt,,2,25,2025-11-28,0.21,1,110,3,24ASTR-PER-00211
11822724,"Walk in NE. Light, private, hot tub, 420 friendly",58609749,1466702246451418240,Prudence,,Rose City Park,45.54589,-122.60803,Entire home/apt,,2,308,2025-11-23,2.63,1,342,34,16-145645-000-00-HO
11825547,Portland Private 2 bedroom,62992553,1462751983247317071,Lori,,West Portland Park,45.44628,-122.7208,Entire home/apt,,1,25,2022-11-27,0.24,3,175,0,16-187755-000-00-HO
11852482,IndigoBirch: Luxurious Zen Garden Retreat: Hot Tub,38404817,1462678311846143749,Curtis,,Eastmoreland,45.478295395862794,-122.62678569062918,Entire home/apt,,2,537,2025-11-24,9.11,1,76,90,21-023390-000-00-HO
11868205,Modern Treehouse w/Blue Pine Vaulted Ceiling!,10126823,1462832316013621459,Nile,,Ardenwald-Johnson Creek,45.46187,-122.62374,Entire home/apt,,3,93,2025-11-23,0.80,1,89,15,25ASTR-PER-00033
11991493,Live Like a Local in Artful Craftsman by Division,474837,1462519305595482179,Peggi,,Richmond,45.50475,-122.61705,Entire home/apt,,2,131,2025-09-06,1.13,1,0,13,17-143574-000-00-HO
12022574,Dolphin House,64329418,1466794201399657851,David,,Woodlawn,45.56939,-122.65584,Entire home/apt,,30,18,2018-04-01,0.15,1,89,0,
12022874,Private Overlook Home (Near Miss & Downtown),53357613,1465867091231341136,Eric,,Overlook,45.55301,-122.67886,Entire home/apt,,30,36,2021-08-09,0.31,1,0,0,20-165814-000-00-HO
12025458,Mississippi District Bungalow,44216258,1462696278584125914,Mark,,Boise,45.55334,-122.67586,Entire home/apt,,2,123,2025-11-22,1.06,2,332,25,16-210140-000-00-HO
12025679,Furnished Condo near Mt. Tabor,828435,1462530643636541381,Furnished In Portland,,Mt. Tabor,45.51211,-122.61073,Entire home/apt,,30,24,2025-10-01,0.21,6,90,2,
12028438,"Family Friendly NE Alberta Arts, Pets, Amenities",56920726,1465930432389905604,Belladonna,,Concordia,45.56181,-122.63371,Entire home/apt,,3,37,2025-07-29,0.32,3,224,5,15-269516-000-00-LU
12040912,Rose City Retreat,27382737,1465404268772087539,Bridget,,Rose City Park,45.54636,-122.60378,Entire home/apt,,2,464,2025-11-05,4.01,1,198,38,16-157658-000-00-HO
12111041,Garden Studio w/ Deck & Sauna,64693840,1462767167441580343,Jennifer Lynne,,Foster-Powell,45.4941,-122.60083,Entire home/apt,,2,369,2025-11-20,3.26,1,193,31,17-137177-000-00-HO
12223710,"Elegant, Modern Garden House",65753023,1466813083603947490,Shelly,,Mt. Tabor,45.51867,-122.58858,Entire home/apt,,30,13,2023-06-02,0.11,1,177,0,
12233092,South Tabor Bungalow,14477524,1462590405850171843,Reatha,,South Tabor,45.50007,-122.60422,Entire home/apt,,2,214,2025-07-27,1.84,1,0,21,16-173687-000-00-HO
12293322,One Bedroom/One Bath Furnished,828435,1462530643636541381,Furnished In Portland,,Mt. Tabor,45.51211,-122.6108,Entire home/apt,,30,28,2025-10-30,0.24,6,179,2,
12319356,"Peninsula Haven-Private, Quiet, and Cozy",327040,1462515806499527027,Jacob,,Portsmouth,45.58241,-122.72265,Entire home/apt,,2,613,2025-11-29,5.25,1,242,59,16-283290-000-00-HO
12361450,Cheerful Room in Friendly Alberta area home.,501715,1462520075273747735,Teresa,,Sabin,45.55605,-122.64859,Private room,,30,6,2025-11-10,0.15,10,333,3,
12375526,Large Comfortable Home • Huge Private Yard,501715,1462520075273747735,Teresa,,Parkrose Heights,45.54421,-122.54487,Entire home/apt,,30,14,2025-10-01,0.12,10,364,2,
12388588,Spacious living near Downtown. Trendy Williams Ave,24772821,1465314580715003339,Tony And Alix,,Eliot,45.54141,-122.66338,Entire home/apt,,1,199,2021-09-06,1.70,1,0,0,17-142341-000-00-HO
12390197,Close in SE PDX! Historic Sellwood Basement Apt,66990216,1466827534569771179,Taylor,,Sellwood-Moreland Improvement League,45.48362,-122.65024,Entire home/apt,,1,905,2025-11-16,7.84,1,73,99,16-160955-000-00-HO
12403226,Private Spacious Basement Suite & Full Kitchenette,20320140,1463104541274013242,Jason,,Creston-Kenilworth,45.49573,-122.61892,Entire home/apt,,4,171,2023-12-31,1.67,1,0,0,17-183533-000-00-HO
12420588,The Crystal Room - The House of Healing & Love,31761206,1462656230467711013,Andrea,,Multnomah,45.45785,-122.71809,Private room,,30,21,2025-07-12,0.18,1,364,5,23-020373-000-00-HO
12482738,Light Airy Bedroom for Two Close to the Airport,67395194,1466832707334500892,Sheilah,,Overlook,45.56451,-122.68862,Private room,,1,472,2025-11-25,4.27,2,249,45,23-113860-000-00-HO
12544586,Alberta Guest House,11430120,1462864624196983601,Janet,,Vernon,45.56084,-122.6477,Entire home/apt,,2,420,2025-11-27,3.63,1,348,33,17-130076-000-00-HO
12574565,Lents Guesthouse - Nice Home in Southeast Portland,12523076,1462889631418312314,Kim Huong,,Lents,45.4884,-122.57731,Entire home/apt,,30,7,2022-07-09,0.07,3,365,0,
12679370,Modern Guesthouse in Portland's Central Eastside,47289428,1462706195592773307,Gwen,,Kerns,45.52391,-122.64565,Entire home/apt,,2,441,2025-11-16,4.82,1,232,52,18-143376-000-00-HO
12699642,ROSE CITY PARK Guesthouse!,69029284,1466853349829415667,Jennifer,,Rose City Park,45.53265,-122.60379,Entire home/apt,,2,558,2025-11-16,5.52,1,184,43,17-192380-000-00-HO
12796469,Bungalow Vibes in Nob Hill,7008585,1462721114235126112,Emma,,Northwest District,45.52555,-122.69479,Entire home/apt,,30,440,2025-03-12,4.33,3,250,1,12-123456-123-11-ho
12844862,South Portland Sanctuary,57521274,1465940615424026919,Jeffrey,,South Portland,45.47486,-122.67459,Entire home/apt,,30,0,,,1,365,0,
12854038,Spacious Portland Loft,5907304,1462692652353019360,Sari,,Portland Downtown,45.51561737060547,-122.68614196777344,Entire home/apt,,30,24,2025-08-16,0.21,2,337,4,
12893173,Recently Remodeled House in Popular Montavilla,39078640,1465583575010729526,David,,Montavilla,45.51623,-122.58193,Entire home/apt,,30,41,2023-09-04,1.05,1,0,0,
12927117,Grant Park Classic 1926 Bungalow,294378,1462511009494257930,Karen,,Grant Park,45.53592,-122.62623,Entire home/apt,,7,42,2025-07-14,0.49,1,169,1,18-210363-000-00-HO
12954149,Tortoise Room @1234 HOUSE in SE PDX,30708290,1462652510742823450,Evan,,Buckman,45.51298,-122.6448,Private room,,1,293,2025-11-10,2.52,5,261,27,14-119074-000-00-LU
12955575,Historic Mississippi District - Centrally Located,44840316,1462698212324331683,Jeneen,,Boise,45.55043,-122.67313,Entire home/apt,,2,322,2025-11-16,2.78,1,262,20,17-126142-000-00-HO
12970336,Spacious modern and private in Alberta Arts Area,3888703,1462532404519922617,Wojciech Szy,,Concordia,45.56351,-122.62566,Entire home/apt,,2,197,2025-11-17,1.70,1,74,27,16-276998-000-00-HO
12972054,15 minutes to downtown -Short Term Available,71376038,1466882807918481173,Laura,,Maplewood,45.47448,-122.73908,Private room,,1,158,2025-10-01,1.37,1,89,12,16-258100-000-00-HO
13015826,Walkable Hawthorne guest suite - Cute and cozy,19266,1462506880643865835,Chris,,Sunnyside,45.5148,-122.61906,Entire home/apt,,2,123,2025-12-02,2.82,2,239,48,24ASTR-PER-00410
13018859,Wes Anderson inspired historical private apt.,25461561,1465343192060695101,Paul,,Boise,45.55041,-122.67392,Entire home/apt,,2,525,2025-11-15,4.53,1,326,54,17-147311-000-00-HO
13066954,"Warm,inviting,home in heart of Multnomah Village.",72417286,1466894341782797446,Stephen,,Multnomah,45.46917,-122.70798,Private room,,30,157,2019-10-20,1.36,1,0,0,
13076623,The Studio/Portland. Peaceful. Fun,714512,1462513717489291010,Dan,,Laurelhurst,45.52454,-122.62381,Entire home/apt,,1,484,2025-11-20,4.22,4,323,33,25ASTR-PER-00253
13097045,Modern Tiny House in Portland,24172332,1465284121811487577,Michele,,Kerns,45.52501,-122.63472,Entire home/apt,,2,391,2025-09-21,3.45,1,0,14,16-202711-000-00-HO
13097670,Tibbetts Coop - A beautiful SE Portland urban farm,62110493,1466764346313039413,Christine & Ellis,,Richmond,45.500511,-122.620216,Entire home/apt,,2,189,2025-11-02,1.67,1,293,24,16-205953-000-00-HO
13117227,"Perfect Cozy Get Away, close in SE Portland",72968932,1466900313157423514,Neil,,Creston-Kenilworth,45.4949,-122.63816,Entire home/apt,,3,99,2025-11-09,0.87,1,218,15,17-122472-000-00-HO
13127022,"Updated basement apartment, close in NE Portland",8119693,1462749629152815939,Anna,,Vernon,45.56586,-122.6547,Entire home/apt,,2,484,2025-11-10,4.18,1,346,36,24ASTR-APP-00302
13192008,Bike'N'Roll Craftsman + 2 Free Bikes for Your Stay,53232555,1465864533292099444,Dawn,,Brooklyn Action Corps,45.49332,-122.6549,Entire home/apt,,3,25,2025-10-04,0.22,2,56,19,17-155634-000-00-HO
13247486,Creative & Clean Bungalow in Portland Hot Spot,6416589,1462705894397411632,Adam John,,Boise,45.55453,-122.6777,Entire home/apt,,1,1209,2025-11-21,10.44,6,336,129,14-226769-000-00-HO
13260893,"Secret Garden Guest House, Multnomah Village",4441147,1462535599912626216,Tracey,,Multnomah,45.46526,-122.71466,Entire home/apt,,2,488,2025-11-12,4.40,1,320,36,23-113855-000-00-HO
13264525,Modern Basement Apartment Near Alberta Arts,847543,1462531199217301111,Stephani,,Concordia,45.56713,-122.63819,Entire home/apt,,2,113,2025-10-04,0.98,5,350,6,25ASTR-PER-00119
13298544,MB’s Guest House.  Cozy 2 bedroom in SE Portland.,75083765,1466923314640529855,Mary Beth,,Woodstock,45.48859,-122.60344,Entire home/apt,,3,203,2025-11-28,1.77,1,319,17,16-203831-000-00-HO
13318747,Two Bedroom/One Bath Flat,828435,1462530643636541381,Furnished In Portland,,Mt. Tabor,45.51225,-122.61089,Entire home/apt,,30,12,2024-11-20,0.10,6,180,0,
13332861,StokeWood Lodge,28410788,1465419351566929335,Janet,,Hayhurst,45.47762,-122.71282,Entire home/apt,,30,212,2025-09-21,1.86,3,302,3,
13342213,Bright & Fun loft in gorgeous central neighborhood,66230687,1462771267009356261,Carin,,Irvington,45.53534,-122.64635,Entire home/apt,,2,267,2025-11-02,3.70,1,42,38,18-257299-000-00-HO
13360725,"Studio near Zoo, Japanese Garden & Hiking",75800543,1466930786412346614,Mary,,Arlington Heights,45.5201,-122.71279,Entire home/apt,,2,217,2025-08-23,1.89,1,0,10,16-163349-000-00-HO
13362534,The Alberta Arts Hideaway,28894059,1465425963490045310,Diana,,King,45.55709,-122.65276,Entire home/apt,,2,173,2025-11-30,1.50,1,266,37,25ASTR-APP-00281
13373563,Portsmouth Bungalow,75954259,1466932366103084587,Rachel,,Portsmouth,45.58231,-122.71383,Entire home/apt,,2,36,2025-11-28,0.34,1,181,1,17-184822-000-00-HO
13381115,Craftsman with Hot Tub!,76057995,1466933414465630355,Erin,,Laurelhurst,45.52416422238831,-122.63161864908317,Entire home/apt,,30,0,,,1,0,0,
13390922,Alberta Arts WFH Studio-monthly discount,42870763,1465636723452163108,Doreen,,Beaumont-Wilshire,45.55499,-122.62632,Entire home/apt,,30,202,2025-11-14,1.75,2,253,3,
13394624,2 blocks to cafes &shops in SE Portland (Sellwood),76194443,1462817075680591897,Lorie,,Sellwood-Moreland Improvement League,45.465755462646484,-122.64928436279297,Entire home/apt,,3,238,2025-11-25,2.08,1,309,21,17-265887-000-00-HO
13434960,"Stylish, Bright Townhouse - Nob Hill 2B/1B",14482835,1462939676033648974,Bonnie,,Northwest District,45.53537,-122.70468,Entire home/apt,,30,37,2025-10-10,0.33,1,271,4,
13447534,Old World Luxury in the City.,76780292,1466941080920371090,Christopher Allen,,Overlook,45.56514,-122.69379,Entire home/apt,,1,35,2025-11-29,2.17,1,345,24,24ASTR-PER-00242
13494359,The Homestead on 17th with Sauna add-on,38278246,1465572774129529562,Victoria,,Sellwood-Moreland Improvement League,45.474737432334514,-122.64920693309269,Entire home/apt,,3,199,2024-10-19,1.74,1,0,0,17-129746-000-00-HO
13534643,"Enjoy convenience &  class, Portland, OR",75800876,1466930788987178326,Anna,,South Portland,45.49552,-122.67012,Entire home/apt,,30,26,2025-11-06,0.25,1,303,2,
13564185,Sunny Hawthorne Condo,828435,1462530643636541381,Furnished In Portland,,Mt. Tabor,45.51211,-122.61075,Entire home/apt,,30,23,2025-06-10,0.25,6,180,4,
13566259,"Family Friendly, Walkable, NE Portland FreeParking",56920726,1465930432389905604,Belladonna,,Concordia,45.56181,-122.63371,Entire home/apt,,3,114,2025-11-19,1.01,3,291,6,15-269516-000-00-LU
13573376,Cozy Hawthorne Condo,828435,1462530643636541381,Furnished In Portland,,Mt. Tabor,45.51211,-122.61083,Entire home/apt,,30,39,2025-09-10,0.34,6,171,3,
13601516,"Cozy, quiet private room and beautiful back yard",53052399,1465859342318279864,Paul And Carmenza,,Cully,45.56079,-122.58943,Private room,,30,76,2019-12-21,0.67,1,359,0,
13623856,a Sweet Studio in the heart of NE neighborhood,2038566,1462521828786828493,Jooyoung,,Concordia,45.5699,-122.62951,Entire home/apt,,30,49,2024-03-02,0.43,1,0,0,17-188248-000-00-HO
13624774,Cozy Vintage Cottage in the Woods,18774457,1462607152836638654,Harriet,,Glenfair,45.52269,-122.49979,Entire home/apt,,2,568,2025-11-23,5.00,1,297,40,16-211293-000-00-HO
13627002,"Room in peaceful Montavilla home , private bath",75240152,1466925064024850357,Tava,,Montavilla,45.53447,-122.5871,Private room,,30,1,2023-08-27,0.04,1,0,0,
13660168,"Clean, bright apartment in neighborhood home",5622521,1462685266627573654,Earl,,Multnomah,45.47037,-122.70991,Entire home/apt,,2,302,2025-11-30,2.82,1,122,21,16-204196-000-00-HO
13687944,Mt. Tabor Private Apartment,79737835,1466973579546755612,David,,Mt. Tabor,45.51454,-122.61178,Entire home/apt,,2,432,2025-11-28,3.80,1,356,35,17-133527-000-00-HO
13750038,Beautiful Pearl District Loft with On-Site Parking,9510170,1462815986067581605,Jessica,,Pearl,45.52656,-122.68113,Entire home/apt,,91,2,2022-02-06,0.02,1,166,0,
13790175,Historic Turret House w/ Gorgeous Modern Furniture,373733,1462511471891768055,Alexander,,Irvington,45.53882,-122.64322,Entire home/apt,,30,95,2025-08-31,0.83,3,172,11,17-174454-000-00-HO
13790422,Foodies/Walk to the Best Portland has to offer!,10928596,1462852922743380390,Benjamin,,Kerns,45.5262,-122.63326,Entire home/apt,,3,66,2025-10-05,0.58,3,253,8,24ASTR-APP-00319
13814896,Cozy Garden Cottage in the Heart of Richmond,3454923,1462629875128279267,Heather,,Richmond,45.50643,-122.62425,Entire home/apt,,1,676,2025-11-30,5.89,1,124,83,19-204981-000-00-HO
13827370,Willamette Heights View,10354567,1462838349572684519,Paula,,Northwest District,45.53427,-122.71665,Entire home/apt,,2,503,2025-12-01,4.49,2,0,38,16-202708-000-00-HO
13856775,Sorta Summer House w/ sauna & outdoor shower,23464398,1462625374505619406,Nicole,,Woodlawn,45.56880569458008,-122.65646362304688,Entire home/apt,,1,269,2025-11-16,2.66,2,0,30,25ASTR-PER-00337
13869890,Charming sunny 2 BR house in Sellwood,2639381,1462603563356385773,Andrew M,,Sellwood-Moreland Improvement League,45.46034,-122.64916,Entire home/apt,,30,1,2021-09-03,0.02,1,0,0,
13900357,Woodlawn Cottage: Modern 2-br near Dekum Triangle,10458442,1462841223256587643,Natasha,,Woodlawn,45.56939,-122.65227,Entire home/apt,,30,202,2024-09-30,1.77,1,310,0,17-274205-000-00-HO
13901912,Quaint & Cozy 1920's Bungalow,1332315,1462517375458961763,Jessica,,Piedmont,45.56716,-122.67235,Entire home/apt,,2,109,2025-11-29,1.00,1,93,25,24ASTR-PER-00355
13923118,Modern NW Apartment *free parking*,52202264,1465839336878003351,Kalyn,,Northwest District,45.53157,-122.69081,Entire home/apt,,2,336,2025-11-23,2.94,1,356,36,19-261170-000-00-HO
13953547,★ 1 Block to Hawthorne! Remodeled! Walk Score: 92!,70547018,1466873374809487381,Lucy,,Sunnyside,45.51252,-122.61695,Entire home/apt,,2,310,2025-11-13,2.73,1,78,24,24-011563-000-00-HO
13973783,Inspired Hawthorne Craftsman (31+ days),1339136,1462543148360739665,Jodi,,Sunnyside,45.51263,-122.61412,Entire home/apt,,31,39,2025-08-12,0.37,1,339,6,16-165788-000-00-HO
13990506,Private Loft Apartment above my Photography Studio,13926479,1462926479542126500,R.J.,,Montavilla,45.52065,-122.57303,Entire home/apt,,12,237,2025-11-22,2.08,1,239,9,17-122877-000-00-HO
14007930,Private room in Historic home in NW/Downtown PDX,40342841,1465601407789876290,Laura,,Northwest District,45.53347,-122.70246,Private room,,1,183,2024-09-09,1.61,1,0,0,24ASTR-APP-00426
14055342,"The Owl's Nest, NE Portland, Concordia",1705386,1462565592298420342,Kate,,Concordia,45.56735,-122.62651,Entire home/apt,,30,139,2021-08-15,1.24,1,0,0,
14068580,F138,84485898,1462835813288238010,Olga V,,Pleasant Valley,45.47598,-122.52152,Entire home/apt,,1,193,2025-07-06,1.70,1,179,4,16-233377-000-00-HO
14105781,Luxe Garden Cottage in Central PDX,1218855,1462516662396332678,Suja,,Irvington,45.54327,-122.65505,Entire home/apt,,1,610,2025-11-23,7.18,7,230,96,17-144440-000-00-ho
14105943,✧ Chic Suite in Central PDX w/ Comfy King Bed ✧,1218855,1462516662396332678,Suja,,Irvington,45.54162,-122.65681,Entire home/apt,,1,867,2025-11-24,7.64,7,230,58,17-144440-000-00-ho
14180906,"2Bd Bungalow with backyard sauna,  by Alberta Arts",22320983,1463176905404992317,Winston,,Concordia,45.56533,-122.62495,Entire home/apt,,3,103,2025-11-08,0.91,1,344,18,17-245183-000-00-HO
14184963,The Clay House Portand,21571871,1462617744382217882,Victoria,,Hosford-Abernethy,45.51053,-122.65377,Entire home/apt,,7,899,2024-10-20,7.89,1,0,0,24ASTR-PER-00147
14205943,Lovely room in convenient SE craftsman home,31879181,1465468565723001128,Adelaide,,Brooklyn Action Corps,45.49658,-122.65703,Private room,,1,58,2025-08-18,0.51,1,0,13,25ASTR-APP-00194
14210054,Immaculate Elegant House Downtown NW,73257018,1466903769029562618,Leah,,Northwest District,45.53603,-122.70502,Entire home/apt,,2,179,2025-09-07,1.59,1,332,3,17-285808-000-00-LU
14254456,"""Crown Vic"" - sweet modern renovated Victorian",5403721,1462680022554586153,Amy,,Hosford-Abernethy,45.50998,-122.65404,Entire home/apt,,30,168,2021-11-19,1.48,1,0,0,
14293805,Vintage Sunny Southeast 2 Bedroom,87276189,1467049609116140023,Marie,,Buckman,45.51529,-122.63875,Entire home/apt,,28,101,2025-09-06,0.97,1,169,4,17-121764-000-00-HO
14294530,Heart of Division Retreat,13404739,1462910471644689563,Susan,,Hosford-Abernethy,45.5053,-122.63951,Entire home/apt,,3,126,2025-10-25,1.11,1,81,6,23-060335-000-00-HO
14297567,Gabriel Park/Mult. Village,87322583,1467050078852109150,Kenya,,Hayhurst,45.48358,-122.73087,Entire home/apt,,31,1,2023-09-01,0.04,2,121,0,25ASTR-APP-00035
14319174,Woodstock Tiny House,12872871,1462897619114543631,Chris & Banning,,Woodstock,45.48232,-122.61425,Entire home/apt,,1,832,2025-11-17,7.33,1,236,78,24-012176-000-00-HO
14393103,Family home in the neighborhood of East Moreland,1576231,1462562128604164676,Gary,,Eastmoreland,45.46909,-122.62718,Entire home/apt,,30,15,2025-01-01,0.17,1,0,1,18-201656-000-00-HO
14450148,Mi casa Es Tu Casa (near SE 52nd and Holgate),88997237,1467079490111941136,Adam,,Creston-Kenilworth,45.49135,-122.61221,Entire home/apt,,1,124,2025-11-24,2.52,1,91,25,22-103957-000-00-HO
14452990,Beautiful modern condo on SE Division,1186587,1462539207784564249,Mike,,Richmond,45.50696,-122.61744,Entire home/apt,,30,17,2023-10-29,0.16,1,312,0,
14453719,Beaumont Bungalow Retreat,75117757,1466923611912982685,Keriann,,Beaumont-Wilshire,45.54988,-122.61974,Entire home/apt,,30,47,2025-02-27,0.42,1,0,1,
14475485,Portland Close to Downtown & Airport!,18925199,1463064608985102485,Cecilia,,Rose City Park,45.54592,-122.59728,Entire home/apt,,3,221,2025-11-29,1.96,3,360,9,17-110718-000-00-HO
14502584,Fresh North Portland Studio,42715966,1465634596378556876,Andrea,,Humboldt,45.561691,-122.675591,Entire home/apt,,2,512,2025-11-24,4.86,1,332,66,17-107872-000-00-HO
14505032,"Clean, Modern & Cozy in NE Portland  (2bd, 1bth)",45410272,1465673981387842263,Omar,,Sullivan's Gulch,45.53168,-122.64548,Entire home/apt,,1,661,2025-11-13,5.88,1,226,39,16-242186-000-00-HO
14535161,Hawthorne Stay with 2 perfectly cozy king beds,49123414,1465747794052567143,Jessica,,Sunnyside,45.51231,-122.63345,Entire home/apt,,3,172,2025-11-10,1.64,1,261,30,19-160463-000-00-HO
14551885,A Private Apartment in Inner SE Division-Clinton!,6446118,1462706635661794333,Buck,,Hosford-Abernethy,45.503156298243674,-122.63854131562891,Entire home/apt,,2,55,2025-11-22,2.17,1,1,23,24-011819-000-00-HO
14592068,Charming Bungalow with A/C,51175099,1465794671165116606,Robert Istvan,,Creston-Kenilworth,45.49182,-122.63532,Entire home/apt,,1,542,2025-11-30,6.82,1,347,63,18-278910-000-00-HO
14632018,Portland vintage 2 br in heart of SE Woodstock,86128240,1467036891477600429,Josh,,Woodstock,45.48054,-122.6202,Entire home/apt,,30,47,2023-04-30,0.91,2,211,0,
14638923,"SE PDX 2 Bed by Division, Hawthorne, and Woodstock",37683790,1465564143474793596,Joshua,,Mt. Scott-Arleta,45.48085,-122.58937,Entire home/apt,,7,35,2025-11-28,0.31,2,159,10,17-194157-000-00-HO
14653299,Modern 2BR Retreat w/ Cedar Hot Tub,3725504,1462638044484791125,Deborah,,Reed,45.48532,-122.6295,Entire home/apt,,2,55,2020-07-26,0.49,1,310,0,25ASTR-APP-00342
14654125,Come Home To A Place You've Never Been Before,6586631,1462710185284459200,Wayne,,Woodstock,45.48815,-122.61146,Entire home/apt,,3,72,2025-11-10,0.65,1,311,10,17-132046-000-00-HO
14686967,*On Alberta! Modern Artist Loft w/ Rooftop Views!*,51738043,1465811877079945155,Doug,,King,45.5592469,-122.6527726,Entire home/apt,,30,355,2025-11-10,3.17,1,84,21,17-108575-000-00-CO
14760381,Private Woodstock Retreat with Gorgeous Backyard!,26701213,1465376285407768827,Carrie,,Woodstock,45.4841,-122.61998,Entire home/apt,,2,256,2025-11-28,2.28,1,248,29,24ASTR-APP-00354
14772665,Ivon Garden Cottage,1586012,1462562412293572967,Lucy,,Richmond,45.50386,-122.61675,Entire home/apt,,2,684,2025-11-10,6.07,1,250,46,16-249665-000-00-HO
14780717,Pension Portlandia: Close to Convention Center,5670387,1462686478396244344,David And Debra,,Sullivan's Gulch,45.53338,-122.64086,Entire home/apt,,3,248,2025-11-30,2.27,1,322,23,17-178370-000-00-HO
14782685,"Portlandia/Craftsman, Downtown, Food! Pet Friendly",2503251,1462596932297809246,Laura,,Grant Park,45.53683,-122.6341,Entire home/apt,,30,63,2025-01-03,0.56,2,365,1,
14784937,"Private floor, 2 bedrooms, close-in vintage modern",92302331,1467115964963907058,Scott & Cliff,,Hosford-Abernethy,45.51083,-122.65166,Private room,,2,165,2025-11-02,1.46,1,125,16,17-134971-000-00-HO
14785325,Alberta Arts Tree House,17456214,1463010559127926709,Thomas Howell,,Concordia,45.56244,-122.63291,Entire home/apt,,2,376,2025-11-16,3.35,1,332,28,16-233375-000-00-HO
14789940,Cozy and Bright Roseway Heights Cottage,3597843,1462633875987902159,Deborah,,Rose City Park,45.54472,-122.60062,Entire home/apt,,3,60,2025-05-09,0.54,1,0,10,17-163316-000-00-HO
14803761,Tiny House Off Hawthorne (Mt. Tabor) BLVD,90701654,1467097306128623553,Kevin,,Richmond,45.51057,-122.61525,Entire home/apt,,30,410,2020-11-01,3.64,2,301,0,
14809195,NE Portland Craftsman Guest House,62043803,1466763503468957591,Jennifer,,King,45.55954,-122.66375,Entire home/apt,,3,202,2025-12-01,1.79,1,341,13,16-222489-000-00-HO
14825708,SE Division Hideaway,1638505,1462563746811341481,Nancy,,Hosford-Abernethy,45.50097,-122.63882,Entire home/apt,,2,360,2025-08-23,3.22,1,163,12,16-213179-000-00-HO
14842356,Cute place near Powell’s Books,3611030,1462634188991607870,Daniela,,Northwest District,45.52417,-122.69027,Entire home/apt,,31,258,2025-06-01,2.30,1,0,1,Exempt
14885930,Modern Zen Haus - Mt Tabor,49343,1462507621445777308,Kyra Anastasia,,Mt. Tabor,45.50883,-122.60158,Entire home/apt,,30,16,2025-02-05,0.14,1,305,1,21-027759-000-00-HO
14916909,Lincoln Loft,12095190,1462880012160492764,Shawn,,Mt. Tabor,45.50804,-122.60812,Entire home/apt,,1,146,2020-03-14,1.47,1,0,0,17-155448-000-00-HO
14936037,"Cute, Private Apartment | Close to everything!",25595028,1465345535816234203,Aimee,,Eliot,45.54704,-122.6633,Entire home/apt,,3,260,2025-11-28,2.33,1,236,31,15-249413-000-00-HO
14949147,"Dog Friendly Motor Lodge, One Queen Bed",8873069,1462789168775948675,Jupiter,,Buckman,45.52156,-122.65582,Private room,,30,74,2024-07-04,0.69,2,222,0,Exempt
14963860,Hidden Gem in Sellwood,2874362,1462526776650441012,,,Sellwood-Moreland Improvement League,45.45845,-122.65352,Entire home/apt,,14,57,2025-10-11,0.58,1,350,7,23-113854-000-00-HO
14963910,The Hydrangea House in Alameda,17366389,1463008467761931841,Erin,,Beaumont-Wilshire,45.54471,-122.62525,Entire home/apt,,2,408,2025-11-25,3.63,1,334,46,25ASTR-APP-00009
14966304,"Beaumont-Wilshire Charmer, NE PDX Close-in",94248402,1467137172444017289,Seth,,Beaumont-Wilshire,45.55296,-122.62464,Entire home/apt,,30,49,2025-10-05,0.44,1,146,4,
15042822,Historic Portland Charm with Modern Comforts,56903072,1465930263705600467,Simone,,Overlook,45.55289,-122.68559,Entire home/apt,,365,10,2019-02-03,0.09,1,268,0,
15060409,Queen Private Room at NW Portland Hostel,2820851,1462609613388119680,Northwest Portland Hostel,,Northwest District,45.52505,-122.68998,Private room,,1,129,2025-07-06,1.15,8,362,7,52640
15087305,NE Portland Charmer *Walk to Alberta & Williams!*,95484731,1467150619423099910,Benjamin,,King,45.55489,-122.66098,Entire home/apt,,2,299,2025-11-28,2.67,1,24,34,17-157046-000-00-HO
15094467,Modern Urban Barn Guesthouse,5455260,1462681267947950406,Susan,,Hosford-Abernethy,45.50267,-122.64462,Entire home/apt,,2,290,2025-12-02,2.62,2,306,38,16-233772-000-00-HO
15101133,Peaceful Artist's Retreat,59002572,1466710001910006027,Anne,,Rose City Park,45.54047,-122.60797,Entire home/apt,,3,98,2025-10-24,0.95,1,356,8,17-177840-000-00-HO
15113378,"Views, close to OHSU and PSU.  Parking included.",50536855,1465774487740352521,Michelle,,Portland Downtown,45.51164,-122.67977,Entire home/apt,,30,32,2025-11-01,0.30,1,264,4,
15147998,Lovely Laurelhurst Home,237041,1462510622766944319,Kimberly Meade,,Laurelhurst,45.52899,-122.62866,Entire home/apt,,5,20,2025-11-29,0.18,1,329,11,24-018848-000-00-HO
15162109,Studio Guesthouse SE Portland,62035184,1462749465122019356,Elizabeth,,Foster-Powell,45.49559,-122.59545,Entire home/apt,,1,709,2025-11-29,7.22,1,66,91,17-242964-000-00-HO
15207122,The Filbert - Garden Apartment in Inner SE PDX.,17575711,1462602929870975015,Saskia,,Hosford-Abernethy,45.50221,-122.64584,Entire home/apt,,2,390,2025-11-30,3.51,2,300,51,24ASTR-PER-00513
15225078,LoftHousePDX w/ Sauna & Hot Tub,42092967,1465626289642826924,Valerie,,Rose City Park,45.54143,-122.61048,Entire home/apt,,3,486,2025-12-01,4.45,1,350,23,16-229322-000-00-HO
15252541,Chic modern apartment in heart of Pearl District,48430655,1465733111375937003,Kelly,,Pearl,45.53137,-122.68478,Entire home/apt,,30,1,2016-10-14,0.01,1,363,0,
15255217,Peaceful Sanctuary in Portsmouth,2207146,1462522860680295787,Susan,,Portsmouth,45.5905,-122.7232,Entire home/apt,,3,134,2025-11-02,1.23,1,317,7,16-266870-000-00-HO
15267499,Colorful One Bedroom Condo One Block Off Division,97118810,1462864072117603460,Defne,,Hosford-Abernethy,45.50611,-122.64308,Entire home/apt,,31,92,2025-10-13,0.82,1,113,5,20-196294-000-00-HO
15285983,Portland Peaceful and Friendly Oasis,97295503,1467172085139227314,Stephanie,,Creston-Kenilworth,45.49428,-122.61479,Private room,,30,1,2017-09-03,0.01,1,0,0,
15287873,Adorable Backyard Cottage.  Near Beaumont Village,24370022,1465287243445412319,Stacy,,Rose City Park,45.5478,-122.60267,Entire home/apt,,2,285,2025-08-17,2.56,1,306,9,24ASTR-PER-00374
15289907,Best of Both Worlds.,4267438,1462534584055386604,Marco,,Hillside,45.52749,-122.70656,Entire home/apt,,30,26,2025-09-30,0.24,1,364,4,17-218816-000-00-HO
15308248,Comfortable & convenient.,43635238,1465647878588776147,Sherree,,Foster-Powell,45.49227,-122.58845,Entire home/apt,,30,10,2024-09-23,0.10,1,279,0,
15322001,Chicken Little Cottage: rustic cabin in the city!,54436471,1465886649946389920,J Brooke,,Cully,45.55856,-122.60355,Entire home/apt,,1,637,2024-08-31,5.71,1,0,0,24-008698-000-00-HO
15358320,Bohemian Escape,78494301,1466961163498486241,Pamela,,Sullivan's Gulch,45.53204,-122.63946,Private room,,2,192,2024-02-19,1.73,1,152,0,24-005686-000-00-HO
15361775,Private Basement Apt in sought-out SE Neighborhood,13580938,1462914574659217561,Bradford,,Sellwood-Moreland Improvement League,45.48152,-122.64528,Entire home/apt,,30,151,2024-08-08,1.37,1,179,0,16-273542-000-00-HO
15375039,NE Suite Spot! Alberta/Williams/Mississippi,4649264,1462662400817411787,David,,King,45.56276,-122.66411,Entire home/apt,,1,566,2025-11-27,5.10,1,145,50,16-267462-000-00-HO
15378341,Hawthorne / Tabor Getaway,1610080,1462563034791570567,Sean,,Mt. Tabor,45.50669,-122.61047,Entire home/apt,,30,9,2019-12-02,0.08,1,32,0,
15408554,Cozy Room in Eclectic Victorian-31 day min no tax,98202133,1467181779898110981,Toney,,Northwest District,45.537888,-122.697311,Private room,,31,595,2024-01-15,5.35,6,0,0,
15414261,Unparalleled City & Mtn Views,12846561,1462584065643238623,Kerri,,Southwest Hills,45.50898,-122.68815,Entire home/apt,,2,12,2025-10-04,0.11,3,157,2,16-132959-000-00-LU
15422766,Charming Bungalow in Vibrant Neighborhood,98845081,1462867664049933882,Jill,,Boise,45.55233,-122.67535,Private room,,1,436,2025-11-22,3.91,1,60,60,24ASTR-PER-00450
15456416,Vintage Portland Charm in The Heart of NE 30+ Days,99163732,1467192358867222298,Randal,,King,45.55505,-122.65727,Entire home/apt,,30,59,2024-03-01,0.53,1,0,0,
15496107,Pearl District Condo-Prime Location! Free Parking,25596073,1465345545476370280,Emily,,Pearl,45.53306,-122.68118,Entire home/apt,,30,33,2025-09-28,0.31,2,307,2,
15498447,Sun-filled charmer: Two full baths!,32619683,1465478465024373786,Julie,,Sellwood-Moreland Improvement League,45.46923,-122.64218,Entire home/apt,,3,63,2023-10-19,0.57,1,1,0,17-122373-000-00-ho
15523295,Beautiful Basement Studio Mississippi Neighborhood,6063183,1462696983320395256,Katherine,,Boise,45.55171,-122.6736,Entire home/apt,,31,53,2025-09-21,0.48,3,231,3,18-196466-000-00-LU
15524397,1920s Bungalow in NoPo,9423242,1462813793458484073,Adam,,Piedmont,45.57816,-122.67294,Private room,,2,252,2025-11-26,2.28,2,209,16,17-122395-000-00-HO
15529938,"Queen Studio,
Comfortable Cozy Chic",39865353,1465595121599558688,Lee,,Hazelwood,45.53085,-122.52799,Entire home/apt,,30,327,2025-11-08,3.00,1,218,3,12-123456-123-12-HO
15573458,Beautiful Oasis in NE Portland!,2576419,1462525054715338220,Maura,,Roseway,45.55237,-122.58542,Private room,,30,8,2018-05-19,0.08,3,0,0,
15590226,"Cozy, eclectic SE Portland upside down penthouse",100441836,1467206296497913961,Loren,,Reed,45.48764,-122.62283,Entire home/apt,,2,270,2025-11-16,2.49,1,331,24,17-136341-000-00-HO
15646823,Quiet Stay In Overlook near the Airport,67395194,1466832707334500892,Sheilah,,Overlook,45.56296,-122.68875,Private room,,1,508,2025-11-23,4.60,2,238,55,23-113860-000-00-HO
15658660,The Cozy Retreat,1495645,1462547367362790337,Lucie,,Maplewood,45.47463,-122.73197,Private room,,1,65,2025-11-30,2.70,1,147,62,25ASTR-APP-00050
15708087,Lovely SE Portland cottage with EV charger,73663956,1466908199769104242,Maggie,,Richmond,45.50444,-122.61534,Entire home/apt,,30,203,2025-09-05,1.90,1,284,1,24-003295-000-00-HO
15728518,Portland's Hawthorne Hideaway - 2 bdrms Own floor,18590525,1463057272989305070,Thomas,,Richmond,45.51046,-122.63315,Entire home/apt,,1,131,2025-08-26,1.23,5,156,8,17-280804-000-00-LU
15734618,Huge Mt Tabor Studio with Courtyard Entry,8260857,1462753265344726555,Amber,,South Tabor,45.50464,-122.59182,Entire home/apt,,30,421,2024-02-03,3.83,2,0,0,
15757243,The Westmoreland Lighthouse - Private studio in SE,11423234,1462578476837691885,Dana,,Sellwood-Moreland Improvement League,45.47578,-122.64453,Entire home/apt,,2,656,2025-11-30,6.03,1,133,59,16-274686-000-00-HO
15774439,Home Should Be Your Favorite Place In The World!,99762997,1467198947217608725,Jennifer,,Kenton,45.58193,-122.70356,Private room,,1,412,2025-11-16,3.73,1,365,17,25ASTR-PER-00301
15788692,Alberta Arts Gem Brimming with Color and Light,21621478,1463159772023216166,Karma,,Concordia,45.55675,-122.63749,Entire home/apt,,2,296,2025-11-10,2.88,1,353,31,17-178375-000-00-HO
15803257,Portland Sunflower House,9467415,1462814885172075263,Ashley,,Piedmont,45.58031917898625,-122.67566641816826,Entire home/apt,,2,66,2025-11-19,2.68,1,335,21,24-004869-000-00-HO
15804432,Center of PDX 2B+ loft w/garage!,9292540,1462810421557704352,Ana,,Grant Park,45.53624,-122.63264,Entire home/apt,,30,121,2025-01-01,1.10,1,64,1,
15817715,Foodie Fun at the Urban Owl - Division/Hawthorne,8202650,1462751720279158174,Siobhan,,Hosford-Abernethy,45.5108,-122.64102,Entire home/apt,,2,471,2025-11-16,4.50,1,345,45,16-278815-000-00-HO
15859206,"Private Entry, Workstation, GardenOasis, Walkable",13615952,1462916654989887019,Nicole,,St. Johns,45.59319,-122.74941,Private room,,2,135,2025-10-25,1.27,2,233,4,25ASTR-PER-00283
15888715,Cool Mod Private Entrance Space in SE Portland!,8825,1462506621624549623,Elizabeth Ann,,Mt. Scott-Arleta,45.47869,-122.58293,Entire home/apt,,3,312,2025-11-29,2.83,1,169,19,17-104785-000-00-HO
15900501,Pine Manor | Eclectic Victorian w/ Luxe Amenities,103138695,1467238383124051223,Heather,,Buckman,45.52132,-122.65144,Entire home/apt,,3,223,2025-11-17,2.20,2,329,33,16-258777-000-00-LU
15930586,"Two Palms: Spacious, central, remodeled 5bd beauty",3158903,1462528369296016724,Sara,,Concordia,45.56459,-122.62713,Entire home/apt,,3,259,2025-10-20,2.38,1,291,21,17-237319-000-00-LU
15987481,Modern Sanctuary in the heart of Concordia.,14968156,1462951136873256017,Michael,,Concordia,45.5642,-122.63582,Entire home/apt,,1,520,2025-11-14,4.74,1,198,22,17-116595-000-00-HO
16017785,2 bedrooms plus office in vibrant Buckman,3014197,1462614975745166077,Whitney,,Buckman,45.51658,-122.65151,Entire home/apt,,30,2,2018-07-01,0.02,1,178,0,
16020082,Spacious apt in SE Portland,6397966,1462545384702147630,Erin,,Richmond,45.49821,-122.63163,Entire home/apt,,2,121,2025-11-10,1.13,1,264,8,25ASTR-PER-00044
16072598,Spacious Loft in the Heart of Southeast PDX,2673359,1462525628504766226,Nathan,,Richmond,45.50012,-122.62348,Entire home/apt,,2,364,2025-11-30,3.32,2,37,39,17-156319-000-00-HO
16132722,Cozy Two Bedroom Downstairs Living Space,52170945,1465836789471349204,Carol,,Parkrose Heights,45.5357,-122.54052,Private room,,30,62,2022-10-22,0.69,1,270,0,
16135714,Cozy Apartment by the Park-Newly Renovated,3901470,1462642195102024931,Jennifer,,Richmond,45.51086,-122.63464,Entire home/apt,,1,1192,2025-11-21,10.93,2,243,143,19-160688-000-00-HO
16146098,Cozy Private Dwelling in Cathedral Park / St Johns,39660315,1465592192447227300,Jennifer Elizabeth,,Cathedral Park,45.58354,-122.75054,Entire home/apt,,3,75,2025-07-15,0.69,1,86,8,24ASTR-APP-00411
16159044,Waterfront dream home 10 min to PDX airport,57792832,1466692892855232862,Joi,,Argay,45.56418,-122.5182,Private room,,30,40,2023-04-27,0.40,1,0,0,17-183121-000-00-HO
16159235,Portland International Guesthouse - Apartment,2915808,1462612360318784593,Stephen,,Northwest District,45.525718688964844,-122.69625854492188,Entire home/apt,,1,116,2025-10-21,1.09,5,315,7,02-120432-000-00-LU
16174300,Sun-kissed room for 1-2 in historic Alberta home,6946676,1462719538371110706,Scott,,Humboldt,45.558284759521484,-122.66563415527344,Private room,,1,149,2025-11-28,1.45,5,361,26,17-182673-000-00-HO
16207620,St. Johns Close-In Cozy  Studio,7323422,1462728978796112652,Bryan,,Cathedral Park,45.58672,-122.75569,Entire home/apt,,4,122,2025-11-25,1.19,1,131,22,17-179665-000-00-HO
16236488,The Place,60426753,1462745298973651315,E Malcolm,,Humboldt,45.55475,-122.66781,Private room,,30,94,2023-10-07,0.90,1,0,0,17-113043-000-00-HO
16282853,"Magnolia House, Birthday Room",4256569,1462534511170275150,Carie,,Laurelhurst,45.53291,-122.62923,Private room,,1,97,2024-11-17,0.94,4,0,0,17-268544-000-00-LU
16299536,Cozy Room(s) in St Johns with Private Bath,34947896,1465515713033199089,Karine,,St. Johns,45.59888,-122.74257,Private room,,1,101,2021-08-18,0.94,1,0,0,17-174569-000-00-HO
16323421,Purrfect Portland Escape (w EV charger!),5849887,1462691200573364944,Karina,,Woodlawn,45.5741,-122.64569,Entire home/apt,,2,7,2025-06-29,0.07,1,268,1,24ASTR-APP-00545
16323535,Stylish apartment in amazing location.,6628318,1462546499353654658,Marianne,,Overlook,45.56152,-122.69327,Entire home/apt,,1,171,2021-04-17,1.62,1,0,0,17-129979-000-00-HO
16345946,Relaxing santuary in inner NE Portland,4955204,1462669314627270789,Erin,,King,45.56567,-122.65575,Private room,,30,1,2017-01-10,0.01,1,0,0,
16364330,Cozy Victorian Studio (31 day min-no taxes),98202133,1467181779898110981,Toney,,Northwest District,45.53909,-122.69658,Entire home/apt,,31,41,2023-10-29,0.38,6,47,0,
16413063,BEST NEIGHBORHOOD IN PORTLAND!!! #17,21655715,1463160676967464616,Villa Serena,,Northwest District,45.53494,-122.70292,Entire home/apt,,30,19,2025-06-13,0.18,4,248,2,
16416965,Private Modern Portland Home - KING BED,62992553,1462751983247317071,Lori,,West Portland Park,45.4469,-122.72181,Entire home/apt,,30,3,2020-03-01,0.03,3,178,0,16-187755-000-00-HO
16427538,Portland Southwest Suite Stay,107557224,1467303414021094710,Robert,,Hayhurst,45.48496,-122.72776,Entire home/apt,,2,450,2025-11-30,4.15,1,240,66,17-138508-000-00-HO
16467909,"Mt. Scott Apartment/view, quiet, beautiful spot",4677703,1462663090106897679,Diane,,Lents,45.46214,-122.55893,Entire home/apt,,30,86,2025-07-06,0.79,1,118,2,
16480376,"Eclectic Urban Oasis, Relaxing Suite Near U of P",108190308,1467310949307893471,Amy,,Arbor Lodge,45.5709,-122.68559,Entire home/apt,,2,86,2025-11-10,0.96,1,14,11,17-155770-000-00-HO
16519704,Greenwich Place,108570373,1467315358967596449,James,,Arbor Lodge,45.571,-122.68444,Entire home/apt,,14,121,2025-08-20,1.18,1,364,2,19-265036-000-00-ho
16545380,Ash Street Little Studio off Restaurant Row,41780011,1465621622833224382,Ariel,,Kerns,45.5222,-122.63677,Private room,,2,147,2025-11-14,2.08,3,152,23,19-236833-000-00-HO
16557751,Private Cottage in Laurelhurst Neighborhood,109032237,1467320477725627554,Gabriel,,Laurelhurst,45.525,-122.62635,Entire home/apt,,3,117,2025-10-27,1.09,1,153,14,17-121617-000-00-HO
16568420,Waterfront Pearl Modern Large Home Away From Home,109143261,1467321697945720352,Sun,,Old Town/Chinatown,45.5282,-122.67235,Entire home/apt,,31,7,2025-02-28,0.08,2,365,1,
16572315,Family Friendly Home in Portland,423844465,1529331774536458017,Brian,,Bridlemile,45.49138,-122.74303,Entire home/apt,,1,794,2025-11-23,7.34,1,207,79,24-135879-567-46-HO
16578494,NE PDX Guesthouse Bedroom,52028379,1462721675709363605,Cassiah,,Woodlawn,45.57278,-122.66127,Private room,,30,15,2025-08-01,0.14,2,256,2,
16600030,Mid-Century Modern Meets Historic Streetcar Style,5074035,1462672239868670753,Rachel,,Boise,45.55225,-122.67577,Entire home/apt,,31,91,2025-08-10,0.90,4,363,2,15-138062-000-00-HO
16617424,Eclectic Victorian Room with Private Bathroom,50541937,1462716774563807112,Marta Zoess,,South Portland,45.49682,-122.67523,Private room,,2,462,2025-11-17,4.27,1,250,33,16-282536-000-00-HO
16712779,Sunstone House - Stylish 2 BR - Best Part of Town,16693663,1462992843670372985,Will,,Richmond,45.50167,-122.62242,Entire home/apt,,30,203,2024-07-15,1.89,1,365,0,
16770374,Hawthorne Hideaway-Close To Food and Fun!,3794426,1462639625976854499,Cassidy,,Richmond,45.51132,-122.62373,Entire home/apt,,2,399,2025-11-29,3.74,1,55,38,17-155936-000-00-HO
16779136,Hawthorne Area Artsy Home Away from Home,28000582,1465413616073334870,Gail,,Sunnyside,45.51328,-122.63058,Entire home/apt,,2,212,2025-10-27,1.97,2,0,20,17-122954-000-00-HO
16795787,Mid-Century Woodstock Duplex,111643390,1467349006887639985,Vanessa,,Mt. Scott-Arleta,45.48088,-122.59648,Entire home/apt,,30,28,2025-11-08,0.28,2,146,3,
16846942,Large Basement unit near Mississippi and Alberta,53588039,1465871131308857223,Matthew,,King,45.55513,-122.65916,Entire home/apt,,1,230,2025-11-29,2.14,1,0,17,17-178586-000-00-HO
16862950,The Laurel/Portland.Peaceful.Fun,714512,1462513717489291010,Dan,,Laurelhurst,45.52294,-122.62382,Entire home/apt,,1,660,2025-12-01,6.19,4,356,64,25ASTR-PER-00253
16874105,The Nest: Very Clean & Peaceful N Portland Studio,49356222,1465752481520637315,Paul,,Humboldt,45.55527,-122.66881,Entire home/apt,,1,665,2025-11-13,6.40,1,202,54,17-135683-000-00-HO
16881037,Standard Private Room at NW Portland Hostel,2820851,1462609613388119680,Northwest Portland Hostel,,Northwest District,45.52562,-122.68876,Private room,,1,297,2025-11-23,2.76,8,151,59,52640
16914822,Spacious house with fenced yard and hot tub,1169793,1462538772748276958,Audra,,Ardenwald-Johnson Creek,45.46227,-122.62907,Entire home/apt,,2,88,2025-11-21,0.86,1,211,32,
16972972,St Johns Urban Studio,246080531,1487956192722814846,Val,,St. Johns,45.59565,-122.74413,Entire home/apt,,1,403,2025-11-29,3.78,1,146,51,19-186049-000-00-HO
16974158,Work & Relax at the Treehouse Organic Modern Apt.,113557299,1468173084371104030,Jeffery Michael,,Forest Park,45.52499,-122.74177,Entire home/apt,,30,42,2025-11-23,0.41,1,280,3,
16985036,Division Street Casita del Jardin ( garden home),7281995,1462727976468186960,Mary,,Richmond,45.50336,-122.62933,Entire home/apt,,2,188,2025-06-08,1.87,1,3,2,19-222651-000-00-HO
16995515,Vintage style and quiet comfort,6789678,1462715341397637992,Eric,,Eastmoreland,45.46878,-122.63447,Entire home/apt,,2,103,2025-11-29,0.97,1,0,2,17-117983-000-00-HO
17001341,Heartland of Portland's Hippest Hood!,7635902,1462737227565411307,Zachary,,Sunnyside,45.51359,-122.63292,Entire home/apt,,30,139,2025-07-01,1.35,2,122,3,
17012262,The Little House in the Heart of Concordia,170065,1462510199841259327,Hope,,Concordia,45.56119,-122.63916,Entire home/apt,,2,435,2025-11-24,4.20,1,201,37,17-157055-000-00-HO
17026805,Stephens Street Gallery & Guesthouse,14088213,1462930280930664636,Erik,,Richmond,45.51045,-122.62276,Entire home/apt,,30,178,2023-10-22,1.67,1,0,0,
17029005,Cozy N. Tabor Room•Private Jacuzzi Bath•Fast Wi-Fi,114238138,1468177746690528809,Lance,,North Tabor,45.52347,-122.59953,Private room,,30,103,2020-02-16,0.97,1,88,0,
17038994,"Magnolia House, morning sunshine",4256569,1462534511170275150,Carie,,Laurelhurst,45.53289,-122.62923,Private room,,1,36,2023-04-29,0.39,4,0,0,17-268544-000-00-LU
17159753,The Backyard Bungalow! Big Living; Small House,8584999,1462771169595095797,Timothy,,Richmond,45.50162,-122.61124,Entire home/apt,,2,464,2025-11-23,4.40,1,341,60,17-138927-000-00-ho
17161133,Private Room (2 beds) at NW Portland Hostel,2820851,1462609613388119680,Northwest Portland Hostel,,Northwest District,45.52734,-122.69084,Private room,,1,100,2025-10-13,0.94,8,362,7,52640
17176362,Beautiful private Apartment,79068987,1466967048404011676,Diane,,Powellhurst-Gilbert,45.50122,-122.53778,Entire home/apt,,30,14,2017-09-04,0.13,1,0,0,
17191505,Spacious and Clean NE Portland *Pet Friendly*,18925199,1463064608985102485,Cecilia,,Rose City Park,45.54584,-122.59647,Entire home/apt,,3,270,2025-11-29,2.53,3,346,24,17-110718-000-00-HO
17193144,Modern Montavilla Studio,10354978,1462838356124371399,Alice,,Montavilla,45.52867,-122.57093,Entire home/apt,,30,162,2020-03-15,1.53,1,0,0,17-121852-000-00-HO
17220608,Cozy home away from home in NE Portland,115783024,1468188783497419620,Wendi,,Cully,45.56429,-122.61822,Entire home/apt,,1,364,2025-08-30,3.42,1,30,19,17-130943-000-00-HO
17238144,Cozy Cottage in Mt. Scott,11236598,1462860159315476119,Catherine,,Mt. Scott-Arleta,45.476,-122.58604,Entire home/apt,,1,426,2025-10-26,4.07,1,59,36,17-155425-000-00-HO
17257045,Woodlawn 2bed/1ba Only Steps to Pubs & Cafes,6628849,1462711293532922134,Inger,,Woodlawn,45.57187,-122.64559,Entire home/apt,,1,1002,2025-11-19,9.45,1,168,124,17-124299-000-00-HO
17269218,The Book House: Quiet Queen,42694776,1465634325300680759,Kim,,Portsmouth,45.58656,-122.73021,Private room,,1,79,2025-11-03,0.76,2,354,7,21-041347-000-00-HO
17305201,Everything You Need Rain or Shine,8335229,1462765835756131860,Poppy,,Portsmouth,45.58539,-122.73102,Entire home/apt,,2,147,2025-11-09,1.38,1,16,20,25ASTR-APP-00162
17381562,Home Sweet Home in St. Johns,6514453,1462708384212848628,Annalisa,,Cathedral Park,45.58522,-122.74491,Entire home/apt,,2,133,2025-10-19,1.25,1,253,11,24ASTR-APP-00520
17386788,❤️ CLEAN ★ NEAR DOWNTOWN ★ PATIO ★ WALKABLE,14008197,1462588634944766521,Antony & Fotoula,,North Tabor,45.52634,-122.61484,Entire home/apt,,2,265,2025-11-27,2.51,3,270,22,17-153440-000-00-HO
17422378,Charming apartment in the middle of Portland!,23043981,1465267837753484529,Carole,,Creston-Kenilworth,45.49569,-122.63835,Entire home/apt,,7,97,2025-08-11,0.96,1,306,7,17-147099-000-00-HO
17462225,Dog-Friendly Retro SE Portland 2-bedroom with yard,1778883,1462578192057232077,Jon,,Creston-Kenilworth,45.49184,-122.6212,Entire home/apt,,30,25,2024-11-10,0.27,1,0,0,
17479457,Come stay with my cool cats!,118408050,1468209482436212041,Dan,,Madison South,45.545456,-122.572716,Private room,,1,248,2025-11-15,2.39,1,159,36,24ASTR-APP-00264
17498339,Large Private Home - King Bed,62992553,1462751983247317071,Lori,,West Portland Park,45.44692,-122.72011,Entire home/apt,,30,2,2021-04-01,0.03,3,265,0,
17556602,NE Irvngtn Bungalow,444759,1462518597784741763,Robert,,Irvington,45.54096,-122.65666,Entire home/apt,,4,35,2025-07-18,0.38,1,358,2,17-155314-000-00-HO
17577294,Welcome to the Heart Of Portland's Foodie Scene!,7635902,1462737227565411307,Zachary,,Sunnyside,45.51226,-122.63361,Entire home/apt,,30,137,2025-10-22,1.33,2,143,4,
17652225,Clean & modern Concordia studio,92031924,1467111552454076211,Theo,,Concordia,45.56783,-122.63879,Entire home/apt,,1,251,2025-10-11,2.39,1,365,13,24ASTR-APP-00273
17653916,The Fox Chase Inn Flat 2,1213257,1462516627506848298,Dayna,,Concordia,45.56368,-122.63536,Entire home/apt,,30,17,2025-10-07,0.16,8,278,3,22-137836-000-00-HO
17655794,Foxchase Flat #1,1213257,1462516627506848298,Dayna,,Concordia,45.56318,-122.63623,Entire home/apt,,1,85,2025-11-22,4.27,8,329,57,22-137836-000-00-HO
17696910,Historic 3 BR Updated Condo in Alphabet District,17932869,1463032329824686715,Adam,,Northwest District,45.52829,-122.69567,Entire home/apt,,30,28,2022-10-31,0.27,2,0,0,
17714737,Queen Room w/ Private Bath at NW Portland Hostel,2820851,1462609613388119680,Northwest Portland Hostel,,Northwest District,45.52656,-122.68873,Private room,,1,55,2025-08-24,0.52,8,359,3,52640
17733906,BEST NEIGHBORHOOD IN PORTLAND,10161853,1462833160612310976,Murad,,Northwest District,45.53517,-122.70206,Entire home/apt,,30,32,2024-12-22,0.33,2,354,1,
17735080,Alberta Arts Urban Haven,22498676,1462621412651800779,Aradia,,King,45.55769,-122.65268,Entire home/apt,,1,478,2025-11-28,4.52,1,266,8,25ASTR-PER-00171
17749267,Unit X - Hotel Style Studio Apartment,121088523,1468230660016854177,Ry,,Overlook,45.55779,-122.6808,Entire home/apt,,30,70,2025-09-11,0.67,3,364,3,
17762473,The Magic House / Walk Score 93!,26822355,1462638777333301546,Todd,,Richmond,45.50806,-122.62559,Entire home/apt,,1,213,2025-10-09,2.33,5,334,21,17-221635-000-00-LU
17809720,Bright and modern studio.,495089,1462512202638632851,Erika,,Beaumont-Wilshire,45.55501,-122.62648,Entire home/apt,,2,272,2024-09-02,2.59,1,269,0,16-262688-000-00-HO
17860056,Bar 3728,15081218,1462953760762515613,Linda,,Richmond,45.50646,-122.62555,Entire home/apt,,4,198,2025-11-23,1.90,1,149,37,18-262196-000-00-HO
17866124,The Book House. Quiet Stay: Twin Bed with Balcony,42694776,1465634325300680759,Kim,,Portsmouth,45.58444,-122.72919,Private room,,1,214,2025-11-09,2.04,2,328,32,21-041347-000-00-HO
17892496,Cozy studio Entire Floor w private bathroom,118070685,1462913099652087765,Robin,,Buckman,45.51413,-122.64311,Entire home/apt,,2,446,2025-11-30,4.36,1,165,45,24ASTR-PER-00464
17904315,Basement Apartment in North Portland,12591253,1462891254178805541,Abby,,Arbor Lodge,45.57663,-122.69579,Entire home/apt,,1,178,2022-03-03,1.74,2,0,0,17-154795-000-00-HO
17937829,"Cozy Alley Cottage, Concordia/Alberta Arts, NE PDX",9180789,1462796892514507757,Helen,,Concordia,45.56753,-122.64162,Entire home/apt,,2,340,2025-11-29,3.23,1,224,28,17-109949-000-00-HO
17966883,Concordia Fir Cabin,92867046,1462854442110122503,Patrick,,Concordia,45.56907,-122.63181,Entire home/apt,,2,610,2025-11-16,5.84,1,244,53,17-143741-000-00-HO
18009756,Hawthorne Apartment w/ Jacuzzi Tub & Kitchen,28583708,1465421918876392380,Patricia Anne,,Richmond,45.50994,-122.6352,Entire home/apt,,2,238,2025-11-11,2.48,2,296,22,17-219541-000-00-HO
18023616,2 Primary Suites*Hawthorne/Division Area!,1096266,1462515914003978639,TaMAra,,Richmond,45.50782,-122.61661,Entire home/apt,,3,158,2025-11-16,1.51,5,98,29,17-178470-000-00-HO
18034741,"Bright, modern suite, close-in NE",2021272,1462584360821352391,Erik,,Humboldt,45.55857,-122.66723,Entire home/apt,,2,606,2025-11-08,5.83,1,250,41,17-156260-000-00-HO
18074788,A tree house on a quiet street,17527121,1463012207689138206,Jesse,,Southwest Hills,45.50131,-122.69638,Entire home/apt,,2,131,2025-05-24,1.29,1,151,1,17-157147-000-00-HO
18093210,Sellwood Garden Studio with Private Patio,32635358,1462659191571631000,Mark Griswold,,Sellwood-Moreland Improvement League,45.46162,-122.65416,Entire home/apt,,31,304,2025-10-28,2.94,1,193,22,17-157041-000-00-HO
18094561,"Clean, Comfy, Modern Private Apartment",491984,1462519772699723442,Amy,,Concordia,45.55917,-122.63283,Entire home/apt,,1,424,2025-11-17,4.11,1,226,69,17-197971-000-00-HO
18136463,Classic Overlook Bungalow near Eateries w/ Hot Tub,11875534,1462875046193001676,Becca,,Overlook,45.56432,-122.68946,Entire home/apt,,3,218,2025-11-29,2.80,2,62,32,19-264335-000-00-HO
18191700,ON Alberta Street: Private Loft w/ Rooftop!,109509841,1467325596098260702,Doug,,King,45.55918884277344,-122.65302276611328,Entire home/apt,,30,382,2025-11-21,3.69,1,78,29,17-108575-000-00-CO
18256025,"Cozy, Convenient Sellwood Retreat",20395786,1463106450583729685,Julia,,Sellwood-Moreland Improvement League,45.47005,-122.65784,Entire home/apt,,2,420,2025-11-29,4.13,1,275,48,17-174449-000-00-HO
18294608,Cozy Spa Sanctuary w/ Soaking Tub,126524556,1468273537714031542,Michael,,Richmond,45.50681,-122.63085,Entire home/apt,,2,369,2025-11-15,3.55,1,334,37,17-156321-000-00-HO
18303786,5+ bed Artsy Bungalow Inner SE Portland,15063380,1462592658848222653,Jessica,,Creston-Kenilworth,45.4949,-122.61896,Entire home/apt,,30,11,2017-07-09,0.11,1,0,0,
18308578,Urban Oasis in Irvington/Walk to Convention Center,63559052,1466784524639310308,Dylan,,Eliot,45.5398,-122.6589,Private room,,30,122,2019-11-25,1.16,1,0,0,
18309571,The Nest/Portland.Peaceful.Fun,121923954,1468237346349594655,Steve,,Sunnyside,45.51646,-122.63268,Entire home/apt,,1,520,2025-11-20,5.45,1,340,71,17-279177-000-00-HO
18333679,Hawthorne Division Food Drink Tabor Wonderland,9931242,1462827311823862426,Mindy,,Mt. Tabor,45.51142,-122.60809,Entire home/apt,,2,498,2025-11-26,4.98,1,246,54,24ASTR-PER-00187
18357744,Pine Manor Suite | Stylish & Spacious 3 BR Apt,103138695,1467238383124051223,Heather,,Buckman,45.52006,-122.65075,Entire home/apt,,2,174,2025-11-16,1.96,2,345,25,16-258777-000-00-LU
18375485,Valentina's Little Sister,127253367,1468279642476139608,Scott,,Hillside,45.52675,-122.70887,Entire home/apt,,3,225,2024-11-17,2.16,2,0,0,17-111589-000-00-HO
18379258,Historic Jacobberger House  Downtown Portland,12846561,1462584065643238623,Kerri,,Southwest Hills,45.50832,-122.68596,Entire home/apt,,3,14,2024-05-28,0.14,3,262,0,16-132959-000-00-LU
18395206,Exceptional East Moreland Guesthouse/ Reed College,17292270,1463006673008523535,J'Aime,,Eastmoreland,45.4707,-122.6241,Entire home/apt,,3,260,2025-12-01,2.49,1,347,27,17-156106-000-00-HO
18410518,Victorian Parlor Room. Permit# 24ASTR-PER-00491,56983408,1462735983487834413,Melanie,,Buckman,45.52097,-122.65415,Private room,,2,353,2025-11-30,3.37,1,188,35,24ASTR-PER-00491
18433339,"Bright, Comfy Division / Hawthorne Basement Studio",53953234,1465876648192359458,Ryan,,Richmond,45.50639,-122.62028,Entire home/apt,,2,347,2025-11-25,3.34,1,260,33,17-162810-000-00-HO
18434478,"Charming FoPo Retreat, Self Check-in!",127777784,1468284097304560918,Samantha,,Foster-Powell,45.49304,-122.59412,Private room,,30,129,2022-05-03,1.32,1,0,0,17-163703-000-00-HO
18447314,Beautifully Renovated 1910 Craftsman,77382200,1466947587984469488,Jennifer,,Richmond,45.50648,-122.62491,Entire home/apt,,30,15,2018-04-05,0.14,3,306,0,
18449084,Best Location in Portland! THE View,57187286,1462736552117236264,Taariq,,South Portland,45.50509,-122.67605,Private room,,30,0,,,1,0,0,
18464402,"St. Johns neighborhood, privacy and comfort",48023979,1465725548136011605,John And Mary Ann,,St. Johns,45.59427,-122.75673,Private room,,1,185,2025-12-01,1.79,1,269,28,21-028946-000-00-HO
18493925,Spacious Close-in Mt Tabor area Apartment,1332371,1462542991642420784,James,,Mt. Tabor,45.5065,-122.60324,Entire home/apt,,31,21,2025-11-17,0.20,1,179,2,
18502484,"Private Duplex, Fast Internet, Walk To It All",2322279,1462592007012073575,Andy,,Buckman,45.51296,-122.64707,Entire home/apt,,1,428,2025-11-30,4.14,1,182,39,17-178946-000-00-HO
18507317,/// Brand new studio / on MAX line to airport,14513978,1462590545752086701,Erica,,Rose City Park,45.53505,-122.59897,Entire home/apt,,2,287,2025-07-20,2.75,1,0,15,19-255053-000-00-HO
18565183,"Artistic, Quiet, Comfortable Portland home.",128887124,1468293391160431577,Kate,,University Park,45.5794,-122.71786,Private room,,30,91,2023-11-08,0.87,1,365,0,
18565742,Glamorous Suite w/Round Bed in SE,10385699,1462573989664290351,Katrina,,Hosford-Abernethy,45.50462,-122.65304,Entire home/apt,,2,194,2025-08-03,1.89,2,363,1,16-213922-000-00-HO
18576618,ZEN HAUS. An inner SE Hawthorne/Division Studio.,30883612,1465454805774379412,Mary,,Richmond,45.50801,-122.62804,Entire home/apt,,3,738,2025-11-29,7.82,1,90,66,18-190673-000-00-HO
18603330,Mid-Mod Prescott Pad,17022261,1463000314984098432,Bryn,,Cully,45.55624,-122.58977,Entire home/apt,,2,190,2025-07-12,1.92,1,241,19,24ASTR-APP-00294
18615313,Modern guest loft near Alberta,2783158,1462608216220234884,Summer,,King,45.55307,-122.65647,Entire home/apt,,3,178,2025-09-06,1.74,1,19,4,17-226468-000-00-HO
18618551,Relaxing retreat in sweet bungalow,2576419,1462525054715338220,Maura,,Roseway,45.55158,-122.58766,Entire home/apt,,30,17,2019-12-26,0.17,3,211,0,
18628799,Beautiful Arbor Lodge,36909902,1465549795075315166,Jennifer,,Arbor Lodge,45.57568,-122.68879,Entire home/apt,,30,2,2019-11-24,0.02,5,337,0,
18630078,★ Walk to Belmont - 2-bed/1-bath - Walk Score: 95!,129428891,1468298049941330605,Randy,,Buckman,45.51669,-122.64118,Entire home/apt,,30,372,2025-10-24,3.58,1,346,2,20-114300-000-00-HO
18635638,Rose Garden Guest Suite w/ Private Entrance,129473003,1468298435341568515,Cory,,Hazelwood,45.53223,-122.52872,Entire home/apt,,2,467,2025-11-15,4.73,1,252,40,17-283714-000-00-HO
18636900,Modern Luxury Apartment - Prize City Location!,17733541,1463027715898468953,Tony,,Sabin,45.55101013183594,-122.6549301147461,Entire home/apt,,2,397,2025-11-11,3.83,1,219,23,17-179144-000-00-HO
18672469,Newly Remodeled Open & Spacious Studio w/ 2 Kings,2936952,1462612936340904024,Wesley,,Roseway,45.543,-122.58934,Entire home/apt,,2,90,2025-10-12,0.87,1,346,11,24ASTR-PER-00096
18720958,"Modern Studio Apt in Laurelhurst, Near Downtown",4880727,1462667437523767794,Marnie & Kim,,Laurelhurst,45.53032,-122.62936,Entire home/apt,,2,263,2025-11-16,2.53,1,74,24,17-209646-000-00-HO
18770616,Alberta Nest: Home Base for Adventure in the City,21270012,1463150820294037859,Lorell,,Vernon,45.55934,-122.64532,Entire home/apt,,1,474,2025-12-01,4.59,1,330,44,17-156285-000-00-HO
18803962,Modern Guesthouse in Kenton,31862405,1465468222541666052,Emily,,Kenton,45.584251403808594,-122.69332885742188,Entire home/apt,,1,362,2025-12-02,3.96,1,221,63,19-268830-000-00-HO
18807994,"Comfortable Home, Great Location",1153199,1462516267215119846,Philipp William,,Richmond,45.51002,-122.62513,Entire home/apt,,2,20,2025-03-24,0.21,1,29,2,25ASTR-APP-00098
18810464,Washington Park Suite - Near Rose Gardens,15422453,1462961989550158507,Kathleen,,Arlington Heights,45.52139,-122.7062,Entire home/apt,,2,284,2025-11-22,3.21,1,238,38,18-187098-000-00-HO
18848570,House in Richmond Area SE Portland,14943493,1462950576328950503,Terry,,Richmond,45.49895,-122.62655,Entire home/apt,,3,106,2025-10-13,1.04,1,48,16,24ASTR-PER-00386
18887342,Casa de Campo in the Heart of Belmont- Hawthorne,131613511,1468317254805817913,Amy And Wes,,Sunnyside,45.51428,-122.63073,Entire home/apt,,1,341,2025-11-09,3.32,1,349,29,17-184421-000-00-HO
18945723,Airy Buckman Courtyard Guesthouse,442446,1462518528163180606,Owen,,Buckman,45.52068,-122.63792,Entire home/apt,,2,105,2025-12-02,1.06,1,17,4,16-280649-000-00-HO
18948401,Comfy Room in Eclectic Victorian-31 day min no tax,98202133,1467181779898110981,Toney,,Northwest District,45.5388,-122.697,Private room,,31,698,2024-01-18,6.73,6,0,0,
18962310,Portland Sanctuary,9078003,1462567965404046904,Veronika,,Piedmont,45.56671027475282,-122.66214344873457,Entire home/apt,,1,171,2025-09-29,1.65,2,254,5,17-183406-000-00-HO
18976343,Industrial vibe studio in perfect location,7872197,1462743373470196450,Chad,,Overlook,45.55571,-122.68427,Entire home/apt,,2,236,2025-10-15,2.30,1,257,25,25ASTR-PER-00374
18996706,Portland Experience Awaits You!,132519510,1468325230807838557,Pamela,,Multnomah,45.45499,-122.71732,Private room,,30,21,2025-11-08,0.22,1,336,2,
18999545,"Brand New, Modern Apartment in Trendy NE PDX",12222973,1462882869215059452,Lindsay,,King,45.55294,-122.65948,Entire home/apt,,30,130,2022-06-24,1.28,1,0,0,17-189661-000-00-HO
19019667,"Alberta Arts - fast Wifi, hd TV, A/C - Great area!",2236909,1462589820199892125,Shane,,King,45.55977,-122.65653,Private room,,31,31,2025-10-04,0.33,6,16,1,
19049489,The Crow;s Nest @ The Gilman,74852933,1462813879019460391,Kyr,,Kerns,45.52579,-122.64019,Private room,,31,1,2017-07-24,0.01,1,364,0,
19051513,Beautiful Basement Apartment in Contemporary Home,132980319,1468329213969700676,Sara,,Roseway,45.55268,-122.59636,Entire home/apt,,2,130,2025-11-29,1.28,1,218,17,17-180212-000-00-HO
19102236,Private garden loft apartment,41333497,1462687315162682919,Katya,,Piedmont,45.57185,-122.66403,Entire home/apt,,1,369,2025-11-10,3.58,2,144,18,16-191923-000-00-HO
19120860,Hollywood Haven,40607528,1462685097383471925,Suzanne,,Rose City Park,45.53827,-122.61283,Entire home/apt,,2,218,2025-09-28,2.13,1,62,10,15-197082-000-00-HO
19138065,* Backyard Studio + Parking + Fireplace *,133774958,1468335763815363881,Tessa,,Madison South,45.54453,-122.57216,Entire home/apt,,1,786,2025-12-01,7.60,1,255,78,24ASTR-PER-00357
19139827,The Flying Whale-MountTabor.,133785686,1468335833135121144,Jill,,Mt. Tabor,45.5213,-122.58814,Entire home/apt,,2,388,2025-10-24,3.84,2,109,21,17-182664-000-00-HO
19175797,littlebluepdx,1792734,1462578544953188876,Libby,,Concordia,45.563904,-122.635216,Entire home/apt,,2,543,2025-11-18,5.40,1,214,67,17-198869-000-00-HO
19195669,•1898UrbanVictorian Loft view near Convention Ctr.,134280900,1462949291219300435,Paulla,,Kerns,45.52596,-122.65705,Entire home/apt,,1,177,2025-11-18,1.72,2,175,11,24ASTR-PER-00368
19197609,The artFlat / Portland.Peaceful. Fun,134299336,1468340076994764728,Sky,,Richmond,45.5118,-122.63124,Entire home/apt,,1,403,2025-11-23,3.93,1,338,53,17-187117-000-00-HO
19208182,Rad Daylight Basement in 1959 Split Level Ranch,22809489,1462622745309495672,Matthew,,Creston-Kenilworth,45.49084,-122.62768,Private room,,1,637,2025-11-30,6.21,1,331,83,24ASTR-APP-00555
19209341,"Great, quiet neighborhood. 30 day minimum.",106287972,1467288999685273013,Joe,,Mt. Tabor,45.52255407254195,-122.60991125690482,Entire home/apt,,60,1,2023-03-31,0.03,1,90,0,
19225029,Pet Friendly with Fast Wifi & Easy Parking,134574350,1468342287871871846,Mark,,King,45.55032,-122.65818,Entire home/apt,,2,205,2025-11-10,2.00,1,356,20,25ASTR-PER-00095
19246074,Full Private Apartment in Trendy Neighborhood,29172616,1462647204966966289,Chris,,Foster-Powell,45.49011,-122.59334,Entire home/apt,,30,95,2025-11-08,0.92,2,259,3,Exempt
19247651,Multnomah Village Guest House,25278503,1465339181429583542,Lauren,,Multnomah,45.46656,-122.71454,Entire home/apt,,1,280,2025-08-24,2.77,1,152,12,24ASTR-PER-00408
19273583,"Sweet Hideaway in the trees, Mount Tabor",133785686,1468335833135121144,Jill,,Mt. Tabor,45.52068,-122.59036,Entire home/apt,,1,940,2025-12-02,9.21,2,321,134,17-182664-000-00-HO
19290369,Quaint Basement Studio w/ Hot Tub and Private Deck,16918919,1462599748323373089,Jason,,Hayhurst,45.4832,-122.72932,Entire home/apt,,1,537,2024-10-14,5.27,1,232,0,17-206685-000-00-HO
19308293,Two Stories Guest Cottage  with Deck and Grill.,16176539,1462980407595759081,Sabin,,Richmond,45.50052,-122.6323,Entire home/apt,,3,55,2025-11-23,0.58,1,110,9,19-242031-000-00-HO
19366649,Convention Center/ Moda/ Eliot/ West Irvington,135429095,1468349694135000996,Rebecca,,Eliot,45.53851,-122.6604,Entire home/apt,,2,333,2025-11-26,3.25,1,249,49,24ASTR-PER-00270
19384339,Cozy Private 800 sq. ft. Downstairs in St. John's!,135879197,1462952927647676144,Angie,,St. Johns,45.59366,-122.73515,Entire home/apt,,3,192,2025-11-08,1.87,1,237,26,19-215986-000-00-HO
19387985,Privacy & Peace steps from OHSU,9584819,1462570240313935963,Osvaldo,,Homestead,45.49689483642578,-122.69591522216797,Private room,,30,65,2025-10-03,1.16,1,35,11,25ASTR-PER-00123
19403380,Inviting Oasis By Division Street's Restaurant Row,136020511,1468354921144304986,Elisabeth,,Hosford-Abernethy,45.50411,-122.6363,Entire home/apt,,2,111,2025-08-31,1.08,1,0,10,17-181480-000-00-HO
19460421,"The LaunchPad: clean, mod, convenient guest house",3119225,1462528155539371613,Grace,,Overlook,45.56311,-122.6952,Entire home/apt,,3,184,2025-11-20,1.81,1,356,14,17-198021-000-00-HO
19475518,Entire Cozy Apartment Studio in Hip Neighborhood,29172616,1462647204966966289,Chris,,Foster-Powell,45.49095,-122.59563,Entire home/apt,,57,95,2025-01-18,0.93,2,317,1,
19494240,Ultra Clean 2 Bedroom with HEPA Air Purifier,136858425,1468361565804862705,Kimberly,,Arbor Lodge,45.57423,-122.68205,Entire home/apt,,3,414,2025-10-27,4.04,1,180,19,17-192961-000-00-HO
19519294,Cozy Modern Apartment on Alberta St,7580556,1462735734563951686,Alexander,,Overlook,45.5581,-122.68051,Entire home/apt,,2,377,2025-11-18,3.95,1,260,21,24ASTR-PER-00416
19530684,Orchard View,28410788,1465419351566929335,Janet,,Hayhurst,45.47727,-122.71508,Entire home/apt,,30,86,2025-04-30,0.84,3,361,1,
19531938,Historic Dougan Suites : Suite 1,5726659,1462542038111904924,Bridget,,Laurelhurst,45.524342,-122.622635,Entire home/apt,,30,191,2025-09-27,2.10,4,168,6,20-126857-000-00-HO
19545779,Alberta Loft,11076206,1462856463794468446,David,,Cully,45.55752,-122.6167,Entire home/apt,,2,197,2025-10-21,1.95,1,246,12,17-178434-000-00-HO
19547625,The Tiny Big Guest House,415258,1462517812618953501,Emily,,Creston-Kenilworth,45.49564,-122.63793,Entire home/apt,,2,497,2025-11-16,4.92,1,338,45,17-179145-000-00-HO
19553361,Patio Cottage for 1-2 w/kitchen & gas firepit,6946676,1462719538371110706,Scott,,Humboldt,45.558284759521484,-122.66563415527344,Entire home/apt,,1,206,2025-11-02,2.01,5,0,23,17-182673-000-00-HO
19570342,Comfy Condo Downtown Portland 97201 Extended Stay,21288777,1463151276653246909,Sharon,,Portland Downtown,45.51576,-122.68536,Entire home/apt,,31,8,2020-10-17,0.08,1,0,0,
19609470,Magic Caravan,1510664,1462547792149044393,Jessica,,Boise,45.55275,-122.67202,Entire home/apt,,2,360,2025-11-16,3.52,1,260,39,17-102169-000-00-HO
19610033,Taylor Street Cottage,137895170,1468369912713695631,Matt And Nicki,,Sunnyside,45.51421,-122.637,Entire home/apt,,1,557,2025-11-30,5.49,1,330,81,17-203500-000-00-HO
19626637,"Romantic & Private Castia, HotTub, Patio & Firepit",4901178,1462667952608821793,Christopher,,Woodstock,45.48745674907361,-122.613850014648,Entire home/apt,,1,827,2025-11-30,8.71,4,343,43,25ASTR-PER-00188
19657817,Williams Designer Suite - South,1239203,1462540509222656001,Shana,,Boise,45.550971084972176,-122.66726993659198,Entire home/apt,,2,251,2025-08-27,2.46,2,120,22,24ASTR-APP-00005
19683221,"Savor the Laid-Back, Bohemian Feel at a Sunny Urban Abode",417776,1462517889357708800,Laura,,Boise,45.5502,-122.66566,Entire home/apt,,2,410,2025-11-10,4.01,1,249,38,24ASTR-APP-00389
19764780,Parkrose Room,36382116,1465540418313171964,Jon,,Parkrose,45.56008,-122.55341,Private room,,30,37,2021-02-25,0.36,1,0,0,16-262815-000-00-HO
19769143,Two Bedroom Getaway NE Alberta Arts area: THE DUPE,139541066,1468382684813368590,Ticari,,King,45.55952,-122.66057,Entire home/apt,,30,62,2021-08-14,0.61,1,104,0,
19812267,"Cozy, Beautiful Alberta Arts Apartment",31304088,1465460512560924887,Leslie,,Alameda,45.55349,-122.63841,Entire home/apt,,4,401,2025-11-18,3.96,1,249,47,17-232725-000-00-HO
19820204,Pure Privacy for 2 in Multnomah Village,137846612,1468369521733796585,Lorraine,,Multnomah,45.46833,-122.70695,Entire home/apt,,2,247,2025-11-17,2.48,1,113,33,17-259235-000-00-HO
19865184,1898UrbanVictorian Parlor Apt.near Convention Ctr.,134280900,1462949291219300435,Paulla,,Kerns,45.52605,-122.65667,Entire home/apt,,1,109,2025-10-19,1.07,2,264,6,24ASTR-PER-00368
19880543,Hazelwood Haven: 1 BR w/private entrance & bath,63788073,1466787248268870789,Jenka,,Hazelwood,45.52064,-122.53362,Private room,,5,278,2025-12-01,2.77,1,15,7,24-006590-000-00-HO
19890526,Entire Main Floor Bungalow - Min 30 Night Stay,32601622,1465478235730704183,Katherine,,Woodlawn,45.57089,-122.65708,Entire home/apt,,30,7,2022-04-16,0.12,1,0,0,
19910312,Private bedroom in a house off Hawthorne Mt Tabor,90701654,1467097306128623553,Kevin,,Richmond,45.51159,-122.61483,Private room,,2,198,2025-11-27,1.94,2,248,19,16-222456-000-00-HO
19928912,Vintage-Modern Large Hawthorne Suite. A+ location,1743188,1462577262634202297,Chrystal,,Richmond,45.51072,-122.63198,Entire home/apt,,2,328,2025-10-12,3.42,1,211,30,18-117567-000-00-HO
19949395,TheBuffaloBee-Private Suite+Balcony-Clean & Quiet!,11740189,1462871970396726624,Anthony Lane,,Arbor Lodge,45.57515,-122.68669,Entire home/apt,,3,189,2025-09-30,1.88,1,88,21,17-183366-000-00-HO
19952673,Portland Home with garden,20413267,1463106971656208322,Lindsay,,Alameda,45.55149,-122.63246,Entire home/apt,,30,7,2019-12-28,0.07,2,362,0,
20001164,Alberta Arts Cob Oven Home,7316008,1462728820520451501,Jodie,,Concordia,45.56022,-122.63343,Entire home/apt,,30,79,2020-06-21,0.78,1,65,0,17-183808-000-00-HO
20027335,Bedroom in Hip Mississippi neighborhood home,3220022,1462623064989166554,Julie,,Boise,45.55139,-122.67594,Private room,,14,80,2024-09-05,0.79,4,195,0,17-178612-000-00-HO
20035331,"The Copper Flat - Walkable, Creative & Private!",6416589,1462705894397411632,Adam John,,Boise,45.55267,-122.67805,Entire home/apt,,1,840,2025-11-22,8.25,6,251,102,18-107413-000-00-HO
20055813,Stylish North Portland home with beautiful view,10514300,1462842660411034229,Julian,,University Park,45.58,-122.74061,Entire home/apt,,2,128,2024-03-06,1.26,1,0,0,24-010664-000-00-HO
20057131,Piedmont Private Retreat,94888093,1467144101104449875,Jennifer,,Piedmont,45.57432,-122.67782,Entire home/apt,,31,101,2022-09-29,1.00,1,0,0,17-198853-000-00-HO
20067366,Restored Buckman Craftsman-your perfect home base`,2644422,1462525462751788694,Linda,,Buckman,45.52106,-122.6435,Entire home/apt,,3,257,2025-11-29,2.69,1,308,42,17-277593-000-00-HO
20074833,"Kelly's Cottage, A Modern SE Portland Guest House!",32292601,1465474348853098312,Jack,,Brooklyn Action Corps,45.49174,-122.6497,Entire home/apt,,1,215,2025-11-20,2.40,1,358,37,24ASTR-PER-00303
20124460,Cedar Grove Cottage with Superhost near Airport!,2215281,1462589283737402337,Leah,,Sumner,45.55738,-122.57237,Entire home/apt,,30,217,2021-08-22,2.15,2,0,0,17-226447-000-00-HO
20133878,Executive Gem In the Heart of Hawthorne,2086378,1462586009224357072,Kathryn,,Buckman,45.51513,-122.63888,Entire home/apt,,4,121,2025-11-30,1.39,1,296,20,18-184826-000-00-HO
20167870,Explore Portland on Foot from Your Modern Retreat,6416589,1462705894397411632,Adam John,,Boise,45.55462,-122.67702,Entire home/apt,,1,942,2025-11-23,9.31,6,353,101,18-107413-000-00-HO
20193247,Welcoming 1 bedrm eco tiny house near NE Alberta.,24551609,1465306422651291500,Jeanine,,King,45.56158,-122.66239,Entire home/apt,,2,385,2025-07-07,3.79,1,211,9,16-147273-000-00-HO
20195374,Private hot tub in beautiful Rose City,42731803,1465634805426021794,Andreas,,Roseway,45.54218,-122.59002,Entire home/apt,,2,445,2025-10-31,4.39,1,309,24,17-178454-000-00-HO
20211007,Luxurious Cape Cod in Central Eastside,143962583,1468417986605547307,David,,Mt. Tabor,45.52137,-122.6105,Entire home/apt,,1,506,2025-11-28,5.25,1,37,73,24ASTR-APP-00420
20214662,Quick's Cozy Cottage,139135055,1468379724455896687,Charles,,Humboldt,45.558,-122.67728,Entire home/apt,,2,86,2025-08-27,0.85,1,364,8,24-018825-000-00-HO
20254543,"Cozy hempcrete haven ~ sauna, tubs, fire, workshop",15152314,1462592997316036021,Matt,,Cully,45.56111,-122.60371,Entire home/apt,,1,287,2025-01-14,2.83,1,87,1,24-013737-000-00-HO
20254887,Sellwood cozy clean separate entrance/space,140336238,1468388795316134363,Erin,,Sellwood-Moreland Improvement League,45.45779,-122.65252,Private room,,30,29,2025-02-14,0.29,1,223,1,
20257538,Handcrafted Urban Hideaway | Private Driveway,13376106,1462909801500410941,Carissa,,Piedmont,45.57491,-122.67527,Entire home/apt,,2,510,2025-11-16,5.04,1,102,57,24-013496-000-00-HO
20270387,"Old World Elegance-3 room suite, private entrance",5341424,1462540125805581967,Susan A,,Reed,45.48309,-122.62939,Private room,,1,281,2025-11-28,2.78,1,322,46,19-215936-000-00-HO
20308030,Mid Century Portland Sanctuary.,9078003,1462567965404046904,Veronika,,King,45.5647,-122.6626,Entire home/apt,,1,38,2019-08-25,0.38,2,364,0,17-183406-000-00-HO
20322456,"Bright new home near pubs, parks and University!",8955868,1462567416744752124,Sean,,University Park,45.579,-122.72125,Entire home/apt,,30,30,2025-05-04,0.31,1,166,1,18-104819-000-00-HO
20327118,Stylish Craftsman Close to Downtown,509244,1462520294689015291,Jim,,Irvington,45.54465,-122.65721,Entire home/apt,,1,489,2025-11-17,4.86,1,268,58,17-153694-000-00-HO
20328717,Elegant SE Portland/Reed College BLUE MOON SUITE,98837449,1467187833833822979,Amelia Andrea,,Eastmoreland,45.47899,-122.62475,Entire home/apt,,2,432,2025-11-19,4.29,1,333,48,24-011814-000-00-HO
20335993,"★ Bright, New In-law suite in PDX, Alberta Arts",65297739,1466807486572971496,Albert,,Vernon,45.56226,-122.6511,Entire home/apt,,1,127,2025-08-31,1.26,1,269,7,17-254430-000-00-HO
20354598,Tiny house- Studio,3645233,1462636002914337620,Marina,,Creston-Kenilworth,45.49178,-122.61359,Entire home/apt,,1,399,2025-10-27,3.95,1,48,27,17-173384-000-00-HO
20363575,"Ease, Elegance, Best of NW PDX",2437538,1462524201069642809,Martha,,Northwest District,45.53727,-122.7034,Entire home/apt,,31,2,2021-08-26,0.03,1,89,0,
20420420,"Beautiful, quiet 3BR/6 guest home in Sellwood",46324976,1462703047965954375,Josie,,Sellwood-Moreland Improvement League,45.473341337808016,-122.65052036955608,Entire home/apt,,5,49,2025-12-01,0.49,1,262,17,22-134512-000-00-LU
20426737,Hawthorne Hood*Private Bath*Garden Suite*,1096266,1462515914003978639,TaMAra,,Richmond,45.50598,-122.61499,Private room,,2,85,2025-09-01,0.84,5,8,7,17-178470-000-00-HO
20427061,2 BR Family Friendly Luxury Suite in SE Woodstock,21427983,1463154979497141800,Ryan,,Woodstock,45.48464,-122.6185,Entire home/apt,,1,529,2025-11-19,5.27,1,337,50,17-196290-000-00-HO
20436612,"Hot Tub, Secluded Getaway In the City.",119485170,1468217953605862982,Nina,,University Park,45.57723,-122.71601,Entire home/apt,,1,969,2025-11-03,9.59,1,245,95,19-104667-000-00-HO
20460062,St. John's studio,60440751,1466743943680018978,Amy,,St. Johns,45.59745,-122.75182,Entire home/apt,,30,17,2025-05-22,0.17,2,335,1,
20461290,"Upscale quiet 2BR (1400sf)near downtown,pool table",1674967,1462564758900570202,Marina,,Northwest Heights,45.54594,-122.77272,Entire home/apt,,2,109,2025-11-28,1.10,1,228,17,17-224543-000-00-HO
20469907,Charming Cottage in park like setting,39925570,1465595939995729980,Ray,,Pleasant Valley,45.47529,-122.5374,Entire home/apt,,30,15,2025-10-12,0.15,1,179,1,
20477753,Garden Sanctuary near Airport with Superhost!,2215281,1462589283737402337,Leah,,Sumner,45.55702,-122.57053,Entire home/apt,,30,309,2022-03-20,3.06,2,0,0,17-226447-000-00-HO
20479122,Foodie Hotspot • Walk Everywhere • 1BR Retreat,146196024,1468435531635992384,Jeff,,Buckman,45.51613998413086,-122.63934326171875,Entire home/apt,,1,696,2025-11-17,6.89,6,361,61,17-273839-000-00-CO
20501442,Sleeping Beauty in Northwest Alpha. Near trails!!,51019210,1462718398886229774,Tracie,,Northwest District,45.53751,-122.71481,Entire home/apt,,2,342,2025-11-02,3.40,3,20,55,17-155282-000-00-HO
20526629,Beautiful apartment in tranquil SW,51929647,1465819492641763182,Emily,,Marshall Park,45.45937,-122.69078,Entire home/apt,,31,5,2025-09-26,0.05,1,289,3,
20591246,Modern Private 2 Bedroom Suite in Quiet  Location,23416496,1465273005154305674,Donna,,Rose City Park,45.54162,-122.59845,Private room,,2,296,2025-11-30,2.99,1,239,26,17-239847-000-00-HO
20603233,Miller Street Sellwood Garden Apartment,109799233,1467328536036802748,Dannelle,,Sellwood-Moreland Improvement League,45.4657,-122.64413,Entire home/apt,,2,376,2025-11-15,3.83,1,334,48,17-239031-000-00-HO
20608009,Discounted luxury apartment garden patio & parking,147284022,1468444538781647166,Erin,,Southwest Hills,45.50683,-122.69772,Entire home/apt,,2,106,2025-11-24,1.26,2,348,32,24-007787-000-00-HO
20621667,Stare out at the Treetops on an Extinct Volcano Mountainside,552766,1462521508728202543,Patrick,,Mt. Tabor,45.52188,-122.59373,Entire home/apt,,30,76,2025-11-03,0.76,1,212,5,17-193668-000-00-HO
20692714,A Viewpoint By The River,22613181,1463184077874459117,Susan,,South Portland,45.48516,-122.67709,Entire home/apt,,30,29,2025-07-31,0.29,1,88,1,
20709084,Amazing 1BR Granny Flat Nestled near Rocky Butte,148253043,1462979908321472994,Matthew,,Madison South,45.53719,-122.56731,Entire home/apt,,2,332,2025-11-22,3.35,1,354,34,17-230015-000-00-HO
20710225,Henry Hill Guest Loft - Private and Convenient,25514905,1465344346806387337,Emily,,Eastmoreland,45.476,-122.62664,Entire home/apt,,2,130,2025-11-26,1.32,1,340,24,17-250160-000-00-HO
20724782,HOTEL in a HOME in Beautiful MONTAVILLA,33616213,1465491630783042114,Lenore,,Montavilla,45.52385,-122.58278,Private room,,2,149,2025-10-07,1.50,1,344,5,17-233649-000-00-HO
20729965,SE PDX Craftsman,148452836,1468453799012750367,Mac,,Hosford-Abernethy,45.5102,-122.65827,Entire home/apt,,30,290,2024-01-19,2.90,1,179,0,
20765126,"Bright, clean NoPo Craftsman home w/gas fireplace",2076827,1462585778044221970,Shelley,,Portsmouth,45.58715,-122.72437,Entire home/apt,,1,100,2025-11-16,1.05,1,0,12,24ASTR-APP-00344
20786008,"Sunnyside Wonderland - Coffee Shops, Bars & Parks",36435346,1465541268264295250,David,,Buckman,45.51613998413086,-122.63934326171875,Entire home/apt,,1,747,2025-11-16,7.45,9,365,71,17-273839-000-00-CO
20788623,Large SE Apartment • Walk to Eats • 1BR • Sleeps 4,146196024,1468435531635992384,Jeff,,Buckman,45.51613998413086,-122.63934326171875,Entire home/apt,,1,747,2025-11-23,7.45,6,361,91,17-273839-000-00-CO
20799319,Modern Cozy Guest House in Hip NE Alberta/Williams,9996037,1462829017943128493,Peter,,King,45.55682,-122.66053,Entire home/apt,,2,549,2025-12-01,5.54,1,238,63,17-230927-000-00-HO
20805575,Private Guest Suite near Mt. Tabor Park,45465987,1465674981590756564,Amy,,Mt. Tabor,45.51521301269531,-122.58940887451172,Entire home/apt,,2,97,2025-11-15,0.97,1,361,12,24-012445-000-00-ho
20811359,THE NEST:  Spacious 2 Story Home Sellwood-Moreland,143163862,1468411901994741532,W’oape,,Sellwood-Moreland Improvement League,45.47485,-122.65002,Entire home/apt,,30,18,2025-08-22,0.19,1,358,2,
20818777,Discount! Craftsman bungalow w/ 1st class lodging!,26679646,1465371333982526481,John,,Roseway,45.54757,-122.59017,Private room,,30,5,2019-07-21,0.05,1,178,0,
20831387,North Portland Studio Apartment,111643457,1467349006979548612,Amy Renee,,Overlook,45.5646,-122.68521,Entire home/apt,,2,359,2025-11-30,3.70,1,263,15,17-285964-000-00-HO
20833831,Spacious & bright entire townhome w/back garden,6913528,1462718626411694428,Jane,,South Portland,45.48257,-122.67453,Entire home/apt,,30,0,,,2,173,0,
20836531,Quiet Artist's Condo in NW,2145885,1462587549134038085,Emelia,,Northwest District,45.52724,-122.69729,Entire home/apt,,2,61,2025-10-20,0.62,1,22,9,17-249437-000-00-HO
20850115,Charming & Spacious 5BR Home in SE Portland,67834636,1466838302202356663,Gregory,,Richmond,45.499385833740234,-122.61351013183594,Entire home/apt,,1,560,2025-11-23,5.60,1,296,32,21-012227-000-00-RS
20903576,Lovely Studio in Portland's Best Location,18925199,1463064608985102485,Cecilia,,Northwest District,45.52913,-122.69053,Entire home/apt,,30,23,2024-08-10,0.23,3,337,0,
20928656,The Overlook Nook,150440935,1468479600998312441,Joe,,Overlook,45.55272,-122.68333,Entire home/apt,,2,149,2025-11-23,2.31,1,68,22,24ASTR-APP-00418
20935576,Ankeny Loft Just a Block From East Burnside,49136460,1465747942910927118,Sarah,,Buckman,45.52227,-122.64121,Entire home/apt,,1,435,2025-11-09,4.35,5,324,53,17-239885-000-00-CO
20946576,Ground Level Walkout Modern Architecture Townhouse,1828909,1462579469313981653,Shona,,Cathedral Park,45.59426,-122.76254,Entire home/apt,,30,123,2023-02-20,1.23,9,0,0,17-259123-000-00-HO
20971758,NE Irving Park Cottage,150888783,1468483093706313211,Jenny,,King,45.55149,-122.65898,Entire home/apt,,1,465,2025-11-11,4.74,1,137,53,17-247546-000-00-HO
20993707,The Getaway in SE Portland OR.,951583,1462534139490691063,Charles S,,North Tabor,45.52171,-122.61536,Entire home/apt,,3,119,2025-11-18,1.27,1,341,12,18-107451-000-00-HO
21013818,Loft Living Steps From Laurelhurst’s Hip Restaurant Scene,49136460,1465747942910927118,Sarah,,Buckman,45.52227,-122.64121,Entire home/apt,,1,346,2025-11-21,3.46,5,339,45,17-239885-000-00-CO
21021665,Open and Light upstairs apartment with fireplace,5053719,1462671746455398844,Sophie,,Eliot,45.54609,-122.66308,Entire home/apt,,30,61,2021-09-27,0.62,1,0,0,15-147457-000-00-HO
21029021,Private apartment in a Portland Charmer,7902031,1462744122534746299,Jessica,,Piedmont,45.56976,-122.6765,Entire home/apt,,1,485,2025-11-16,4.95,1,355,26,18-149906-000-00-HO
21039971,Marvelous Sunny Mississippi AC 1 Bedroom Apt MAX,477663,1462519387805018078,Joelle,,Overlook,45.55283,-122.68007,Entire home/apt,,31,49,2025-09-17,0.51,4,260,4,
21046136,Little Backyard Cottage,7391129,1462730721685141440,Wallis,,Arbor Lodge,45.57015,-122.68674,Entire home/apt,,2,500,2025-11-16,5.02,1,243,56,17-237345-000-00-HO
21052140,Trendy Hawthorne/Division*Walk Score 95!,1096266,1462515914003978639,TaMAra,,Richmond,45.50645,-122.61521,Private room,,2,66,2025-11-22,0.68,5,6,7,17-178470-000-00-HO
21096045,Cozy Basement Apartment,13240293,1462906588839903066,Sierra,,Woodlawn,45.56926,-122.65793,Entire home/apt,,1,249,2025-12-01,2.50,1,9,39,23-072580-000-00-HO
21113829,Lux Group Retreat,13604254,1462587037943686149,Grant,,Humboldt,45.55998,-122.67524,Entire home/apt,,30,39,2023-11-25,0.41,1,0,0,
21135547,"Upstairs Studio: kitchenette, private bathroom,",1030342,1462536252348191722,Shannon,,Foster-Powell,45.49624,-122.59982,Private room,,7,83,2025-10-24,0.84,1,171,9,20-123951-000-00-HO
21140503,"Mt Views, Forest Hiking & Urban Proximity (2 BR)",8986777,1462792035086707818,Heidi,,Northwest District,45.53547,-122.71689,Entire home/apt,,2,173,2025-09-30,1.74,1,25,10,24ASTR-PER-00455
21155236,Cozy Loft Studio,7634865,1462737160363910364,Claire,,Woodstock,45.48709,-122.61317,Entire home/apt,,30,95,2025-11-28,0.99,1,271,3,
21155408,"Alberta Arts 3 blocks to eats, bars & shops",26818733,1465383021671343237,Kelly,,Sabin,45.55620193481445,-122.64772033691406,Entire home/apt,,2,464,2025-11-21,4.83,1,135,62,17-281090-000-00-LU
21186901,Concordia Retreat,6589054,1462710268224230707,Linda,,Concordia,45.56773,-122.63565,Private room,,30,21,2019-09-04,0.21,2,176,0,
21187329,The University Park Art House,45434894,1462700109506163347,Leah,,University Park,45.57644,-122.72153,Entire home/apt,,2,137,2025-11-16,1.40,1,314,15,17-155434-000-00-HO
21298601,"Modern Private Bungalow, king bed, soaking tub",89239158,1462846240517906709,Jeremy,,North Tabor,45.52876,-122.60017,Entire home/apt,,2,447,2025-12-01,4.70,1,52,53,24ASTR-APP-00299
21408838,♥7th Ave ADU Priv 2 bed unit in Historic District♥,154633797,1462994427975762752,Justin And JT,,Eliot,45.54055,-122.65888,Entire home/apt,,90,89,2021-07-26,0.91,1,178,0,17-247502-000-00-HO
21422556,Portland International Guesthouse - Room 1,2915808,1462612360318784593,Stephen,,Northwest District,45.525718688964844,-122.69625854492188,Private room,,1,96,2024-09-22,0.98,5,357,0,02-120432-000-00-LU
21425869,"“Pearl Pad” Grt. location, view & free EV Chging!",10218720,1462834644654942686,Ann,,Pearl,45.53141,-122.67985,Entire home/apt,,31,8,2024-06-27,0.17,1,362,0,
21430359,"Truly Local Experience, Steps from Restaurant Row!",3519216,1462631507102410105,Daniel,,Kerns,45.52407,-122.63654,Entire home/apt,,1,580,2025-11-14,5.87,1,240,51,16-284665-000-00-HO
21439433,"Portland Classic - Parks, Eateries & Local Shops",36435346,1465541268264295250,David,,Buckman,45.51613998413086,-122.63934326171875,Entire home/apt,,1,636,2025-11-07,6.45,9,344,31,17-273839-000-00-CO
21459894,Portland is Pad (discount to watch mini doodle),33109623,1462660768800564582,Janel,,Montavilla,45.52188,-122.5711,Entire home/apt,,30,165,2021-08-08,1.68,1,71,0,
21470050,Adorable Grant Park basement apartment,28595712,1465422056991213380,Monique Kristine,,Grant Park,45.53622,-122.63048,Entire home/apt,,2,229,2025-02-02,2.32,1,0,3,17-240738-000-00-HO
21494223,Walkable 2BR | Central AC | Private W/D,145210319,1468427728726528647,Vacasa Oregon,,Northwest District,45.53322,-122.69526,Entire home/apt,,1,112,2025-11-07,1.31,2,365,23,92799
21502820,Dragonfly House,9268124,1462568815682537505,Andrea,,Kenton,45.57847,-122.70447,Entire home/apt,,1,107,2025-11-22,1.48,1,287,20,19-205084-000-00-HO
21506661,Woodstock Storybook Cottage,12556069,1462890433156640120,Rosemary,,Woodstock,45.48802,-122.61918,Entire home/apt,,5,31,2025-08-10,0.77,1,123,5,21-115942-000-00-HO
21517694,Bright Pearl Loft 97 Walk Score - Daimler Welcome,156366214,1468525767805261237,Paul,,Pearl,45.52878,-122.68327,Entire home/apt,,31,12,2025-07-21,0.13,2,364,1,
21537748,Million-Dollar River View: light-filled downtown,156366214,1468525767805261237,Paul,,Portland Downtown,45.5099,-122.67394,Entire home/apt,,31,4,2025-05-31,0.06,2,261,1,
21566467,Stunning Victorian in the heart of Alberta Arts,124649867,1468257911136098631,Kanika,,King,45.56407,-122.65729,Entire home/apt,,2,55,2025-02-09,0.56,1,0,4,24ASTR-APP-00506
21566921,Alberta Arts Apartment,124293,1462510209528015662,Angela,,Vernon,45.56137,-122.64648,Entire home/apt,,3,274,2025-11-09,2.80,1,336,26,17-261685-000-00-HO
21569343,Modern Gem In The City,5553074,1462683560301172158,Linda,,Eliot,45.54437,-122.65949,Entire home/apt,,31,1,2024-04-18,0.05,1,149,0,
21579586,Huge Home with King Beds in Prime Spot with Views!,37422309,1462675210656722042,Peter,,King,45.552468546651916,-122.66294781252726,Entire home/apt,,2,357,2025-11-17,3.69,9,240,42,17-289796-000-00-LU
21620813,Separate spacious guest house over garage.,6162657,1462544228124618616,Mark,,Hosford-Abernethy,45.50791,-122.64097,Entire home/apt,,3,225,2025-12-01,2.43,1,225,30,17-189655-000-00-HO
21622144,The Nest in Brooklyn. Love where you stay!,15310395,1462593613647974146,Ildikó,,Brooklyn Action Corps,45.4893,-122.65094,Entire home/apt,,26,14,2024-08-27,0.14,2,0,0,16-202526-000-00-HO
21636682,Valentina's Tiny Brother...Tino!,127253367,1468279642476139608,Scott,,Hillside,45.52656,-122.70903,Entire home/apt,,2,103,2023-06-27,1.05,2,0,0,17-111589-000-00-HO
21642481,Classic bungalow great location walkable Northeast,30438500,1465447727843455179,Nell,,Rose City Park,45.544662653271445,-122.60534433264519,Entire home/apt,,2,50,2025-10-20,0.56,1,169,15,18-138010-000-00-HO
21698361,"Back Bedroom in Cozy, Artsy, St. Johns Bungalow",13263099,1462907206322473025,Suzy,,St. Johns,45.58846,-122.7443,Private room,,3,64,2025-11-16,0.65,4,365,2,16-231596-000-00-HO
21742124,Convenient place for female only,148139307,1468451381713005454,Lucia,,Parkrose Heights,45.53516,-122.53952,Private room,,30,12,2019-07-14,0.12,1,278,0,
21752934,Pet friendly Montavilla Studio. Pets stay free!,37620967,1462675808055061070,Curt,,Montavilla,45.50854,-122.58322,Private room,,1,585,2025-11-08,5.97,1,352,39,19-201135-000-00-HO
21754288,New Classic Portland Guesthouse,54808736,1465897267878719334,Kim,,Roseway,45.54474639892578,-122.58920288085938,Entire home/apt,,2,403,2025-11-26,4.12,1,242,43,17-256066-000-00-HO
21768930,The Butterfly Cottage,158607277,1468544894683950606,Zanzan,,Hosford-Abernethy,45.51154,-122.64476,Entire home/apt,,30,382,2024-09-03,3.98,1,3,0,17-274042-000-00-HO
21779678,NW 23RD AVE - Alphabet District,70330470,1466870582507886192,David,,Northwest District,45.53381,-122.69839,Entire home/apt,,30,66,2025-08-02,0.83,1,88,1,Exempt
21784551,Underground Art Suite,50608466,1465775770312916796,Lisa,,Foster-Powell,45.49654,-122.60461,Entire home/apt,,1,506,2025-11-29,7.21,1,352,79,21-073212-000-00-HO
21786792,"Super Quiet, Boutique Suite Guest Favorite",58470243,1466700734142667169,Timothy,,Piedmont,45.5760286,-122.6676401,Entire home/apt,,30,23,2024-10-30,0.25,1,364,0,
21800129,Portland Home near Light Rail and Park,2341031,1462592493296726947,Melody,,Sellwood-Moreland Improvement League,45.4734,-122.64246,Entire home/apt,,2,66,2025-08-02,0.68,1,43,6,18-247721-000-00-HO
21850631,Walkable Woodlawn Home,5946065,1462693565827625598,Brian,,Woodlawn,45.57489,-122.65256,Entire home/apt,,30,19,2021-09-07,0.20,1,0,0,
21861603,Guesthouse Among The Trees with Sauna,34691278,1465511430979697578,Jennifer,,Richmond,45.50091,-122.6298,Entire home/apt,,2,236,2025-11-09,2.44,1,248,27,17-157070-000-00-HO
21863373,Piedmont Carriage House - Close in NE Portland,1313392,1462542520100680365,James,,Piedmont,45.56718,-122.66461,Entire home/apt,,2,256,2025-09-28,2.70,1,229,14,18-107473-000-00-HO
21869260,"Alberta Arts Studio - 2 Min Walk to Shops, Restos",4426437,1462657189802197801,Emilie,,Vernon,45.56083,-122.65094,Entire home/apt,,4,70,2025-11-29,0.72,1,256,4,20-180674-000-00-HO
21879052,Modern Studio in NE Portland (Piedmont),71495475,1466884123258374422,Robert,,Piedmont,45.56814,-122.6656,Entire home/apt,,2,547,2025-12-01,5.64,1,300,38,17-183095-000-00-HO
21929069,Best neighborhood  @ Your Urban Nest,9724899,1462821723069492304,Amy & Ryland,,Beaumont-Wilshire,45.55009,-122.62748,Entire home/apt,,30,254,2022-08-24,2.62,1,0,0,17-238825-000-00-HO
21949191,Bright + cozy wood stove + you’ll love!,1397292,1462544698396285114,Holly,,Cathedral Park,45.5835,-122.74391,Entire home/apt,,10,27,2023-07-16,0.28,1,0,0,18-197405-000-00-HO
21950255,morrison street eco house,129257796,1468296576091179713,Daniel,,Sunnyside,45.5163,-122.62553,Entire home/apt,,3,63,2025-10-06,0.66,1,318,9,17-264707-000-00-HO
21957533,Little Green Garden Guesthouse,1680036,1462519666719609722,John,,North Tabor,45.52623,-122.60363,Entire home/apt,,30,193,2021-09-09,2.01,1,0,0,17-282480-000-00-HO
21983848,Spacious Studio Apartment Next to Reed College,123234322,1468247238683471474,Bart,,Reed,45.48484,-122.62902,Entire home/apt,,2,251,2025-11-09,2.64,1,184,21,20-114686-000-00-HO
21996713,The Clinton Modern,3917228,1462642558148029527,Christopher,,Hosford-Abernethy,45.50114,-122.64611,Entire home/apt,,2,314,2025-11-30,3.42,2,154,30,17-285305-000-00-HO
21997605,Bright and Comfortable St. Johns Apartment,126371404,1468272168872276211,Krista,,St. Johns,45.58814,-122.74318,Entire home/apt,,3,115,2025-11-10,1.46,2,150,11,24ASTR-APP-00528
22048494,Hawthorne Sunnyside Cottage,10468278,1462574374228930350,Sherry,,Sunnyside,45.5136,-122.61371,Entire home/apt,,1,996,2025-12-01,10.52,1,0,111,24ASTR-APP-00268
22088727,Bright & Colorful Home in SE Division Neighborhood,161360298,1468570294904774605,James,,Richmond,45.49984,-122.62619,Entire home/apt,,30,25,2022-07-18,0.26,1,0,0,20-124326-000-00-HO
22108131,Portland Regency Moderne - an Artist’s Home,12801017,1462895945303278550,Rebekah,,Creston-Kenilworth,45.49245461431203,-122.6201185670912,Entire home/apt,,2,280,2025-11-17,3.00,1,165,34,24-013623-000-00-HO
22146883,The Comforts of Home in Alberta Arts (18-135432),13187107,1462905267965677826,Lisa,,Alameda,45.55505,-122.63877,Entire home/apt,,3,198,2025-09-15,2.14,1,187,15,18-135432-000-00-HO
22228992,Modern Pearl Condo with Secure Reserved Parking,162425891,1468580628750818000,Carmen,,Pearl,45.53039,-122.68106,Entire home/apt,,30,3,2019-08-18,0.04,1,247,0,
22229252,Greene & Greene Bungalow,49306713,1465750899406262854,Sarah,,King,45.56113,-122.65793,Entire home/apt,,30,11,2023-01-15,0.14,1,0,0,22-206420-000-00-HO
22280517,The Royal Scott Double Decker Bus,49871309,1465761837745234786,Whit,,Russell,45.54326,-122.53215,Entire home/apt,,1,876,2025-11-16,9.06,1,88,69,24-013579-000-00-HO
22280827,Gem in the center of inner-Southeast,162827036,1468584646480761211,Dallas,,Sunnyside,45.51766,-122.61592,Entire home/apt,,2,320,2025-11-17,3.37,1,66,60,20-128888-000-00-HO
22429780,The Magic Attic / Walk Score 93!,26822355,1462638777333301546,Todd,,Richmond,45.50879,-122.62422,Entire home/apt,,1,119,2025-11-25,1.27,5,2,56,17-221635-000-00-LU
22436145,Alberta Arts: Beautiful Pet Friendly Private Home.,36909902,1465549795075315166,Jennifer,,Vernon,45.56017,-122.64768,Entire home/apt,,30,8,2021-11-10,0.09,5,299,0,
22437323,The Urban Cabin,127253983,1468279646310439236,Gregory,,Foster-Powell,45.49326,-122.59907,Entire home/apt,,30,111,2025-07-01,1.23,1,323,3,
22443816,The Home With The Yellow Door/Alberta Arts,1602024,1462562820802863938,Oliver,,King,45.55841,-122.65198,Entire home/apt,,1,806,2025-11-24,8.35,1,122,123,24-005004-000-00-HO
22449684,Rose City Guest House,161634806,1463011406383645592,Lori,,Rose City Park,45.54279,-122.61005,Entire home/apt,,2,298,2025-11-02,3.09,1,248,15,17-258704-000-00-HO
22449916,Modern Studio w/ Patio in Quirky Kenton with AC,33153648,1465485515471121634,Laura,,Kenton,45.57857,-122.69876,Entire home/apt,,30,388,2023-04-11,4.03,1,0,0,
22450913,Urban Oasis on NW LoveJoy in the Pearl,25135442,1465336643143698184,Ellen,,Northwest District,45.52949,-122.68925,Entire home/apt,,30,12,2024-10-18,0.15,2,365,0,
22455628,"Lovely location, Hot tub & Bikes",12516331,1462582787693605203,James,,Irvington,45.53663,-122.6414,Entire home/apt,,4,74,2025-10-31,0.78,1,294,7,18-113194-000-00-HO
22488209,Rose City Garden Retreat,40729073,1462685490215413901,Diane,,Roseway,45.54574,-122.59406,Entire home/apt,,2,363,2025-08-31,3.77,2,166,18,17-261692-000-00-HO
22496767,Treetop Cedar Studio,41514066,1465616990268435012,Zoe,,Brentwood-Darlington,45.47528,-122.61213,Entire home/apt,,1,358,2025-11-18,4.36,1,342,54,18-281067-000-00-HO
22568125,Roseway Basecamp,32163035,1462657618041490236,Marc,,Roseway,45.55479,-122.5963,Entire home/apt,,1,360,2025-11-14,3.79,1,256,27,18-108328-000-00-HO
22599038,Portland International Guesthouse Room 2,2915808,1462612360318784593,Stephen,,Northwest District,45.525699615478516,-122.6963882446289,Private room,,1,132,2025-05-29,1.38,5,346,1,02-120432-000-00-LU
22608587,Beautifully Crafted NE Portland ADU,11122733,1462857650985983575,Lucy,,King,45.5517,-122.66357,Entire home/apt,,10,47,2025-09-06,0.50,2,0,2,15-150768-000-00-HO
22614995,Portland International Guesthouse Room 3,2915808,1462612360318784593,Stephen,,Northwest District,45.525699615478516,-122.6963882446289,Private room,,1,145,2025-10-13,1.51,5,342,9,02-120432-000-00-LU
22615930,Portland International Guesthouse Room 4,2915808,1462612360318784593,Stephen,,Northwest District,45.525699615478516,-122.6963882446289,Private room,,1,114,2025-08-03,1.19,5,336,1,02-120432-000-00-LU
22618305,Stylish waterfront apartment on the edge of Pearl,3285925,1462624849893737111,Alexandra,,Old Town/Chinatown,45.52988,-122.67505,Entire home/apt,,30,203,2025-10-13,2.12,1,238,3,
22618697,Cozy Two Bedroom High Ceiling Daylight ADU,22042161,1463170099080726550,Karin,,Richmond,45.50183,-122.62154,Entire home/apt,,2,123,2025-11-30,4.48,1,6,53,23-113926-000-00-HO
22654722,NE Portland studio with private courtyard,142027593,1468403207690915253,Erin,,Woodlawn,45.57241,-122.64857,Entire home/apt,,2,681,2025-11-18,7.29,1,315,99,18-113190-000-00-HO
22658710,The Hummingbird Suite,45329606,1465672727726798672,Jack,,Richmond,45.50327,-122.62739,Private room,,3,377,2025-11-09,3.92,2,175,50,24-010724-000-00-HO
22659735,The Cyan Room,45329606,1465672727726798672,Jack,,Richmond,45.50289,-122.62776,Private room,,3,554,2025-11-25,5.77,2,183,61,24-010724-000-00-HO
22686855,1 BR in N. Mississippi Food and Arts District,167221905,1463034598467953102,Shireesh,,Piedmont,45.56699,-122.67534,Private room,,30,196,2023-09-03,2.07,3,365,0,
22689376,Bright + Cozy Guesthouse w/ Classic Portland Charm,27752797,1465409698595527034,Katherine,,Eliot,45.54332,-122.65911,Entire home/apt,,2,40,2025-10-27,1.18,1,152,15,24-013103-000-00-HO
22693154,❤️ CLEAN ★ LUXURY OASIS ★ NEAR DOWNTOWN,14008197,1462588634944766521,Antony & Fotoula,,North Tabor,45.52556,-122.61682,Entire home/apt,,2,346,2025-09-20,3.72,3,278,25,17-153440-000-00-HO
22701360,2-bedroom Home - Modern! Close-in (日本語）,6917563,1462718688653943347,Diana,,Boise,45.55086,-122.66478,Entire home/apt,,1,252,2025-11-11,2.64,1,243,28,18-188735-000-00-HO
22727693,"Woodstock Hideway, clean comfort, great location",24365988,1465287170599492795,Jeremy,,Woodstock,45.48864,-122.60367,Entire home/apt,,3,181,2025-10-05,1.94,1,121,15,17-288849-000-00-HO
22732326,Architect-designed house in SE Portland’s MtTabor,6468837,1462707193680678402,Rachel,,Mt. Tabor,45.51988,-122.60383,Entire home/apt,,1,410,2025-11-29,4.40,1,274,73,19-240506-000-00-HO
22733624,Central condo in downtown PDX,9111756,1462795201943542309,Clarissa,,Goose Hollow,45.52079,-122.68941,Entire home/apt,,30,24,2025-04-19,0.27,1,0,3,
22733844,Duplex in Alberta Art District!,63619764,1466785223752442248,Roy Lynn,,King,45.56239,-122.65716,Entire home/apt,,2,67,2025-11-02,0.71,1,326,9,24ASTR-APP-00472
22776781,Tabor Cottage: Detached Guest House SE Portland,168264312,1468627408402674985,Matthew,,South Tabor,45.50329,-122.57912,Entire home/apt,,2,454,2025-11-30,4.76,1,43,36,17-275496-000-00-HO
22793308,❤️ CLEAN ★ BUNGALOW  ★ CLOSE IN ★ WALKABLE,14008197,1462588634944766521,Antony & Fotoula,,North Tabor,45.52436,-122.61484,Entire home/apt,,2,9,2024-01-14,0.10,3,13,0,17-153440-000-00-HO
22808872,Cozy Murphy Bed Studio: Kitchenette near Hawthorne,28583708,1465421918876392380,Patricia Anne,,Richmond,45.51001,-122.63354,Entire home/apt,,2,172,2025-10-20,1.92,2,302,20,17-219541-000-00-HO
22810044,Prime Location! Historic home available monthly,20727837,1463136923498018400,George,,Northwest District,45.52616,-122.69933,Entire home/apt,,31,212,2025-11-10,2.33,2,37,18,14-230467-000-00-HO
22813740,Charming South Tabor Apartment!,9691781,1462820867768542254,Rosanna,,South Tabor,45.49849,-122.58638,Entire home/apt,,2,234,2025-11-29,2.46,1,292,28,18-113149-000-00-HO
22877200,"Accessible, AIA-Award Winning, Urban Garden Oasis",19143593,1462608414959151168,Monica,,Arbor Lodge,45.57653,-122.70664,Entire home/apt,,2,532,2025-11-20,5.76,1,89,58,18-117544-000-00-HO
22886335,Relaxing retreat steps to OHSU & min from downtown,70200278,1466869084138969884,Yongping,,Homestead,45.49724,-122.69295,Entire home/apt,,1,405,2025-11-09,4.26,1,337,54,17-282861-000-00-HO
23021927,"Inner NE - Moda, Downtown and Wonder Ballroom",113106891,1468170027906281869,Sherry,,Eliot,45.546,-122.66399,Entire home/apt,,3,274,2025-11-29,2.92,1,22,32,24-013705-000-00-HO
23063504,Bright Queen Bed Overlooking Courtyard,8260857,1462753265344726555,Amber,,South Tabor,45.50388,-122.59061,Entire home/apt,,30,221,2023-10-02,2.46,2,0,0,
23094747,Modern Guest House in North Portland,20418871,1463107110033786674,Juan Ignacio,,Overlook,45.56504,-122.6951,Entire home/apt,,1,440,2025-11-09,4.62,1,252,54,17-285556-000-00-HO
23102673,University of Portland Oasis,108079827,1467309737904121956,Colleen,,University Park,45.57715,-122.71997,Entire home/apt,,7,93,2025-06-16,0.98,1,0,5,18-104596-000-00-HO
23128043,"Charming, Detached Studio!  Heart of Sellwood!",56540131,1465925077995424023,Scot,,Sellwood-Moreland Improvement League,45.46657,-122.66019,Entire home/apt,,2,381,2025-11-25,4.58,1,145,35,18-264040-000-00-HO
23164577,Gorgeous Laurelhurst 2 bed home! Walk Score 93!,114472690,1468179410154614732,Mary,,Kerns,45.5243,-122.6338,Entire home/apt,,2,345,2025-11-15,3.71,1,331,40,24ASTR-APP-00356
23255044,Gorgeous Irvington Apartment,5755250,1462688688323916018,Molly,,Irvington,45.54036,-122.65634,Entire home/apt,,2,336,2025-11-30,3.54,2,250,38,18-104725-000-00-HO
23268451,Big Bright Private Home in Excellent  Alberta Area,5769084,1462689100555072912,Miriam,,Vernon,45.56402,-122.6551,Entire home/apt,,2,29,2025-08-31,0.31,1,267,1,23-042514-000-00-HO
23309972,Cozy & Private Apartment in Portland's Montavilla!,173567336,1463059355866750068,Jake,,Mt. Tabor,45.51875,-122.58663,Entire home/apt,,30,35,2025-07-28,0.37,1,364,2,18-113252-000-00-HO
23328366,Sweet and Simple in Southeast!,38610656,1465577393781464190,Kari,,South Tabor,45.50435,-122.58395,Entire home/apt,,30,88,2023-12-17,0.96,1,151,0,
23332931,"Portland Airbnb Private Guesthouse, Alberta Arts",34537748,1465507688983655288,Richard,,King,45.553749084472656,-122.6602554321289,Entire home/apt,,2,413,2025-11-23,5.52,1,39,78,19-200681-000-00-HO
23353382,The Sneakaway,86380272,1467039466582666728,Rachel,,King,45.56473,-122.65811,Entire home/apt,,2,614,2025-11-30,6.56,1,144,86,24ASTR-APP-00487
23358705,Creston Cutie - Close-in SE,18671930,1463058865510171581,Robin,,Creston-Kenilworth,45.49372,-122.62579,Entire home/apt,,30,6,2018-11-24,0.06,1,0,0,
23376340,Pot-friendly 1 BR full APT w/ comfy Portland charm,63374210,1466782324911164688,Nayana,,King,45.55993,-122.65176,Entire home/apt,,1,300,2025-11-14,3.22,1,23,31,24ASTR-APP-00449
23391856,Spacious NE Suite with Garden Access,6034282,1462696135893264007,Laura,,Eliot,45.53916,-122.66554,Entire home/apt,,2,305,2025-12-02,3.28,1,238,40,18-125965-000-00-HO
23395538,Vintage Loft Just off Alberta Street!,65899399,1466814808678214435,Elizabeth Marden,,King,45.55884,-122.65489,Entire home/apt,,2,264,2025-10-29,2.80,2,81,28,18-100996-000-00-HO
23398383,Tabor Retreat,25806993,1462634975087347228,Carol,,Mt. Tabor,45.51548,-122.58983,Entire home/apt,,2,278,2025-11-18,3.09,1,351,25,24ASTR-PER-00483
23399594,"Waterfront Pearl District Condo w/Parking, Hot Tub",12575059,1462890870814760509,Pascal,,Old Town/Chinatown,45.52959,-122.675,Entire home/apt,,30,20,2024-07-02,0.22,1,181,0,
23399860,The Diamond,4162970,1462533969455218232,Petra,,Concordia,45.56198,-122.63079,Entire home/apt,,1,333,2025-11-28,3.63,1,338,49,17-252246-000-00-HO
23430717,Master Suite in Mississippi Food and Arts District,167221905,1463034598467953102,Shireesh,,Piedmont,45.56706,-122.67538,Private room,,30,69,2021-07-06,0.74,3,365,0,
23432574,Dwell - Solar Powered Living,14796564,1462947100071896477,Chad,,Brentwood-Darlington,45.47373,-122.61305,Entire home/apt,,1,412,2025-11-30,5.18,3,159,56,24-013465-000-00-HO
23432611,Master Suite + 1 BR in N. Mississippi District.,167221905,1463034598467953102,Shireesh,,Piedmont,45.56726,-122.67537,Private room,,30,1,2019-08-25,0.01,3,365,0,
23437533,The Nest Tiny Home & Garden /Alberta Arts District,6153335,1462544181166324831,Sonia,,Concordia,45.56266,-122.63733,Entire home/apt,,30,29,2025-06-04,0.36,2,360,2,
23446571,波特兰·温馨之家,20955447,1463142864303477318,Tsering,,Powellhurst-Gilbert,45.4869,-122.54805,Private room,,30,19,2024-06-10,0.21,1,348,0,
23449418,Overlook BackShack,4702475,1487879468661299310,Cj,,Overlook,45.55444,-122.68777,Entire home/apt,,7,381,2025-10-19,4.02,1,158,40,21-019012-123-12-HO
23499440,Private room/bath in  unique St Johns.,4564432,1462660492768524282,Ann,,St. Johns,45.59625,-122.74538,Private room,,31,13,2023-09-28,0.14,2,269,0,
23546465,Private ensuite queen bedroom/bath in St Johns.,4564432,1462660492768524282,Ann,,St. Johns,45.59406,-122.74384,Private room,,31,8,2022-10-11,0.09,2,269,0,
23565505,Close-In NE PDX,83388023,1467009663161332626,Geoffrey,,Irvington,45.53629,-122.64171,Entire home/apt,,30,49,2021-01-03,0.52,1,0,0,
23609556,Bright House-share with Private Bath Near Airport,25079470,1462632048092195429,Rachel,,Roseway,45.55224,-122.58417,Private room,,30,2,2018-09-01,0.02,2,364,0,
23613685,Bike'N'Roll Cottage: Adventure & Relaxation,53232555,1465864533292099444,Dawn,,Brooklyn Action Corps,45.49332,-122.65498,Entire home/apt,,1,105,2025-07-20,1.13,2,152,4,17-155634-000-00-HO
23626383,The Portland Oregon Dome!     w/ Elec Car Charging,51010038,1465791263326142227,Martin,,Crestwood,45.45477,-122.73106,Entire home/apt,,2,128,2025-11-30,1.36,1,364,22,16-242146-000-00-HO
23668933,"New, Modern Chef's Dream in Historic Turret House",373733,1462511471891768055,Alexander,,Irvington,45.537,-122.64324,Entire home/apt,,1,334,2025-11-16,3.61,3,159,33,24ASTR-PER-00116
23672354,Sun-filled Home in Buckman Neighborhood with 2BRs,177257126,1468716186632578141,James,,Buckman,45.521278381347656,-122.6380844116211,Entire home/apt,,1,642,2025-11-24,6.83,9,358,57,18-116518-000-00-HO
23702620,"Cozy Studio Apt, Close-In Heart of SE PDX Location",2135334,1462587278119948322,Todd,,Sunnyside,45.5178,-122.6342,Entire home/apt,,1,637,2025-11-18,6.77,2,320,69,24ASTR-APP-00429
23780161,Bright Queen Bedroom with Private Bath in NE,25079470,1462632048092195429,Rachel,,Roseway,45.55125,-122.58619,Private room,,30,40,2021-09-13,0.44,2,365,0,
23784002,Elegant Westside Townhouse near Downtown/Beaverton,98560,1462509550958596886,Michelle,,Northwest Heights,45.53956,-122.78047,Entire home/apt,,31,4,2021-08-01,0.06,1,278,0,
23788761,30+Day Rental *Pet Friendly* Private Guesthouse,178501752,1463070281950015745,Victor,,Rose City Park,45.54376,-122.59727,Entire home/apt,,30,22,2025-06-03,0.25,1,333,1,
23790599,"Bright, modern, private home in lively SE Portland",99241770,1467193205625161723,Ann Rachel,,Richmond,45.50498,-122.61671,Entire home/apt,,2,371,2025-12-01,3.98,1,272,66,18-113153-000-00-HO
23875080,Hollywood District Hideaway,1396103,1462544646478205601,Stephen,,Hollywood,45.53382,-122.61588,Entire home/apt,,1,506,2025-11-24,5.45,1,244,68,20-108421-000-00-HO
23908214,Private Inner SE Suite,486872,1462519627150834018,Marla,,Richmond,45.49893,-122.62214,Entire home/apt,,1,298,2025-10-31,3.20,1,176,16,17-281764-000-00-HO
23961600,Cozy cottage close to it all in Northeast Portland,674990121,1529337699762448525,Judith,,Irvington,45.54433,-122.64534,Entire home/apt,,2,232,2025-11-16,2.56,1,349,27,18-149784-000-00-HO
23976606,"Oak Street Flat - a quiet, welcoming getaway",21774902,1463163700458963561,Tony,,Mt. Tabor,45.5194,-122.60474,Entire home/apt,,30,58,2022-09-07,0.66,1,0,0,
24022524,Irvington Basement Apartment,18775566,1463061477347779716,Scott,,Irvington,45.53566,-122.64074,Entire home/apt,,2,133,2025-11-29,1.43,1,245,17,18-113321-000-00-HO
24074692,Xx  your  room,164140913,1468595804921025348,Eric,,Pearl,45.52371,-122.68036,Entire home/apt,,30,0,,,1,365,0,
24120344,Mississippi SkyNest,45297070,1465672312996721945,Mark,,Boise,45.54971,-122.67474,Entire home/apt,,1,942,2025-11-17,10.11,1,61,99,17-274308-000-00-HO
24122545,Bright Cottage|Vintage Charm|AC|Off Street Parking,97329823,1467172436270384229,Amy,,Montavilla,45.52682,-122.56809,Entire home/apt,,3,402,2025-11-14,4.32,1,225,49,18-126740-000-00-HO
24138960,The Robin’s Nest - Modern Condo in heart of SE PDX,2393210,1462593885643372005,Melissa,,Sunnyside,45.51667,-122.62407,Entire home/apt,,31,16,2025-06-29,0.18,1,265,2,
24141003,Spacious 1-bed bsmt retreat; 20-min to city center,181896912,1468755338645136218,Jennifer,,Foster-Powell,45.49667,-122.60157,Entire home/apt,,2,185,2025-10-06,2.10,1,58,17,18-153271-000-00-HO
24160736,Sellwood Detached Apartment,3587672,1462633205459524466,Susan,,Sellwood-Moreland Improvement League,45.46783,-122.65576,Entire home/apt,,2,235,2025-11-17,2.53,1,238,27,24ASTR-APP-00433
24270337,Cozy modern staycation workplace close to downtown,147284022,1468444538781647166,Erin,,Southwest Hills,45.50498,-122.69894,Entire home/apt,,1,276,2025-11-30,3.26,2,348,9,24-007787-000-00-HO
24287588,Bryant St. Bungalow,73175514,1466902812443668455,Eli,,Arbor Lodge,45.57448,-122.68039,Entire home/apt,,3,13,2024-07-21,0.14,1,0,0,18-181879-000-00-HO
24338674,"Sweet Quiet room in Sunny, Spacious Hawthorne home",7288374,1462560172009511026,Tina,,Sunnyside,45.51467,-122.63403,Private room,,1,136,2025-11-02,1.46,1,9,15,24ASTR-APP-00156
24358125,SW Portland Gem!,42090658,1462689550609602600,Nick,,Bridlemile,45.48839,-122.72595,Entire home/apt,,2,95,2025-11-14,1.04,1,358,6,19-254930-000-00-HO
24375929,Mount Tabor Hideaway,25375623,1465341321951305239,Ileana,,Mt. Tabor,45.50817,-122.59992,Entire home/apt,,2,255,2025-11-22,2.74,1,245,37,18-137613-000-00-HO
24406806,Beautiful Alberta Arts Farmhouse,56752027,1465928239488769063,Abbie & Jeff,,Concordia,45.55983,-122.63959,Entire home/apt,,4,61,2025-11-28,0.67,2,221,6,25ASTR-PER-00324
24414396,SE Modern PDX,184330974,1468952689190343071,April,,Richmond,45.50102,-122.61604,Entire home/apt,,30,65,2025-11-15,0.71,1,81,3,18-126654-000-00-HO
24492134,Portland Nest Guesthouse,50378629,1465771959026386985,Milinn,,Cully,45.55641,-122.60381,Entire home/apt,,3,165,2025-11-10,1.79,1,237,33,24-018433-000-00-HO
24499293,PDX Portland Garden Cottage,185071931,1468956740569791959,David,,Overlook,45.55891036987305,-122.68563079833984,Entire home/apt,,4,423,2025-11-23,4.58,1,318,45,24ASTR-PER-00372
24577445,Peaceful Home Near Rocky Butte – Work & Relax,152085303,1462988548957083900,Sarah,,Madison South,45.54089,-122.57068,Entire home/apt,,4,53,2025-11-17,0.59,1,175,16,18-242224-000-00-HO
24582435,"Private, clean garden cottage- great location!",6746145,1462714231671704869,Dana,,Boise,45.551879353859555,-122.6713840261949,Entire home/apt,,2,289,2025-11-29,3.21,1,231,48,24ASTR-PER-00288
24607040,Huge house in the BEST location (99 walk score!),3823371,1462640249717080075,Zoe,,Northwest District,45.5263,-122.68994,Entire home/apt,,30,84,2023-12-30,0.91,2,365,0,Exempt
24608049,Stylish detached one bedroom in University Park.,3635384,1462635738290942343,Brianna,,University Park,45.58108,-122.73497,Entire home/apt,,30,177,2024-10-06,1.94,1,0,0,18-133332-000-00-HO
24623591,Scenic floating home in Portland's Columbia River,63093092,1462752249254665793,Ken,,Hayden Island,45.60611343383789,-122.6747817993164,Entire home/apt,,90,18,2020-01-28,0.24,1,89,0,
24635402,Charming Victorian One Bedroom - Heart of Downtown,186181978,1468963222676704813,Robert,,Portland Downtown,45.5138,-122.68476,Entire home/apt,,31,128,2019-12-14,1.38,1,0,0,
24652511,Downtown NW Portland Willamette Riverfront Condo!,121596159,1529321539278401703,Alex,,Old Town/Chinatown,45.52844,-122.673,Entire home/apt,,31,23,2024-01-31,0.25,1,165,0,
24674950,pet friendly Pearl condo right on the river,48754857,1465739782226572819,Beverly,,Old Town/Chinatown,45.52669,-122.67142,Entire home/apt,,30,23,2025-08-31,0.26,1,3,1,
24676704,Tiny House in Alameda/Alberta Arts ~ Dog Friendly,186502539,1468965099823163703,Teddi Elizabeth,,Sabin,45.55282,-122.64696,Entire home/apt,,2,461,2025-12-02,5.03,1,340,60,18-257434-000-00-HO
24716882,Stunning Home in Alberta’s Art District,529068,1462512440541666835,Trish,,Humboldt,45.55802,-122.66991,Private room,,30,80,2023-09-30,0.87,1,151,0,
24729306,Sanctuary in Historic Kenton,1538000,1462561115319171621,Aidan,,Kenton,45.5801,-122.69104,Entire home/apt,,2,138,2025-11-28,1.50,1,254,16,18-113351-000-00-HO
24754870,Cozy Fireplace~Walk Alberta Arts~SilverStarCottage,11816483,1462873762373306571,Patricia,,Concordia,45.558,-122.63831,Entire home/apt,,1,401,2025-11-21,4.43,1,215,39,18-168403-000-00-ho
24807587,Sellwood-Moreland Stand-Alone Bungalow,164973855,1468602686581951501,Dave,,Sellwood-Moreland Improvement League,45.47921,-122.65069,Entire home/apt,,3,353,2025-11-12,3.83,1,50,43,18-133329-000-00-HO
24833444,Modern Studio - Steps to Hawthorne Shops & Eats,187734201,1468972242760538849,Mike,,Buckman,45.512508392333984,-122.6462631225586,Entire home/apt,,1,600,2025-10-19,6.54,6,356,36,16-265211-000-00-CO
24835735,Artist’s garden apartment,77382200,1466947587984469488,Jennifer,,Richmond,45.50798,-122.6267,Entire home/apt,,5,85,2024-05-12,0.93,3,236,0,24-018797-000-00-HO
24895142,Tabor Rest,4105484,1462647567973729376,Mary Elise,,Mt. Tabor,45.51189,-122.60423,Entire home/apt,,30,23,2025-11-20,0.50,1,139,4,
24896682,Vibrant Vintage Home in Lively Northwest & Next to Nature,51019210,1462718398886229774,Tracie,,Northwest District,45.53717,-122.71572,Entire home/apt,,3,93,2025-10-23,1.04,3,120,21,17-155282-000-00-HO
24916586,Expansive & Fully Stocked Flat: 5-Star Detail,4089776,1462647109685034820,Joseph,,Overlook,45.55862,-122.68664,Entire home/apt,,2,316,2025-11-12,3.43,2,276,43,18-184293-000-00-HO
24922380,"Richmond Cottage in St Johns, Portland",6989528,1462720680750884543,Erin,,St. Johns,45.59464,-122.74913,Entire home/apt,,2,240,2025-11-17,2.61,1,255,22,18-139778-000-00-HO
24970240,The Award Winning Z-Haus,188778344,1468978341553037135,Daria,,Boise,45.54927,-122.6645,Entire home/apt,,30,8,2019-08-04,0.09,1,263,0,
24970358,Rooftop Deck • City Views • Hawthorne 4BR,187734201,1468972242760538849,Mike,,Buckman,45.512481689453125,-122.6462631225586,Entire home/apt,,1,596,2025-10-28,6.47,6,353,38,16-265211-000-00-CO
24973125,Sage Guest House,42173408,1462689811300258548,Barbara,,Hosford-Abernethy,45.511661529541016,-122.64617919921875,Entire home/apt,,2,125,2025-12-01,2.47,1,239,28,24ASTR-PER-00352
24989575,"Portland, Oregon Studio steps to OHSU",375683,1462511481989717981,Luisa,,Homestead,45.49928,-122.69005,Entire home/apt,,30,28,2025-08-25,0.30,2,199,2,
24993362,Cute solar-powered basement studio apartment,4687912,1462536832576040557,Amrita,,Sellwood-Moreland Improvement League,45.47664,-122.64964,Entire home/apt,,3,107,2025-11-02,1.16,1,0,11,18-144716-000-00-HO
25016760,Hawthorne Hideout*Heated floors* walk everywhere!,2066656,1462585525286752817,Sarah Elise,,Sunnyside,45.51318,-122.62326,Entire home/apt,,2,354,2025-12-03,3.85,1,248,54,18-128146-000-00-HO
25037353,Modern 1BR - Walk to Dining & Bars - Fast WiFi & A,146196024,1468435531635992384,Jeff,,Buckman,45.512481689453125,-122.6462631225586,Entire home/apt,,1,642,2025-11-16,6.99,6,340,57,16-265211-000-00-CO
25052019,Modern Hawthorne Studio - Food Carts & Local Shops,36435346,1465541268264295250,David,,Buckman,45.512481689453125,-122.6462631225586,Entire home/apt,,1,488,2025-11-08,5.31,9,350,44,16-265211-000-00-CO
25099504,Alberta Arts Retreat with 4 bedrooms/3.5 baths,21467169,1463156075949908045,Margaret,,Sabin,45.55658,-122.65131,Entire home/apt,,3,171,2025-11-13,1.89,1,293,21,18-194311-000-00-LU
25139487,Cheery Modern Basement Apartment,20045413,1462611588685818208,Cheryl,,Mill Park,45.51642,-122.53374,Entire home/apt,,28,403,2023-11-30,4.44,1,83,0,17-274974-000-00-HO
25190815,Vera Tiny Home - Free Street Parking!,190340428,1468987926976538109,Slabtown,,Northwest District,45.53195,-122.69041,Entire home/apt,,2,157,2025-11-30,1.71,4,263,14,32960
25233729,Sleek Studio - Food Cart Row & Vintage Shops,190656099,1468989935967301129,Aaron,,Buckman,45.512481689453125,-122.6462631225586,Entire home/apt,,1,574,2025-11-26,6.29,21,349,38,16-265211-000-00-CO
25263259,The Henry Tiny Home - Free Street Parking!,190340428,1468987926976538109,Slabtown,,Northwest District,45.53195,-122.69041,Entire home/apt,,2,158,2025-10-19,1.72,4,270,5,32960
25263730,The Weidler Tiny Home - Free Street Parking!,190340428,1468987926976538109,Slabtown,,Northwest District,45.53101,-122.69081,Entire home/apt,,2,168,2025-11-09,1.84,4,269,4,32960
25265689,#SavorTabor,20950189,1462615218582318923,Justin,,Mt. Tabor,45.51868,-122.60467,Entire home/apt,,2,469,2025-11-23,5.22,1,309,41,18-168132-000-00-HO
25282946,The Mothership: a city retreat in the heart of SE,180927729,1468746334539415011,Kate (& Jason),,Foster-Powell,45.48998,-122.59753,Entire home/apt,,30,262,2025-01-10,2.89,1,173,1,18-177853-000-00-HO
25283645,"Modern, Sleek & Stylish: 2 blocks from Hawthorne!",114699668,1468180894603603622,Andy,,Richmond,45.5101203918457,-122.61198425292969,Entire home/apt,,2,189,2025-11-26,2.07,1,141,21,18-206157-000-00-LU
25297183,Light & Bright Guest Suite,1858382,1462580223824217454,Lisa,,Rose City Park,45.53502,-122.60291,Entire home/apt,,1,87,2025-09-27,0.95,1,0,7,24ASTR-PER-00173
25340898,South Tabor Modern Cottage,12447921,1462888010121903546,Alexandra,,South Tabor,45.50076,-122.59979,Entire home/apt,,2,310,2025-11-09,3.41,1,220,50,18-262096-000-00-HO
25372936,Charming Craftsman Cottage,8138210,1462750125705441135,Clea,,Humboldt,45.5548,-122.67224,Entire home/apt,,30,7,2022-07-29,0.15,1,0,0,
25380832,Purely Portland  Bungalow. Patio. Near everything.,7727691,1462739676378770833,Kara,,Beaumont-Wilshire,45.55073,-122.61516,Private room,,2,49,2023-10-26,0.54,3,0,0,17-221433-000-00-HO
25406167,Charming Sellwood Getaway with Hot Tub,16996867,1462999753009666091,Melissa,,Sellwood-Moreland Improvement League,45.47385,-122.65078,Entire home/apt,,2,186,2025-10-31,2.10,1,253,23,24ASTR-APP-00435
25430968,Northwest Portland Room with Private Bath & Entry,191982844,1468997893931507530,Mark,,Northwest District,45.53527,-122.70282,Private room,,1,259,2025-11-30,3.28,1,163,47,17-288852-000-00-ho
25443778,Westmoreland Retreat,35257956,1465520881322267320,Jill,,Sellwood-Moreland Improvement League,45.47323,-122.64689,Entire home/apt,,30,56,2025-08-31,0.62,1,361,2,
25455464,"Princeton House - Modern, private and comfortable",192136110,1468998874542667288,Dave,,University Park,45.57737,-122.72199,Entire home/apt,,30,276,2025-08-24,3.03,1,250,4,18-187588-000-00-HO
25539936,Portland Vintage Charm,5337178,1462540110781585032,Selena,,Irvington,45.53694,-122.65553,Entire home/apt,,30,6,2023-04-30,0.07,1,87,0,
25546113,#StayinMyDistrict Sellwood Private Garden Casita,3142393,1462528276679400180,Amy,,Sellwood-Moreland Improvement League,45.470665,-122.652672,Entire home/apt,,1,355,2025-11-09,3.90,21,177,38,18-138647-000-00-HO
25585870,Trendy NE Location • Walkable • 2BR • Sleeps 6,121226154,1468231764840516858,Cam,,King,45.55134963989258,-122.66297912597656,Entire home/apt,,1,533,2025-11-17,5.83,1,290,34,22-174473-000-00-CO
25593437,Bohemian Bungalow in the heart of SE,10375423,1462573940266966121,Myrhiah,,Richmond,45.50195,-122.61327,Entire home/apt,,30,188,2022-04-18,2.08,1,0,0,
25623999,"Alberta Arts - Private, Full Kitchen, Fireplace",32534040,1465477394247865656,Leslie,,King,45.5599,-122.66,Entire home/apt,,2,158,2025-11-10,1.86,1,319,14,19-200689-000-00-HO
25630778,Trendy Area • Walk Everywhere • 1BR • Sleeps 4,25328937,1465340304349377920,Max,,King,45.55219268798828,-122.65974426269531,Entire home/apt,,1,458,2025-11-30,5.01,2,293,33,22-174473-000-00-CO
25670665,Bright Studio Retreat - Prime Hawthorne Location,193265498,1469005621885461740,Daniel,,Buckman,45.512481689453125,-122.6462631225586,Entire home/apt,,1,661,2025-10-25,7.24,5,354,34,16-265211-000-00-CO
25683545,Fern Cabin,115974453,1468190231352203272,Elizabeth,,Richmond,45.50751,-122.61451,Entire home/apt,,1,466,2025-12-01,5.15,1,0,62,23-113880-000-00-HO
25779089,"Clean, Convenient & Comfortable - close to river",1770572,1462577969738104224,Matt,,South Portland,45.47964,-122.676,Entire home/apt,,2,309,2025-11-10,3.41,1,262,35,24-015257-000-00-HO
25813668,Hip Area - Dining & Shops Nearby - 2BR - Sleeps 4,193973403,1469010003654396888,Matthew,,Buckman,45.512481689453125,-122.6462631225586,Entire home/apt,,1,614,2025-11-12,6.75,2,354,42,16-265211-000-00-CO
25828740,Casa Dolce Casa / Home Sweet Home in Alberta Arts,176106,1462511794269397897,Laura,,Concordia,45.56086,-122.64262,Entire home/apt,,2,254,2025-10-27,2.81,1,45,31,18-142069-000-00-HO
25839024,Modern Hawthorne Guesthouse - Close to Everything,23432303,1465273215765516970,Eric,,Richmond,45.51039,-122.62796,Entire home/apt,,2,419,2025-12-02,4.66,1,195,59,16-220213-000-00-HO
25892907,Light and bright condo with free parking,32875749,1465481668834985617,Nadia,,Portland Downtown,45.51096,-122.67856,Entire home/apt,,30,26,2025-11-24,0.35,1,321,4,
25894908,Sweet Sellwood Studio,9649928,1462570534246614807,Linda,,Sellwood-Moreland Improvement League,45.469799,-122.653801,Entire home/apt,,2,101,2025-10-06,1.12,1,89,9,23-113319-000-00-HO
25912642,Montavilla manor,138761774,1468376835743889962,Aaron,,Mt. Tabor,45.51852,-122.58669,Entire home/apt,,3,107,2025-10-27,1.46,2,338,29,24-017002-000-00-HO
25920079,Ne PDX modern ADU,156967556,1462999648165573297,Inna,,Parkrose,45.5492,-122.54259,Entire home/apt,,1,271,2025-11-10,2.98,2,257,28,18-257473-000-00-HO
25935157,Hip Urban Portland Living in Nob Hill,54782133,1465896254227281564,James Eric,,Northwest District,45.52839,-122.69951,Entire home/apt,,3,258,2025-11-12,2.84,1,216,29,24-090212-000-00-LU
25940119,NE PDX Garden Escape Apartment Retreat,19259335,1463072940067430926,Kelley,,Sabin,45.55353,-122.65292,Entire home/apt,,2,169,2025-11-09,1.87,4,176,25,18-158270-000-00-HO
25940445,Fabulous 5 BDRM Craftsman-Best Location in PDX!,194952414,1469015887481823519,Ashley,,Boise,45.54768,-122.67411,Entire home/apt,,2,126,2025-11-16,1.64,2,348,26,19-186108-000-00-LU
25941316,Historic Portland 3 Bedroom Home-Base,173625187,1468684649725004369,Zachary,,Buckman,45.51323,-122.63875,Entire home/apt,,2,146,2025-10-20,1.62,2,345,17,18-125412-000-00-LU
25944358,Laurelhurst Holiday Charmer |  Family Friendly,195007597,1469016210048262574,Lisa,,Laurelhurst,45.53013,-122.62391,Entire home/apt,,2,145,2025-05-25,1.60,1,350,1,18-149843-000-00-HO
25947060,New Modern Buckman Charmer,4506845,1462659255519011152,Mary,,Buckman,45.51385,-122.64727,Entire home/apt,,1,147,2025-11-17,1.66,1,18,35,24ASTR-PER-00441
25986436,"PDX private & spacious  2 bd room unit, with (EV)",156967556,1462999648165573297,Inna,,Parkrose Heights,45.54093,-122.55684,Entire home/apt,,5,18,2025-10-04,0.45,2,332,7,23-113950-000-00-HO
26041396,Ladd's Addition Apartment in SE Portland,13080438,1462902640649434060,Stacy,,Hosford-Abernethy,45.50708,-122.64422,Entire home/apt,,5,169,2025-11-30,1.87,1,148,22,18-166551-000-00-HO
26062730,Hip 1BR • Retro-Modern Vibes • Prime SE Spot,187734201,1468972242760538849,Mike,,Buckman,45.512481689453125,-122.6462631225586,Entire home/apt,,1,520,2025-11-11,6.34,6,348,50,16-265211-000-00-CO
26063986,Sellwood Home Close to Everything,48703669,1465738389530680840,Elisabeth,,Sellwood-Moreland Improvement League,45.47546,-122.65067,Entire home/apt,,2,10,2025-11-12,0.11,1,140,6,25ASTR-PER-00220
26101342,"Bright & Cozy Walkable U of P Studio, Fast WiFi",76347703,1466936555976797157,Drea,,University Park,45.58024390644905,-122.7221510380317,Entire home/apt,,1,305,2025-11-30,3.38,1,326,27,18-200662-000-00-HO
26131191,Classic Craftsman - King Beds - Steps to Hawthorne,114569265,1468180093497704823,Neil,,Richmond,45.50992965698242,-122.6350326538086,Entire home/apt,,2,306,2025-11-16,3.42,1,99,32,18-188484-000-00-LU
26135619,Grant Park Haven in NE Portland,13281214,1462907679686636221,Kate,,Grant Park,45.53824,-122.62666,Entire home/apt,,3,203,2025-10-27,2.28,1,315,23,18-184810-000-00-HO
26161305,Contemporary 5 Bedroom Home with 7 Real Beds!,4702598,1462663629129018931,Loretta,,Hazelwood,45.5068,-122.55664,Private room,,1,3,2018-11-09,0.03,3,179,0,16-122179-000-00-lu
26170294,Award-Winning Guest House with Private Entrance,101565574,1467218556304641622,Keely,,Foster-Powell,45.49582,-122.60117,Entire home/apt,,2,386,2025-11-18,4.28,1,233,64,18-172018-000-00-HO
26171304,House with sauna and large yard,73663145,1462811022633267618,Julianne,,Foster-Powell,45.49078,-122.58478,Entire home/apt,,5,158,2025-11-28,1.77,1,150,24,24ASTR-APP-00490
26184695,PDX Central,190120922,1468986637700403400,Louise,,Parkrose,45.54935,-122.54253,Entire home/apt,,2,305,2025-11-20,3.41,2,337,37,18-210441-000-00-ho
26193945,SW Portland Charming 3 bedroom - Dog Friendly,196865274,1469026391955965295,Loretta,,West Portland Park,45.44857,-122.72823,Entire home/apt,,30,18,2024-12-30,0.20,2,180,1,
26226110,The Going House,92131086,1467112821927495832,Lauren,,Cully,45.55574,-122.60148,Private room,,30,0,,,1,0,0,
26230941,Cozy Maywood Park Apartment,197109843,1469027608446294635,Lisa,,Parkrose,45.55545,-122.56167,Entire home/apt,,30,7,2025-10-31,0.08,1,335,2,
26231050,Classic Bungalow in Hip North Portland - Long Term,307635,1462515268678546282,Andrew,,Humboldt,45.55796,-122.67216,Entire home/apt,,90,16,2025-08-23,0.19,2,364,1,
26272298,Stroll to Restaurants New Laurelhurst Loft,49136460,1465747942910927118,Sarah,,Buckman,45.52225,-122.6434,Entire home/apt,,1,409,2025-11-16,4.53,5,285,23,17-239885-000-00-CO
26300261,Woodstock Farmhouse,62800380,1466774883137502773,Susanna,,Brentwood-Darlington,45.47431,-122.61385,Entire home/apt,,1,307,2025-11-27,3.39,1,349,43,24ASTR-APP-00425
26301500,Deluxe 5★ Guest House ❤️ Close-in Convenience,197760682,1469030562846077981,Lynn,,Laurelhurst,45.52374,-122.62231,Entire home/apt,,3,363,2025-11-23,4.01,1,78,58,24ASTR-APP-00485
26396810,Poolhouse of Portland Architectural Gem,7488923,1462733277756473839,Aric,,Sylvan-Highlands,45.51627,-122.72766,Entire home/apt,,2,100,2025-09-01,1.12,1,268,9,18-223901-000-00-HO
26441861,Perfect Portland getaway-Near everything-Patio,7727691,1462739676378770833,Kara,,Beaumont-Wilshire,45.54919,-122.61682,Private room,,2,36,2025-05-19,0.40,3,0,1,17-221433-000-00-HO
26452292,"Dogwood Loft -cozy neighborhood, pet friendly",49136460,1465747942910927118,Sarah,,Buckman,45.522148,-122.639351,Entire home/apt,,1,306,2025-11-24,3.39,5,344,49,17-239885-000-00-CO
26466422,"Liebe Guesthouse - Cozy Home, Convenient Location",12523076,1462889631418312314,Kim Huong,,Lents,45.48613,-122.57694,Entire home/apt,,30,13,2022-10-16,0.14,3,365,0,
26534627,Sanctuary in Portland Long-term House Rental,29763138,1465438810585784043,Amelia (Mengmeng),,Arnold Creek,45.43724,-122.69256,Entire home/apt,,30,4,2025-03-01,0.09,1,0,1,
26572629,Professionally Cleaned Modern Alberta Arts Apt,34926669,1462666972565264707,John,,Concordia,45.55969,-122.63291,Entire home/apt,,2,238,2025-03-30,3.00,1,0,10,19-138441-000-00-HO
26642063,Burnside Studio: Explorer’s Oasis Near Everything!,1308879,1462517226127834764,Laura,,Northwest District,45.52330748047453,-122.68700595266634,Entire home/apt,,31,69,2025-08-31,0.78,1,45,2,
26705841,Charming and Bright  1920s Cottage in SE Portland,44119978,1465655350912543535,Laura,,Mt. Scott-Arleta,45.48323,-122.58634,Entire home/apt,,30,2,2023-06-03,0.06,1,0,0,
26710860,Adorable Suite in Historic Isam White House,51263542,1465797738676626255,Richard,,Northwest District,45.52515,-122.69259,Entire home/apt,,1,355,2025-11-27,3.96,3,331,43,18-204029-000-00-HO
26717394,Dream Cottage! Springwater Bike/Walking Path!,5190363,1462674955179176399,John,,Sellwood-Moreland Improvement League,45.4593,-122.6575,Entire home/apt,,2,605,2025-11-29,6.71,1,317,67,18-117274-000-00-HO
26740129,The Rock N Roll House,13080376,1462902640313566188,Don,,South Portland,45.47301,-122.67359,Entire home/apt,,2,283,2025-11-25,3.26,1,316,33,17-277786-000-00-LU
26820355,Large Studio in Historic Isam White House,51263542,1465797738676626255,Richard,,Northwest District,45.52515,-122.6927,Entire home/apt,,1,416,2025-11-24,4.63,3,317,71,18-204029-000-00-HO
26846062,Cozy North Portland Urban Oasis,18835888,1462607354707883623,Nathaniel,,Portsmouth,45.58041,-122.71321,Entire home/apt,,2,235,2025-11-30,2.69,1,158,30,19-243670-000-00-HO
26861615,Airy Bedroom in Friendly Neighborhood,1326395,1462542822514057847,Catherine,,Cully,45.55773,-122.61222,Private room,,30,13,2024-07-01,0.15,2,0,0,
26867237,University Park Garden Guest House,50687779,1465777644438215869,Julie,,University Park,45.58412,-122.73644,Entire home/apt,,2,72,2025-10-20,0.81,1,328,11,18-212926-000-00-HO
26875345,Light and art-filled flat by park & restaurant row,3239276,1462623529129472470,Randy,,Buckman,45.52242,-122.63753,Entire home/apt,,3,129,2025-11-30,1.44,1,214,16,18-188777-000-00-HO
26892495,Alberta Arts Stylish Studio w/ Private Entrance,11476964,1462865642838880277,Darlene,,Concordia,45.5601,-122.63292,Entire home/apt,,2,237,2025-11-11,2.76,1,254,22,18-239366-000-00-HO
26892924,Queen Suite w/Fully Stocked Kitchen /New Mattress,6236702,1462701336041423887,Joe And Debbie,,Foster-Powell,45.4959,-122.59903,Entire home/apt,,5,43,2025-11-22,0.65,1,1,15,25ASTR-APP-00087
26963386,Private 2 BR Basement Suite close to the airport,33471709,1465489743080922990,Jeffrey,,Cully,45.55609,-122.57987,Entire home/apt,,2,216,2025-11-14,2.52,1,335,27,18-205819-000-00-HO
26999260,Stellar Sellwood Carriage House,203150897,1469060022911546122,Sawvalak,,Sellwood-Moreland Improvement League,45.46595,-122.64364,Entire home/apt,,5,106,2025-11-22,1.18,1,64,10,18-171297-000-00-HO
27054795,Peaceful + Modern :  NE Portland,120016557,1468222114125753823,Jean,,Rose City Park,45.530033111572266,-122.60855102539062,Entire home/apt,,2,381,2025-11-16,4.52,1,56,28,18-211885-000-00-HO
27161519,Cozy NW Portland Condo - Private Entry,983107,1462515508353997712,Trang Theresa,,Northwest District,45.53326,-122.69509,Entire home/apt,,30,16,2025-09-01,0.19,1,358,1,
27200563,Dreamy Modern Overlook ADU *25%off on 28+day stays,328095,1462511220177811401,Stewart,,Overlook,45.56267,-122.69644,Entire home/apt,,2,217,2025-11-16,2.44,1,89,32,18-238718-000-00-HO
27229222,Portland Bungalow,205064625,1469069748829580222,James,,Sellwood-Moreland Improvement League,45.46122,-122.6545,Entire home/apt,,5,25,2025-10-19,0.28,1,100,7,24ASTR-APP-00106
27231117,My Portland Launch Pad,205079895,1469069813133303439,Mike,,Vernon,45.56294,-122.64466,Entire home/apt,,30,116,2019-12-04,1.30,8,0,0,
27232169,Perfect for Groups - Trendy Area - 4BR - Sleeps 8,190656099,1468989935967301129,Aaron,,Kerns,45.526248931884766,-122.63346862792969,Entire home/apt,,1,430,2025-11-09,4.94,21,333,23,17-246293-000-00-CO
27232368,Retro Hideaway - Trendy Location - 2BR - Sleeps 4,190656099,1468989935967301129,Aaron,,Kerns,45.526248931884766,-122.63346862792969,Entire home/apt,,1,502,2025-11-02,5.78,21,333,36,17-246293-000-00-CO
27232454,Top-Floor Hideout - Best Location - 2BR - 4 Guests,190656099,1468989935967301129,Aaron,,Kerns,45.526248931884766,-122.63346862792969,Entire home/apt,,1,494,2025-11-27,5.68,21,347,26,17-246293-000-00-CO
27232517,Coastal Vibes Studio • Kerns Eats & Coffee • AC,190656099,1468989935967301129,Aaron,,Kerns,45.526248931884766,-122.63346862792969,Entire home/apt,,1,587,2025-11-16,6.77,21,353,49,17-246293-000-00-CO
27232628,Kerns Urban Cabin • New Build • AC • Walkable,190656099,1468989935967301129,Aaron,,Kerns,45.526248931884766,-122.63346862792969,Entire home/apt,,1,711,2025-11-18,8.17,21,359,59,17-246293-000-00-CO
27262964,YeOldeTinyHouse/Alberta Arts/AC,185187318,1463085339199495976,Roger,,Concordia,45.55792,-122.63517,Entire home/apt,,2,235,2025-11-16,2.63,1,144,11,18-191834-000-00-HO
27263238,"Walk 2 Restaurants & Park, Private Entrance",62261998,1462750061747177206,ITrip Vacations,,Richmond,45.50869,-122.63317,Entire home/apt,,2,71,2025-07-11,0.80,19,361,6,18-190667-000-00-HO
27290594,Top Floor Apt in NW; Great space; longer stays,32155407,1465472347803705926,Jeff,,Northwest District,45.52996,-122.70027,Entire home/apt,,5,59,2025-11-08,0.67,1,111,1,24ASTR-APP-00471
27291927,Sanctuary In The City: Close to OHSU SW Portland,71968406,1462796367315645810,Brenda,,South Portland,45.49,-122.68004,Private room,,5,160,2025-06-28,1.80,1,124,1,18-189322-000-00-HO
27336194,Forest Park Oasis |NW 23rd|Mins Downtown,1912227,1462581584903679890,Cristin,,Hillside,45.53153,-122.71445,Entire home/apt,,4,60,2025-11-16,0.68,1,54,10,18-132049-000-00-HO
27339264,2 Master Suites*Hawthorne/Division Area,1096266,1462515914003978639,TaMAra,,Richmond,45.50799,-122.61487,Private room,,1,1,2019-12-15,0.01,5,0,0,17-178470-000-00-HO
27362354,Backyard Garden Retreat,176094166,1468706995879754255,Kate,,Reed,45.48392,-122.62876,Entire home/apt,,2,229,2025-11-30,2.60,1,246,42,18-220320-000-00-HO
27370420,Great Portland location with river views,56493074,1462734675640965547,Gala,,Portland Downtown,45.51044,-122.67935,Entire home/apt,,30,21,2025-04-05,0.26,1,121,1,
27392364,NE Sanctuary-Award Winning Home (Promotions),19259335,1463072940067430926,Kelley,,Madison South,45.54553,-122.57587,Entire home/apt,,2,506,2025-11-10,5.69,4,239,57,18-262100-000-00-HO
27463822,Stylish 2nd Floor Studio Great Location!,13695963,1462587401588142220,Jason,,Irvington,45.54065,-122.6498,Private room,,30,40,2025-08-09,0.45,4,207,3,
27548325,"Central, Pet-Friendly Home Steps From Mississippi!",6473368,1462707311799289773,Aimee,,Boise,45.55333,-122.6767,Entire home/apt,,1,321,2025-11-21,3.64,1,74,34,24-020384-000-00-HO
27553121,"Near Eastport Plaza, Short drive to PDX, Downtown",12523076,1462889631418312314,Kim Huong,,Lents,45.48645,-122.5784,Entire home/apt,,30,4,2023-08-05,0.05,3,365,0,
27555604,Cascadia: Our reviews say it all!,29196049,1465430270104245151,Brian And Fiona,,Piedmont,45.56649,-122.66683,Entire home/apt,,30,169,2024-10-04,1.91,1,211,0,18-216056-000-00-HO
27606267,Peaceful Apartment in the Heart of Portland,208306655,1463158140339818261,Erin,,Richmond,45.50592,-122.62597,Entire home/apt,,1,155,2025-11-10,3.84,1,356,35,22-163807-000-00-HO
27634146,Walk Everywhere from a Historic Home with AC,60300963,1466741322800365986,Naomi,,Boise,45.55143,-122.67552,Entire home/apt,,10,498,2025-01-02,5.59,2,0,2,18-201638-000-00-HO
27677098,Private Minimalist Architecture Guesthouse Loft,208901740,1469089743791301372,Erica,,Kerns,45.52381,-122.64609,Entire home/apt,,2,291,2025-11-30,3.36,2,342,54,18-212653-000-00-HO
27678727,Modern Architect-designed House,13079204,1462902626341485701,Evan,,Eliot,45.54655,-122.65916,Entire home/apt,,1,370,2025-11-30,4.17,1,342,65,19-234734-000-00-HO
27697302,Teal Door Bungalow Close-in SE Portland studio,78379504,1462822167803390568,Angela,,Sellwood-Moreland Improvement League,45.46408,-122.64431,Entire home/apt,,30,293,2025-05-07,3.30,1,336,17,00010
27758553,Cool 2 Bdrm Division St Suite Central SE Location,23400410,1465272798778963533,Bryan,,Richmond,45.50387,-122.63449,Entire home/apt,,31,36,2025-08-05,0.41,4,340,2,
27764324,The Foody Farmhouse - Your best choice for PDX!,48015500,1465725423803539334,Bill,,Kerns,45.52548,-122.63595,Entire home/apt,,2,366,2025-11-23,4.17,1,103,47,20-124807-000-00-HO
27783538,Alberta Arts Townhome,205079895,1469069813133303439,Mike,,Vernon,45.56125,-122.64657,Entire home/apt,,2,348,2025-11-14,3.93,8,135,40,19-109432-000-00-HO
27784464,5428 Unit A,770134,1462528848820114132,Jeff,,Overlook,45.56332,-122.68121,Entire home/apt,,30,14,2025-05-03,0.28,2,335,3,
27787557,"Back Porch Bungalow-2 guests, 1 bdrm, private bath",209826108,1463161373611794498,Cherice,,King,45.56263,-122.6617,Entire home/apt,,1,1213,2025-12-01,13.88,3,220,154,19-268594-000-00-LU
27856170,Spacious Studio steps to Belmont & Hawthorne,9819141,1462824300173226011,Jacob,,Buckman,45.51579,-122.64236,Entire home/apt,,1,575,2025-11-23,6.48,1,155,77,24-020551-000-00-HO
28002714,Zen themed private retreat in NW Portland.,12319817,1462885000310072699,Mary Yoko,,Hillside,45.531466105403595,-122.71173318398445,Entire home/apt,,2,188,2025-11-01,2.31,1,330,17,19-122137-000-00-HO
28012054,Alberta Arts Oasis: Basil's Garden Room,132998741,1468329363038131522,Gabrielle,,Beaumont-Wilshire,45.55703,-122.62949,Private room,,1,573,2025-11-22,6.47,1,252,74,20-119145-000-00-HO
28073771,Posh Victorian Apt-Great location (31 day-no tax),98202133,1467181779898110981,Toney,,Northwest District,45.53837,-122.69786,Entire home/apt,,31,160,2023-01-13,1.81,6,28,0,
28101093,Modern urban condo in the center of everything,66668669,1466823593947128692,Paul,,Northwest District,45.53373,-122.70053,Entire home/apt,,30,2,2019-03-31,0.02,1,0,0,
28102068,AMAZING NEIGHBORHOOD IN PORTLAND!,212276052,1469108616556657827,Murad,,Northwest District,45.53504,-122.70317,Entire home/apt,,30,17,2025-10-12,0.22,1,307,2,
28103535,Executive Home-2Bed/1 BA (31 night minimum),6127388,1462544063048156125,J-Anthony,,Reed,45.48344,-122.62637,Entire home/apt,,31,0,,,1,269,0,
28151971,Handsome Craftsman Home in Heart of Hawthorne,405092,1462517576306957150,Yuting,,Richmond,45.51001,-122.62524,Entire home/apt,,31,83,2025-08-16,0.94,1,141,3,
28153099,Yellow Door | Restaurant Row | Pool table,212650552,1469110890117424116,Matt,,Boise,45.55011,-122.67362,Entire home/apt,,3,204,2025-11-28,2.37,2,16,34,19-246360-000-00-HO
28188294,"Cape Cod House | Modern, Spacious & Top Amenities",70094369,1466867795751710296,Liam,,Piedmont,45.56829,-122.6652,Entire home/apt,,3,206,2025-11-18,2.33,1,249,26,20-118012-000-00-LU
28197448,1700+ Great Reviews! We make your choice easy,8474325,1462565248644327926,Kristin,,Sellwood-Moreland Improvement League,45.4642,-122.65305,Private room,,1,97,2025-11-20,1.10,4,252,31,17-224630-000-00-HO
28226590,Daylight Basement CloseIn/Portlandia SE PDX,2135334,1462587278119948322,Todd,,Buckman,45.51497,-122.65181,Entire home/apt,,1,484,2025-12-02,5.50,2,301,65,24ASTR-APP-00428
28249015,Perfect for Groups • Prime Spot • 3BR • Sleeps 7,213363744,1469115307084324925,Rene,,King,45.5506334,-122.6607762,Entire home/apt,,1,406,2025-11-02,4.60,1,299,27,22-174473-000-00-CO
28253904,Chez Modern,52327539,1465845834908358235,Camron,,Multnomah,45.46197411878365,-122.72215885164334,Entire home/apt,,2,260,2025-11-17,2.95,2,328,40,23-108383-000-00-HO
28257253,Cedar Grove,24966798,1465327814712512444,Patricia,,Rose City Park,45.54395,-122.59954,Entire home/apt,,5,333,2025-11-23,3.80,1,202,39,20-108776-000-00-HO
28259767,Portland Hazelwood House,3630383,1462635618868222877,Stephen,,Hazelwood,45.53185,-122.55402,Private room,,2,158,2025-11-30,1.79,1,264,26,20-127167-000-00-HO
28284093,Private suite for 1–2 w/ secret patio & gas firepi,6946676,1462719538371110706,Scott,,Humboldt,45.558284759521484,-122.66563415527344,Entire home/apt,,1,152,2025-11-24,1.74,5,360,22,17-182673-000-00-HO
28293489,3BR • Sleeps 8 • Foodie Haven • SE Portland,146196024,1468435531635992384,Jeff,,Buckman,45.51615524291992,-122.63932037353516,Entire home/apt,,1,577,2025-11-23,6.58,6,361,37,17-273839-000-00-CO
28307776,Margaux | Airstream Glamping in the Heart of PDX,4810546,1462665872637297431,Kayla,,Foster-Powell,45.48777,-122.58954,Entire home/apt,,1,491,2025-11-30,5.59,1,110,43,20-197417-000-00-HO
28340091,Monta-Villa Garden Cottage & Furry Farmstead,1797565,1462520433809789038,Brian,,Montavilla,45.53430814710033,-122.58622370660305,Entire home/apt,,2,457,2025-11-15,5.56,1,332,60,19-121146-000-00-HO
28386030,The Rose Room,2410278,1462524037322196001,Donna,,Eliot,45.54382,-122.6612,Private room,,1,144,2025-11-22,1.64,2,86,38,24ASTR-PER-00492
28433150,The Heart of Alberta Arts - Private Home,51953429,1465819957821490822,Kenji,,Vernon,45.55951,-122.6431,Entire home/apt,,1,563,2025-11-16,6.74,1,335,53,18-269418-000-00-HO
28443494,The Belmont Birdhouse - A Clean & Quiet Escape,5941807,1462543088102323905,Amber,,Mt. Tabor,45.51616,-122.60309,Entire home/apt,,2,102,2025-11-09,1.16,1,41,14,20-128276-000-00-HO
28493203,Multnomah Hidden Pond - stunning upscale romantic!,37575586,1465562683370332908,Elie,,Multnomah,45.47178,-122.70281,Entire home/apt,,1,384,2025-11-14,4.38,2,352,33,18-112769-000-00-HO
28564991,Willamette River View Condo Near Downtown Portland,127774398,1462934428276430960,Frank & Jessica,,South Portland,45.48661,-122.67395,Entire home/apt,,30,1,2019-07-28,0.01,1,0,0,
28663623,Cozy Studio in Brooklyn,176661808,1468711618399742506,Angel,,Brooklyn Action Corps,45.49972,-122.65869,Entire home/apt,,2,220,2025-10-31,2.54,1,248,16,19-110538-000-00-HO
28687064,Peaceful Humble Abode,168060332,1468625601833002184,Jessica,,Concordia,45.5682,-122.62597,Entire home/apt,,30,20,2024-02-16,0.23,1,0,0,22-134881-000-00-HO
28720554,Little Gem House close to Mississippi & Williams,149028,1462510933445694353,Adrienne,,Humboldt,45.55848,-122.67341,Entire home/apt,,2,63,2025-09-22,0.82,1,179,8,19-215746-000-00-HO
28833457,Stunning Artistic ADU in Gated In City Sanctuary,217425750,1469142719878445533,Brock,,Cully,45.55581,-122.60954,Entire home/apt,,30,76,2024-08-27,0.90,1,0,0,17-272280-000-00-HO
28869509,The Sunshine House (OHSU/South Waterfront area),994334,1462535296064786005,Grace And Hasan,,South Portland,45.50108,-122.67548,Entire home/apt,,90,102,2023-12-30,1.17,1,0,0,18-208533-000-00-HO
28918730,"Premium Waterfront Condo, Great Views, w/ Parking",27903183,1462642706697059981,Farid,,Old Town/Chinatown,45.52941,-122.67397,Entire home/apt,,30,11,2025-07-18,0.14,3,303,1,
28986964,The Wolf Den: cozy and clean apartment in NoPo,5575780,1462684148554286266,Regan,,Kenton,45.58072,-122.7026,Entire home/apt,,2,65,2025-10-07,0.89,1,21,12,19-225502-000-00-HO
29006316,Peaceful Portland Stay Near Parks & Airport,218466278,1469149588747115404,Zhen,,Argay,45.54447,-122.51437,Entire home/apt,,30,0,,,1,343,0,
29126487,4B2bRemodel Craftsman:Porches/Town/Grant/Irvington,2503251,1462596932297809246,Laura,,Grant Park,45.53595,-122.63387,Entire home/apt,,30,4,2024-07-31,0.15,2,365,0,
29129259,Cozy Camper in Wooded SW Neighborhood,112893366,1467362147524274536,Samantha Ann,,Markham,45.45909,-122.7005,Entire home/apt,,30,67,2025-01-14,0.77,2,252,1,
29158406,*Spacious Centrally Located Basement Studio,155811819,1468521286184346078,Mazana,,Piedmont,45.57417,-122.67712,Entire home/apt,,30,100,2024-08-17,1.51,1,0,0,21-029174-000-00-HO
29159055,Traveler's Haven! Rated Top 7 Hospitable PDX Host,18479582,1463055097343612942,Sara Jennifer,,Kenton,45.5869,-122.69198,Entire home/apt,,1,257,2025-11-16,3.22,1,328,25,19-186287-000-00-HO
29160603,The Sparrow on Pine ::: close in SE Portland,1197739,1462539466929525438,Heather,,Buckman,45.52091,-122.64208,Entire home/apt,,31,5,2022-01-25,0.06,1,87,0,
29181876,Marianna Condo,30878885,1462653117408614347,Elizabeth,,South Portland,45.50822,-122.68529,Entire home/apt,,30,23,2025-07-22,0.28,3,170,3,
29216225,"Eastwood Loft Foodie's Delight, Pet Friendly",49136460,1465747942910927118,Sarah,,Buckman,45.52226,-122.6412,Entire home/apt,,1,452,2025-11-26,5.20,5,335,86,17-239885-000-00-CO
29233940,Home Away Home in Downtown   High Raise,220235042,1463206407144316574,Jean,,Portland Downtown,45.51094,-122.67747,Entire home/apt,,31,2,2025-07-22,0.03,1,173,1,
29315790,North Portland Private Studio with Jacuzzi tub,29407157,1465433011461000205,Jennifer,,Piedmont,45.57601,-122.67146,Entire home/apt,,2,448,2025-11-29,5.18,1,316,39,21-031608-000-00-HO
29335562,Spacious Basement Suite in SE Portland,4540216,1462660035594693952,Ashlee,,Lents,45.4767,-122.57223,Entire home/apt,,1,46,2023-03-25,0.54,1,0,0,18-269397-000-00-ho
29362745,Modern Studio in 1920s Cottage at 'The Orchard.',9042332,1462567802313421615,Natalie Stasiuk,,Multnomah,45.46183,-122.71856,Entire home/apt,,30,95,2025-06-05,1.10,1,133,1,
29415372,Cozy Private Guest House Close to Southeast's Best,221580026,1469171310446838887,David,,South Tabor,45.49894,-122.60538,Entire home/apt,,30,112,2021-12-27,1.30,1,0,0,
29492921,Newly Built Guesthouse with Private Courtyard,111041622,1467342416564534428,Carol,,Maplewood,45.47416,-122.73002,Entire home/apt,,2,313,2025-11-21,3.63,1,301,26,18-220704-000-00-HO
29566252,"Hawthorne Haven-Full kitchen, bathroom, & laundry",222596780,1469178771367783753,Heather,,Sunnyside,45.51425,-122.63671,Entire home/apt,,4,218,2025-12-01,2.53,1,162,35,18-238721-000-00-HO
29592050,"Fresh & Modern, Spacious 1 Bed/1 Bath Condo",19605982,1463083680428343475,Parker,,South Tabor,45.50507,-122.59567,Entire home/apt,,2,398,2025-11-13,4.62,1,97,41,18-269759-000-00-HO
29608767,Private Concordia guesthouse by Alberta with A/C,19594248,1463083252786554040,Tiffany,,Concordia,45.56461,-122.62476,Entire home/apt,,1,164,2025-11-26,1.99,1,89,47,18-280895-000-00-HO
29610737,Mid-Century Modern Ranch on Arbor Lodge Treeway,1777366,1462578158713958615,Kat,,Arbor Lodge,45.56936,-122.69133,Entire home/apt,,30,38,2022-05-17,0.46,1,0,0,
29610811,Bright Loft,85235637,1462837513961910390,Kellie,,Montavilla,45.53007,-122.58005,Entire home/apt,,30,0,,,2,132,0,
29685774,Modern Top-Floor Retreat • Walkable + Workspace,49779724,1465760352067727039,Michael,,Eliot,45.53825,-122.65971,Entire home/apt,,1,327,2025-11-13,3.84,3,342,2,25ASTR-PER-00275
29687631,Close-in Private getaway in the trees.,10954552,1462853494562402030,Aletheia,,Woodlawn,45.57638,-122.64956,Entire home/apt,,2,676,2025-11-24,8.06,1,220,83,18-263908-123-12-HO
29732656,Tucked Inn Cully,189099,1462512157421090416,Jen,,Roseway,45.55055,-122.59927,Entire home/apt,,1,329,2025-11-17,5.56,1,204,77,17-265807-000-00-HO
29736134,Stunning Views--Hot tub--10 min to Downtown,5223057,1462675713460891784,George,,South Portland,45.47124040276815,-122.67374674753009,Entire home/apt,,2,56,2025-07-30,0.66,1,0,3,25ASTR-APP-00120
29762350,Portland-Queen bed,9373771,1462812469098615094,Tanja,,Multnomah,45.46415,-122.70483,Private room,,1,335,2025-11-30,3.90,2,8,44,24-011648-000-00-HO
29776974,Newly built  studio in perfect  SE  location,224031706,1469188465239775783,Kamila,,Richmond,45.50309,-122.63203,Entire home/apt,,1,523,2025-11-30,6.07,1,77,82,24ASTR-APP-00544
29807599,"Modern PDX Oasis:  Central NE, Near✈️ 🥾&Attractions",221193381,1463208504155550611,Aaron,,Parkrose,45.55658,-122.55936,Entire home/apt,,2,332,2025-10-23,3.86,1,0,34,24-002993-000-00-HO
29827564,Holiday Home,152202888,1468493605657224113,James,,Brooklyn Action Corps,45.50095,-122.66052,Entire home/apt,,2,225,2025-11-30,2.67,1,245,43,21-008934-000-00-LU
29830843,Historic restored in Laurelhurst PDX 5 bed 4 bath,57471246,1462737365986826307,Christopher Robert,,Laurelhurst,45.53306,-122.62497,Entire home/apt,,1,268,2025-11-26,3.12,1,319,18,19-192359-000-00-RS
29851448,Portland-KING bed,9373771,1462812469098615094,Tanja,,Multnomah,45.46413,-122.7046,Private room,,1,487,2025-11-23,5.67,2,8,64,24-011648-000-00-HO
29860746,Master bedroom with private bath,71520174,1462795234729930743,Elizabeth,,Centennial,45.49959,-122.51064,Private room,,30,7,2023-07-01,0.08,1,0,0,
29884092,"Private entrance, one bedroom unit in Woodstock",133425745,1468332853179314093,Deborah,,Woodstock,45.48301,-122.60812,Entire home/apt,,1,84,2025-10-26,0.98,1,353,13,24-023505-000-00-HO
29900173,"Cozy, Artsy St Johns Bungalow",13263099,1462907206322473025,Suzy,,St. Johns,45.58809,-122.74626,Entire home/apt,,28,39,2024-05-27,0.49,4,365,0,16-231596-000-00-HO
29908188,Whole Home w/ hot tub in NE Portland Alberta Arts,39165671,1465585074828942511,Leslie,,Woodlawn,45.56697,-122.65508,Entire home/apt,,2,275,2025-11-23,3.28,2,332,44,18-262091-000-00-ho
29935310,The Empath Retreat in Hollywood,13588271,1462914718586519990,Amy,,Hollywood,45.53644,-122.62089,Entire home/apt,,5,95,2025-09-21,1.23,1,29,2,92525
29983697,Irving Parlor-private guest wing for longer stays,7512487,1462733924469336555,Emily,,King,45.54977,-122.65944,Entire home/apt,,30,9,2023-12-31,0.10,1,242,0,18-249311-000-00-HO
29984761,Mt Tabor House Salmon Room,1172796,1462538863273491057,Colleen,,Mt. Tabor,45.51393,-122.61175,Entire home/apt,,1,379,2025-11-22,4.44,1,71,53,20-124013-000-00-HO
29986189,Oscar's Perch - Fantastic & Private 1-BR,90414561,1467093773090882862,Carrie,,Roseway,45.54179,-122.59308,Entire home/apt,,2,256,2025-11-29,3.03,1,350,40,24ASTR-PER-00388
29989693,Perfect Portland Experience - Close to Everything,18935456,1463065605772825216,Tyler,,King,45.55109,-122.65966,Entire home/apt,,2,128,2025-11-29,1.59,1,345,25,20-103143-000-00-HO
30039041,Market Street Guesthouse PDX,38307544,1465573137567000585,Natalie,,Richmond,45.51113,-122.62937,Entire home/apt,,2,411,2025-11-17,4.81,1,284,44,18-239401-000-00-HO
30103421,Studio in the Pearl,105882281,1467284428958388542,Corinne,,Northwest District,45.52455,-122.68811,Entire home/apt,,30,28,2025-10-30,0.33,1,347,4,
30108841,"Guesthouse in vibrant neighborhood, EV charger",2682677,1462604757514509208,Bethany,,Woodlawn,45.57149,-122.64808,Entire home/apt,,2,84,2025-11-16,1.00,1,260,18,18-198114-000-00-HO
30207076,"Colorful, spacious, light-filled guesthouse on MAX",1204761,1462539710449979755,Daniel,,Overlook,45.56385,-122.68603,Entire home/apt,,4,319,2025-11-30,3.74,1,220,43,18-269980-000-00-HO
30224062,Convenient North Portland lower level studio,128850,1462510342357389208,Kelly,,Portsmouth,45.584698560373454,-122.71058229939928,Entire home/apt,,2,92,2025-11-24,1.15,1,82,15,19-133387-000-00-HO
30225296,"Hip Local, Artsy Space. Walk to food, pubs & music",15346651,1462593747877837127,Patricia Marie,,Buckman,45.52067277276538,-122.64999192755567,Entire home/apt,,2,322,2025-11-16,3.79,2,23,37,20-129172-000-00-HO
30291459,Gem in heart of Beaumont-Wilshire,22650127,1463185006386339083,Cynthia,,Beaumont-Wilshire,45.54983,-122.61644,Entire home/apt,,31,16,2025-08-13,0.20,1,263,2,
30296652,Cozy SouthWestern Art Cantina - Mississippi Dstrct,638465,1462524529041297524,Robby,,Humboldt,45.56481,-122.67273,Entire home/apt,,30,13,2023-06-26,0.16,1,0,0,
30327746,Secluded Studio tucked away in N. Portland,6358589,1462704410093329059,Connor,,Portsmouth,45.58597,-122.72397,Entire home/apt,,2,242,2025-11-30,2.85,2,342,54,18-218604-000-00-HO
30347658,The Conservatory | Walkscore 92 + Bikescore 100,14970082,1462951164224253632,Graham,,Boise,45.55424,-122.67519,Entire home/apt,,30,347,2025-09-30,4.09,4,269,1,Exempt
30442104,Stay in a Dorm Bed (Male) at NW Portland Hostel,2820851,1462609613388119680,Northwest Portland Hostel,,Northwest District,45.52502,-122.69015,Shared room,,1,180,2025-11-29,2.14,8,365,29,52640
30467974,Cozy Seclusion in North Portland,8076457,1462748538007089284,Monica,,Piedmont,45.57706,-122.67255,Entire home/apt,,30,190,2025-08-29,2.28,1,150,1,
30591779,Private room in SE,204559,1462512580689645821,Charlie,,Brentwood-Darlington,45.47309,-122.57983,Private room,,30,6,2019-09-02,0.07,1,364,0,
30676051,Light-filled charmer in the heart of Buckman!,14855444,1462948546153291238,Tracy,,Buckman,45.521275,-122.641693,Entire home/apt,,1,191,2025-11-30,3.96,1,81,46,17-133744-000-00-HO
30793573,Welcome Home,28410788,1465419351566929335,Janet,,Hayhurst,45.4794,-122.71443,Entire home/apt,,30,142,2025-08-31,1.69,3,317,3,
30815455,"South Portland Luxury Condo, City & Mountain Views",141166845,1462964360854521559,Blake,,South Portland,45.47382,-122.67206,Entire home/apt,,1,122,2025-11-10,1.49,1,351,29,24ASTR-PER-00312
30888456,Streetcar Lofts in the Heart of the Pearl,21707201,1463162020638018571,Allen,,Pearl,45.5293714091881,-122.68206230144166,Entire home/apt,,30,15,2025-08-10,0.19,1,358,1,
30890318,Chic Portland Pad!,6431,1462506526701823327,Paula,,Sullivan's Gulch,45.53212,-122.63823,Entire home/apt,,2,509,2025-12-02,6.20,1,270,56,25ASTR-PER-00027
30890964,Overlook Victorian Mansion (5 Bedroom 10 Guest),84575822,1487907930693004707,Sylvia,,Overlook,45.55316,-122.68354,Entire home/apt,,2,185,2025-11-30,2.31,1,293,30,18-275778-000-00-LU
30892405,Studio House-Modern Cozy Gem!,36670674,1465546411853992147,Rachel & Sam,,King,45.56057,-122.6648,Entire home/apt,,2,394,2025-10-11,4.65,1,66,32,18-230325-000-00-HO
30909886,"Stunning Portland Condo | Parking, River & Dining",25976548,1465353156485582147,Sarah,,South Portland,45.47224,-122.67412,Entire home/apt,,1,185,2025-11-23,2.19,1,353,23,19-137580-000-00-HO
30980830,"Business Travel Dream - Spacious, Luxurious 2 Bed",173625187,1468684649725004369,Zachary,,Richmond,45.51099,-122.63022,Private room,,31,2,2019-08-15,0.02,2,0,0,
30986083,Eastmoreland Private Guest Suite by Reed College,142326751,1468405499137295186,Rhonda Anne,,Eastmoreland,45.47862,-122.62889,Entire home/apt,,3,231,2025-11-17,2.79,1,315,35,19-115586-000-00-HO
31041507,"MODERN, PRIVATE, AND FULLY FURNISHED SE GUESTHOUSE",231857120,1469236055325452293,Kathryn,,Creston-Kenilworth,45.4917,-122.61972,Entire home/apt,,31,76,2025-10-10,0.91,1,318,5,18-269932-000-00-HO
31044376,Basement Dwelling,6060622,1462696859797706389,Norah,,King,45.55171,-122.65702,Entire home/apt,,2,393,2025-11-09,4.66,2,75,25,17-132111-000-00-HO
31207702,"Concordia Guest Suite, NE Portland",176371931,1468709322783058989,Michelle,,Concordia,45.56997,-122.63471,Entire home/apt,,2,134,2025-11-16,1.63,1,254,31,24ASTR-PER-00025
31224158,Irvington Place - Moda & Convention center close,4426731,1462657194695140637,Martha,,Irvington,45.53842544555664,-122.65524291992188,Entire home/apt,,2,182,2025-11-29,2.19,2,155,23,24ASTR-PER-00015
31224577,"Zen oasis near Mt. Tabor, private bath, fast Wi-Fi",1314197,1462542535372121788,Jeff,,North Tabor,45.52802,-122.59735,Private room,,1,204,2025-11-08,2.43,3,251,18,19-139171-000-00-HO
31224648,The peaceful treehouse in quiet neighborhood.,28892696,1465425954362145266,Miriam,,Montavilla,45.52935,-122.58697,Entire home/apt,,3,93,2024-12-28,1.20,1,185,1,19-200675-000-00-HO
31261650,Cute + Cozy Cottage in Portland!,3588025,1462530755550062847,Oliver,,St. Johns,45.59294,-122.74127,Entire home/apt,,10,42,2024-07-31,0.51,2,0,0,17-155605-000-00-HO
31271674,Castle Estate in SW Portland minutes from Downtown,100656896,1462871891805442113,Inna,,Southwest Hills,45.49397,-122.70555,Entire home/apt,,3,145,2025-11-30,1.73,2,350,16,19-232823-000-00-LU
31284993,Luxury Apartment For Rent,123968362,1462925948291924954,Arvell,,Irvington,45.53888,-122.65012,Entire home/apt,,3,4,2025-10-13,0.06,4,364,3,18-172358-000-00-LU
31290790,Casa Maggie Mae Long-Term possible FAST WiFi,19204617,1463071816306878897,Steve,,Piedmont,45.567867,-122.662894,Entire home/apt,,14,45,2025-08-30,0.56,1,348,1,16-170292-000-00-HO
31291509,"Large, Private Woodstock Suite",234182512,1469247159650055366,Mickey,,Woodstock,45.4782,-122.61199,Entire home/apt,,3,164,2025-11-29,1.95,1,243,15,20-134120-000-00-HO
31338578,Little Cedar House  High Speed WIFI - Super Clean,30942269,1462653342211256522,Nancy,,North Tabor,45.52553,-122.61659,Entire home/apt,,2,593,2025-11-19,7.07,1,330,67,18-279434-000-00-HO
31339668,"Cozy NE Portland Neighborhood Studio, walkable!",6933405,1462719230201475831,Amelia,,Piedmont,45.569540782728076,-122.66302768199178,Entire home/apt,,1,490,2025-11-12,5.94,1,257,51,24ASTR-PER-00322
31339935,Clean and Beautiful Inner SE Apartment,21441201,1463155385665514480,Andrea,,Richmond,45.50052,-122.63537,Entire home/apt,,2,184,2025-11-28,2.21,1,57,22,18-269780-000-00-HO
31351647,"Private bedroom, bathroom, and living area",19475324,1463079363776795262,Morgan,,Montavilla,45.52172,-122.56985,Private room,,60,12,2020-03-16,0.16,1,89,0,19-198522-000-00-HO
31360833,Cozy Kenton apartment with fireplace,5433404,1462680758836331522,Emily,,Kenton,45.57944,-122.69761,Entire home/apt,,2,244,2025-11-24,2.96,1,71,22,19-115327-000-00-HO
31392149,"Mt. Tabor Home: Hiking, Dog Park, Cafes nearby!",89919003,1467088768667327774,Abbot,,Mt. Tabor,45.50595,-122.60346,Entire home/apt,,2,17,2025-01-24,0.34,1,0,3,21-020999-000-00-HO
31394104,‘Well Rested’-Accessible & bright private studio,3302285,1462529173860561201,Charles,,Piedmont,45.57422,-122.66933,Entire home/apt,,2,410,2025-11-30,5.33,1,222,74,19-233595-000-00-HO
31446743,Immerse yourself into the center of NW Portland,158074447,1468540422411831312,Sarah,,Northwest District,45.5279,-122.69472,Entire home/apt,,31,22,2025-08-23,0.27,14,337,1,
31447915,"North Tabor hideaway w/ desk, fast Wi-Fi, near MAX",1314197,1462542535372121788,Jeff,,North Tabor,45.52743,-122.59754,Private room,,1,177,2025-10-13,2.11,3,267,13,19-139171-000-00-HO
31449268,Cute Studio*Division/Hawthorne*93WalkScore+Parking,235588475,1469254101279657558,Liz & Grant,,Richmond,45.50763,-122.61565,Entire home/apt,,2,189,2025-11-30,2.26,1,263,22,18-281669-000-00-HO
31496329,"Private Montavilla Mid-Century, Park-Like Setting",19686646,1463088087804648116,Vivian,,Montavilla,45.52294,-122.57575,Entire home/apt,,14,57,2024-09-03,0.73,1,31,0,19-118352-000-00-HO
31519710,Desirable NE Alameda area-Apartment w/ Kitchen,155027096,1468516225913395623,Tracey,,Beaumont-Wilshire,45.54822,-122.6246,Private room,,2,241,2025-11-10,2.91,1,359,21,24ASTR-APP-00524
31520770,Luxe Suites (Spa studio w/private entrance),202400439,1469056088999500009,Bradley,,Wilkes,45.53085,-122.5079,Entire home/apt,,1,561,2025-11-11,6.76,2,53,39,19-111504-000-00-HO
31534539,"Historic 4BR 2BA 2,000 Sq. Ft. Irvington Bungalow!",236328262,1469257731956371192,Gregg,,Irvington,45.54508,-122.65681,Entire home/apt,,3,130,2025-11-30,1.63,2,166,27,24-020616-000-00-LU
31539235,Stunning Modern Loft Apt w/Tons of Natural Light,1608236,1462562995208841676,Rachael,,Hosford-Abernethy,45.50693,-122.64053,Entire home/apt,,3,151,2025-11-11,1.83,1,107,11,17-261697-000-00-HO
31560228,The Urban Fern - Walk to Shops/MAX/Food!,11182438,1462859008092688807,Brooke,,Overlook,45.56539,-122.68662,Entire home/apt,,1,303,2025-11-16,3.73,3,203,29,19-110162-000-00-HO
31568106,Beautiful Tiny House,5755250,1462688688323916018,Molly,,Irvington,45.53863,-122.65587,Entire home/apt,,2,433,2025-11-20,5.34,2,247,48,18-277933-000-00-HO
31585548,The Urban Nook ~ Steps to Shops/Max/Food!,11182438,1462859008092688807,Brooke,,Overlook,45.56516,-122.68765,Entire home/apt,,1,396,2025-11-16,5.39,3,256,46,19-110162-000-00-HO
31649731,Chic Guest House in the Heart of the City,35082631,1462667521877391471,Ann,,Laurelhurst,45.53009,-122.62628,Entire home/apt,,2,413,2025-11-30,5.01,2,257,38,19-105272-000-00-HO
31696875,Cozy Bungalow in SE Portland,237714363,1469264868639906958,Jacob,,Brentwood-Darlington,45.46526,-122.60193,Entire home/apt,,2,326,2025-11-18,3.94,1,240,42,18-280853-000-00-HO
31717654,Industrial Pearl District Loft - Free Parking,5241391,1462676166040036066,Natasha,,Pearl,45.52961,-122.68289,Entire home/apt,,30,2,2023-05-14,0.05,1,362,0,
31837043,Cozy Mississippi St. Flat (Garden/AC/Parking),114337777,1468178428019106742,Natalia,,Boise,45.54987,-122.66983,Entire home/apt,,1,484,2025-11-15,5.97,1,23,79,17-193694-000-00-HO
31858709,Spotless Modern Steps from the Best Shops and Restaurants.,6063183,1462696983320395256,Katherine,,Humboldt,45.55674,-122.67433,Entire home/apt,,1,338,2025-11-16,4.12,3,327,31,18-196466-000-00-LU
31861183,✨Stylish & Spacious Home in Bustling FoPo✨,121932858,1468237418448098578,Trang,,Foster-Powell,45.49337,-122.59068,Entire home/apt,,3,33,2023-11-07,0.73,1,0,0,24-001164-000-00-HO
31950837,Cozy Johns Landing Studio!,65277088,1466807215281837490,Reza,,South Portland,45.48216,-122.67573,Entire home/apt,,1,155,2025-11-28,1.88,1,263,22,23-113508-000-00-HO
31983387,Historic 4BR | Walk to NW 23rd Shops & Dining,88253867,1467059947580489724,Jordan,,Northwest District,45.524715423583984,-122.69454956054688,Entire home/apt,,1,421,2025-11-16,5.06,15,308,37,18-241563-000-00-CO
31993074,The Green Door PDX: A European Inspired Cottage.,31143498,1465458304586845417,Brandt,,Overlook,45.5592,-122.69148,Entire home/apt,,2,430,2025-11-28,5.35,1,245,67,18-278550-000-00-HO
32051260,2 Bedroom Basement Apartment in Arbor Lodge,12591253,1462891254178805541,Abby,,Arbor Lodge,45.576599,-122.69577,Entire home/apt,,1,36,2022-02-21,0.46,2,0,0,17-154795-000-00-HO
32103577,Attractive and Affordable Suite in Alberta Arts,36981269,1465550771132183824,Lance,,Concordia,45.56073,-122.63768,Entire home/apt,,1,857,2025-12-02,10.41,1,334,105,19-225850-000-00-HO
32147679,Charming Craftsman in NE Portland,4507214,1462659262316533458,Jeremy,,Alameda,45.54974,-122.63412,Entire home/apt,,30,0,,,1,0,0,
32165887,Relaxing Retreat,13602640,1462915043201226595,Judith,,Concordia,45.563846588134766,-122.6345443725586,Entire home/apt,,1,76,2025-11-29,0.93,2,362,8,14-253624-000-00-ho
32179649,Shipping Container Home in famous Alberta Arts!,241446961,1469282967099441189,Ashley,,Concordia,45.56134,-122.62678,Entire home/apt,,2,265,2025-11-09,3.21,1,158,57,25ASTR-APP-00016
32205876,Bright and Spacious NW 23rd Ave Vintage Apartment,241675301,1469283995392170501,Jovenco,,Northwest District,45.53263,-122.69878,Entire home/apt,,30,1,2019-07-01,0.01,1,0,0,
32344212,Main House in Madison South,33648860,1465492064227008678,Laura,,Madison South,45.53598,-122.57592,Entire home/apt,,3,49,2024-11-30,1.59,1,0,0,23-027469-000-00-HO
32380294,Quiet Retreat at the Heart of Inner SE Portland,243140548,1469290536395758233,Laurie,,Sunnyside,45.51731,-122.63678,Entire home/apt,,7,76,2025-11-16,0.93,1,341,12,12-156262-000-00-LU
32402731,Mid-Century 2 Bed/1Bath newly Remodeled Duplex!,111643390,1467349006887639985,Vanessa,,Mt. Scott-Arleta,45.48103,-122.59781,Entire home/apt,,30,27,2025-10-31,0.33,2,161,2,
32423269,Convenient Mt. Tabor private bedroom and bath,238984344,1469271437443067028,Thomas,,Mt. Tabor,45.51492,-122.61009,Private room,,1,351,2025-11-23,4.27,1,234,50,18-277907-000-00-HO
32423425,"""THE 2509""  Creative Arts and Living Space",415758,1462511697037489948,Esther,,Sullivan's Gulch,45.53305,-122.64006,Entire home/apt,,3,49,2025-08-10,0.61,1,0,4,20-114331-000-00-HO
32442909,The Kellogg House,49168685,1465748474614832256,Alice,,St. Johns,45.58858,-122.74304,Entire home/apt,,30,2,2019-11-09,0.03,1,80,0,
32448243,Tiny Humboldt House,70062145,1466867443467310415,Kevin,,Humboldt,45.5584987,-122.6741288,Entire home/apt,,2,353,2025-11-13,4.30,1,260,36,19-124894-000-00-HO
32499085,Get away and relax at Sierra Cottage!,244187765,1469295793993320022,Kristin,,Richmond,45.50485,-122.62715,Entire home/apt,,3,48,2025-11-11,0.73,1,0,9,19-133015-000-00-HO
32607298,Beautiful 2-Bedroom in Alameda - Family Friendly,49957564,1465763405277367175,Kyle,,Beaumont-Wilshire,45.54693,-122.62987,Entire home/apt,,2,324,2025-11-03,3.97,1,234,40,19-115558-000-00-HO
32611548,Modern Charming House in the Heart of Division,32902791,1465482073147956706,Karyn,,Richmond,45.50125,-122.63504,Entire home/apt,,30,17,2021-11-29,0.21,1,0,0,
32616529,"The PitStop - 2bdrm, 4 guests, private bath",209826108,1463161373611794498,Cherice,,King,45.56447,-122.66348,Private room,,1,811,2025-11-30,10.00,3,241,99,19-268594-000-00-LU
32617426,Arbor Lodge Lodge- a relaxing oasis in the city,373547,1462516870187796090,Vinay,,Arbor Lodge,45.56998,-122.69238,Entire home/apt,,2,463,2025-12-02,5.74,1,204,73,19-115330-000-00-HO
32663622,"1931 bungalow, 1BA, fireplace & yards w 1 cat",9061399,1462793921657016940,Sara,,Montavilla,45.52134,-122.58058,Entire home/apt,,30,8,2020-02-17,0.10,1,269,0,Exempt
32701263,Modern Refuge aka The Glam Pad,9930480,1462571884725747203,Trace,,Overlook,45.56415,-122.68154,Entire home/apt,,1,271,2025-11-30,3.37,2,346,39,19-187267-000-00-HO
32720937,Are You Ready to Explore Portland?,154575784,1468512571167111870,Brigitta,,North Tabor,45.52402,-122.60461,Entire home/apt,,2,164,2025-11-23,2.00,1,60,17,18-244802-000-00-HO
32722647,Stay in a Dorm Bed (Female) at NW Portland Hostel,2820851,1462609613388119680,Northwest Portland Hostel,,Northwest District,45.52634,-122.68856,Shared room,,1,253,2025-11-10,3.27,8,365,40,52640
32723932,Urban Cabin on Mt Scott,246070767,1469305384601984098,Jed,,Pleasant Valley,45.47082909136234,-122.54257438307138,Entire home/apt,,2,137,2025-11-09,2.81,2,354,22,24ASTR-PER-00136
32724894,"Oculus House, a wood & stone neighborhood retreat",90662593,1467096940816772677,Emily,,St. Johns,45.59744,-122.75689,Entire home/apt,,2,274,2025-11-29,3.36,1,356,47,24-011000-000-00-HO
32747089,Private Cozy One Bedroom Apartment,73398160,1462810420873494096,Magie,,Sumner,45.55814,-122.57094,Entire home/apt,,3,75,2025-09-28,0.94,1,363,11,19-164599-000-00-HO
32748678,"Quiet, Sparkling, Private, Fenced Garden Studio",5627019,1462685383244653193,Janet,,Mt. Scott-Arleta,45.48001,-122.59235,Entire home/apt,,4,158,2025-11-29,1.93,1,349,16,19-136083-000-00-HO
32808619,Luxury &Location Kings Hill Walk Best of Urban PDX,25375592,1465341321953211072,Barbara,,Goose Hollow,45.52095,-122.69543,Entire home/apt,,2,149,2025-10-25,1.83,1,57,15,18-253308-000-00-HO
32851850,Home Away From Home Art Apartment (Hawthorn Area),2034859,1462521802950768904,Rebecca,,Richmond,45.50814,-122.61803,Entire home/apt,,1,364,2025-11-13,4.53,2,343,37,18-177894-000-00-Ho
32895081,Peaceful and private,69201599,1466855273156602321,Lisa,,Hayhurst,45.48346,-122.72237,Private room,,1,182,2025-10-14,2.30,1,365,18,19-187264-000-00-HO
32900769,RAD home in hip SE available Jan 2 - 30 day min!,49136577,1465747943322121008,Colleen,,Brooklyn Action Corps,45.49911,-122.65463,Entire home/apt,,30,25,2025-11-11,0.33,1,163,2,
32934768,Fulton Bungalow- in the heart of John's Landing,158873581,1468547214800236237,Kate,,South Portland,45.47666,-122.67413,Entire home/apt,,3,36,2023-02-21,0.45,1,0,0,19-104702-000-00-HO
32962790,Lewis and Clark Hide-A-Way Apartment,4519200,1462659542059889241,Cindy,,Collins View,45.45635,-122.68064,Entire home/apt,,2,282,2025-11-18,3.46,1,273,48,18-208092-000-00-HO
33040869,Projector/Spacious/Airy ★ Walk to everything!,654280,1462525091994900484,Anthony,,Laurelhurst,45.520450592041016,-122.61940002441406,Entire home/apt,,1,455,2025-11-16,5.62,1,238,59,24-018426-000-00-HO
33094401,Luxurious Home For Up to 10 Guests (7 Queen Beds),123968362,1462925948291924954,Arvell,,Irvington,45.53924,-122.65182,Entire home/apt,,2,12,2025-11-30,0.15,4,179,1,18-172358-000-00-LU
33102414,Private light filled room in residential area.,3519870,1462631518012421365,Steve,,Sabin,45.55171,-122.65158,Private room,,30,16,2024-07-30,0.20,2,178,0,
33160496,Prescott House,249670904,1469323452345328274,Nang,,Parkrose,45.5563,-122.54504,Entire home/apt,,2,87,2025-11-29,1.07,1,255,10,19-184608-000-00-HO
33169341,Walker's Paradise,249746109,1469323910106229320,Andrea,,Sunnyside,45.51423,-122.63474,Entire home/apt,,2,141,2025-11-16,1.75,1,346,29,20-109340-000-00-HO
33314579,"Modern, bright house in the heart of Sellwood",103922819,1467247482688257448,Elizabeth,,Sellwood-Moreland Improvement League,45.46526,-122.6585,Entire home/apt,,30,46,2025-09-09,0.87,1,156,1,
33370307,Forested Escape Minutes from OHSU,1978398,1462521473439588656,Sydney,,Southwest Hills,45.49997,-122.70192,Entire home/apt,,2,206,2025-11-23,2.54,1,258,25,24ASTR-PER-00419
33395999,"Cozy Getaway w/Hot tub, Fireplace, Firepit & A/C",129582844,1468299445930961208,Karen,,Laurelhurst,45.53162,-122.62301,Entire home/apt,,2,287,2025-11-11,3.63,1,301,30,19-137210-000-00-HO
33469567,Luxury Home For Up to 10 Guests (8 Queen Beds),123968362,1462925948291924954,Arvell,,Irvington,45.53716,-122.65132,Entire home/apt,,2,19,2025-07-22,0.24,4,179,1,18-172358-000-00-LU
33469666,Ken’s airporter bungalow w/double bed,94889798,1462858919342916902,Kenneth,,Madison South,45.53863,-122.57895,Private room,,1,695,2025-11-13,8.57,1,261,77,24-016652-000-00-HO
33474431,Bright Basement Space in superb SE location,252219155,1463304100117935877,Matthew,,Mt. Tabor,45.51605,-122.60945,Entire home/apt,,2,166,2025-11-16,2.08,1,262,38,18-203878-000-00-HO
33592675,South Tabor Tuckaway,65222350,1466806350846216967,Molly,,South Tabor,45.50304,-122.58175,Entire home/apt,,30,78,2023-09-28,0.97,1,268,0,
33621233,Enjoy an old farmhouse in a quiet neighborhood,145659006,1462973989611089785,Timothy John,,South Tabor,45.50268,-122.59688,Entire home/apt,,2,130,2025-11-02,1.64,3,264,18,19-152167-000-00-HO
33689103,"Walkable Apt Next to Restaurants, Bars, and Shops!",53371722,1465867269051506672,Alex,,Vernon,45.560306549072266,-122.65093994140625,Entire home/apt,,30,446,2024-12-19,5.60,2,336,1,20-116785-000-00-HO
33738380,Parkside Urban Oasis,18580154,1463057013350003827,Deepika Chinthamani,,Mt. Tabor,45.515833467818425,-122.59908732531754,Entire home/apt,,2,200,2025-11-23,2.48,1,53,23,24ASTR-APP-00557
33773933,Contactless Clean Private Treetop Studio,24385374,1465287513609481916,Chris,,Concordia,45.56662,-122.63681,Entire home/apt,,1,644,2025-11-29,8.02,2,290,89,18-262210-000-00-ho
33805610,Garden Apartment in the Heart of Portland,5424140,1462680512641651248,Nate,,Eliot,45.5412,-122.66342,Entire home/apt,,2,110,2025-11-17,1.46,1,219,25,19-216069-000-00-HO
33807010,"Studio - Mt. Hood VIEW - Access to Trails, OHSU",30415706,1465447420467725037,Mark,,Homestead,45.49163,-122.68124,Entire home/apt,,2,134,2025-11-16,1.68,1,105,50,19-188077-000-00-HO
33814266,Gorgeous private ADU on the edge of NE Laurelhurst,252680829,1469338538807751717,Clarissa,,Kerns,45.52331,-122.63603,Entire home/apt,,2,64,2023-10-16,0.80,1,333,0,19-104914-000-00-HO
33852871,SE Division Studio Apartment in Craftsman Home,1458369,1462546433961950602,Charlie,,Richmond,45.50614,-122.62197,Entire home/apt,,3,49,2025-10-13,0.63,1,187,7,19-186143-000-00-HO
33915285,Enjoy a bedroom in an old farmhouse near Mt. Tabor,145659006,1462973989611089785,Timothy John,,South Tabor,45.5017,-122.59652,Entire home/apt,,2,53,2025-08-16,0.67,3,7,3,19-152167-000-00-HO
33915615,Cute bedroom in an old house close to Mt. Tabor.,145659006,1462973989611089785,Timothy John,,South Tabor,45.50142,-122.59611,Entire home/apt,,2,47,2024-02-05,0.59,3,0,0,19-152167-000-00-HO
34014563,Concordia Annex,24306194,1462628776796191222,Roberta,,Concordia,45.56506,-122.63952,Entire home/apt,,3,148,2025-11-17,1.90,1,330,21,19-259977-000-00-HO
34036628,2BR Suite on Alberta St in hip art district,224911430,1463218109413809008,Robin,,Concordia,45.55888,-122.64031,Entire home/apt,,2,74,2025-11-18,0.95,3,306,12,19-116893-000-00-RS
34036884,Garden Oasis: Space & Comfort Steps to Hawthorne!,257005682,1469357834516375417,Monica,,Sunnyside,45.51445,-122.61876,Entire home/apt,,2,252,2025-12-01,3.14,1,73,47,17-151643-000-00-HO
34064074,Charming Craftsman in Prime Hawthorne District,479684230,1529333464406988232,Judy,,Richmond,45.50796,-122.61538,Entire home/apt,,30,89,2025-09-14,1.14,1,32,12,19-186236-000-00-HO
34091942,Laurelhurst English Cottage,22697835,1463186138842174125,Seth,,Kerns,45.52111,-122.63234,Entire home/apt,,2,124,2025-11-29,1.59,1,354,25,19-154539-000-00-HO
34121174,"Standard Queen, Shared Baths at The Society Hotel",1032014,1462515797565423462,The Society Hotel,,Old Town/Chinatown,45.52531,-122.6748,Hotel room,,1,931,2025-11-26,11.57,4,365,171,05824
34122118,Premium Suite at The Society Hotel,1032014,1462515797565423462,The Society Hotel,,Old Town/Chinatown,45.52408,-122.6725,Hotel room,,1,38,2025-11-28,0.47,4,365,6,05824
34122310,Single Bunk Bed at The Society Hotel,1032014,1462515797565423462,The Society Hotel,,Old Town/Chinatown,45.52505,-122.67286,Hotel room,,1,1849,2025-12-09,23.06,4,365,165,05824
34123277,Suite at The Society Hotel,1032014,1462515797565423462,The Society Hotel,,Old Town/Chinatown,45.52538,-122.67469,Hotel room,,1,87,2025-10-02,1.09,4,365,6,05824
34123760,Cedar House,248930295,1463295573036522622,Dharma,,Boise,45.55211,-122.66817,Entire home/apt,,3,141,2025-11-29,1.78,1,70,39,19-132995-000-00-HO
34180606,New Home. 15m-airprt. 15m-DT. 40m-MT. 5m-lightrail,29167392,1465429872875714694,Nam,,Hazelwood,45.52752,-122.55207,Entire home/apt,,30,50,2024-09-01,0.63,2,365,0,
34229716,"Single Quiet Private Bedroom + Bath, Modern Condo",135322695,1462951662202061914,Trisha,,Sunnyside,45.51767,-122.63133,Private room,,1,25,2025-10-06,0.31,1,47,14,24-013340-000-00-HO
34230129,"Dreamy Hawthorne 2 bed, 2 ba",17378091,1463008750708801763,Erin,,Richmond,45.50871,-122.63007,Entire home/apt,,3,184,2025-11-30,2.30,1,243,30,19-149756-000-00-HO
34256753,Colorful Roseway Bungalow -classic Portland charm!,369441,1462516765024633387,Michelle,,Roseway,45.54771,-122.59078,Entire home/apt,,2,83,2025-10-04,1.38,1,247,11,19-267836-000-00-HO
34284152,"Gorgeous Art Home. Family, pets, friends, welcome.",23083044,1462623816467698915,Ryan,,Maplewood,45.47428,-122.73204,Entire home/apt,,2,96,2025-10-20,3.89,1,332,39,24-001891-000-00-HO
34285799,"Charming, private 2-level guesthouse-Woodstock",16627549,1462991225297959113,Tawny,,Woodstock,45.4734,-122.61736,Entire home/apt,,2,238,2025-11-18,3.00,1,247,36,19-157847-000-00-HO
34286860,Concordia home,6589054,1462710268224230707,Linda,,Sunderland,45.57788,-122.63913,Entire home/apt,,30,14,2023-08-16,0.18,2,179,0,
34321950,Posh Spacious 2-BR | High Ceilings | Central PDX!,1218855,1462516662396332678,Suja,,Kerns,45.5294,-122.64256,Entire home/apt,,2,311,2025-11-26,3.90,7,225,77,19-126790-000-00-CO
34333094,The Grand Basement,182053001,1468756790416768181,Veronica,,Wilkes,45.54465,-122.49796,Private room,,30,7,2019-09-29,0.09,1,11,0,
34344012,Spacious Chic 2BD | Fab Flat! | Central Portland,1218855,1462516662396332678,Suja,,Kerns,45.5287,-122.64277,Entire home/apt,,3,374,2025-11-29,4.68,7,223,71,19-126790-000-00-CO
34347363,"Classic, cozy home in Concordia",17986060,1463033568403561396,Alex,,Concordia,45.56448,-122.63419,Entire home/apt,,2,16,2025-08-17,1.87,1,15,16,25ASTR-PER-00071
34355963,Centrally located house for large group,258045340,1469363398186426816,Luay,,Hosford-Abernethy,45.508369,-122.659538,Entire home/apt,,30,261,2025-09-28,3.28,2,365,3,Exempt
34364995,"Walk to Mt Tabor- Spacious, Rustic 2 bdr Duplex",259777667,1529327450022317142,Tony,,North Tabor,45.52425,-122.60058,Entire home/apt,,2,208,2025-11-30,2.61,1,171,38,25ASTR-APP-00024
34393230,Bohemian Bamboo Hideaway,10437867,1462840670916416031,Camille,,Mt. Tabor,45.51301857472373,-122.60997115138689,Entire home/apt,,1,157,2025-11-17,2.25,1,238,28,20-134067-000-00-HO
34394879,Portland Urban Lodge | Quiet | Walkable |  Near,8876448,1462789221123403094,Marshall,,Woodstock,45.48213,-122.60481,Entire home/apt,,2,104,2025-11-30,2.10,1,127,17,21-083348-000-00-HO
34410296,"Laurelhurst Park Retreat, light-filled and fun.",1909916,1462581516690811266,Courtney,,Laurelhurst,45.52026,-122.63136,Entire home/apt,,3,54,2025-10-19,0.69,1,27,10,24ASTR-APP-00385
34421940,Happy Cozy Home,259852767,1469372885656283260,Jermaine,,Vernon,45.56599,-122.64948,Entire home/apt,,30,0,,,1,0,0,
34465871,Kenton Dreamin' - 31+ day booking,20410856,1462612997257372533,Abbie,,Kenton,45.58007,-122.68483,Entire home/apt,,31,25,2025-11-14,0.33,4,206,5,
34477057,"3 Master Suites - modern, clean, & comfortable!",259462630,1469370767831607425,Benjamin,,Overlook,45.56124,-122.68321,Entire home/apt,,2,102,2025-10-17,1.28,1,242,17,17-230420-000-00-LU
34512519,Tranquil garden apt,66965972,1466827215773245691,Merry,,Southwest Hills,45.49539,-122.70741,Entire home/apt,,1,100,2025-11-15,1.26,1,163,21,19-193776-000-00-HO
34535868,"Beautiful ""Music Studio"" on the End of the Street",218234644,1469148288516877965,Jennifer,,Multnomah,45.4739875793457,-122.71049404144287,Entire home/apt,,2,191,2025-10-19,2.48,1,161,23,24-016658-000-00-HO
34543263,Luxe Tiny Home in Hyper-Walkable SE Neighborhood,44352149,1465658918847835501,Aiden,,Reed,45.48842,-122.6278,Entire home/apt,,30,45,2024-02-01,0.57,1,363,0,
34546508,Best kept secret GEM studio apartment,103126489,1467238225813394125,Ethel,,Sunnyside,45.51473,-122.61322,Entire home/apt,,4,158,2025-11-18,2.16,1,257,27,19-186817-000-00-HO
34569604,"Loft in Kenton- Hot tub, MAX line, Weed friendly",26073388,1465355017103419836,Lindsey,,Kenton,45.58261,-122.68343,Entire home/apt,,2,571,2025-11-10,7.53,1,133,79,24ASTR-APP-00383
34698091,North Portland house (St. Johns),53617916,1462726512555576422,Lisa,,Portsmouth,45.58449,-122.71203,Entire home/apt,,2,31,2025-08-03,0.68,1,365,3,24-026248-000-00-HO
34724550,Hollywood Casa | Close to Light Rail & Bus,23750692,1462626498998766976,Qian,,Rose City Park,45.53195,-122.61372,Entire home/apt,,2,291,2025-10-22,6.17,1,258,64,21-094115-000-00-HO
34751941,Designer curated Mississippi home NO CLEAN FEE,5603277,1462684786981460592,Nathan,,Humboldt,45.55739,-122.67157,Entire home/apt,,2,322,2025-11-18,4.12,1,248,64,21-041605-000-00-HO
34783771,Charming Laurelhurst Suite,88039293,1467057637566290391,Dave,,Laurelhurst,45.522,-122.62158,Private room,,2,154,2025-10-20,1.94,1,241,16,19-167377-000-00-HO
34793168,Rose City Park Retreat,14513197,1462590542734813282,Marta,,Rose City Park,45.54052,-122.60561,Entire home/apt,,2,135,2025-12-01,1.71,1,263,18,25ASTR-APP-00168
34821661,Modern Urban Home in a Walker's Paradise,3700834,1462637436844720842,Catherine,,Boise,45.55062,-122.66507,Entire home/apt,,1,221,2025-11-01,2.84,1,323,25,21-067764-000-00-HO
34837777,"Henriette House - Cozy, Artsy, Walkable & AC!",6949748,1462719630213603947,Candice,,Humboldt,45.55506,-122.66686,Entire home/apt,,1,327,2025-11-30,4.11,1,87,63,24-002232-000-00-HO
34866219,Bright and Open Modern Northeast Montavilla ADU,4580020,1462660736383332922,John,,Montavilla,45.5267,-122.58257,Entire home/apt,,2,89,2025-11-11,1.12,1,247,13,19-204966-000-00-HO
34935743,Chic Spa Central - Inner Eastside Gem,263251243,1463332618683119796,Sebastian,,Hosford-Abernethy,45.50232,-122.64606,Entire home/apt,,1,381,2025-11-06,4.88,1,224,59,20-144277-000-00-HO
34936500,Haute Haus | Central PDX | Spacious 2-BR Flat,1218855,1462516662396332678,Suja,,Kerns,45.5292,-122.64452,Entire home/apt,,31,372,2025-11-24,4.72,7,110,64,19-126790-000-00-CO
35034572,Thought Incubator,21101389,1463146656567790006,Salvador,,Piedmont,45.57129,-122.6748,Entire home/apt,,2,160,2025-11-15,2.02,1,250,17,19-164524-000-00-HO
35091759,Sellwood Haven- Private entrance,117204372,1468199930504973616,Jamie And Senna,,Sellwood-Moreland Improvement League,45.46811,-122.65106,Entire home/apt,,2,261,2025-12-01,3.61,1,154,41,19-235265-000-00-HO
35155827,Large contemporary in a historic train station,264765755,1469400640197842566,Paul,,Pearl,45.52852,-122.68147,Entire home/apt,,31,8,2025-08-03,0.13,1,279,1,
35158304,Our Guesthouse - Alberta Park - 2 bedrooms (queen),8804265,1462787406339291564,Richard,,Vernon,45.56414,-122.64751,Entire home/apt,,1,318,2025-11-28,4.28,1,149,57,19-185780-000-00-HO
35162879,"Private + Serene 
2 Bedroom Getaway
30 day minumum",1716834,1462576562392234163,Malia,,Foster-Powell,45.49508,-122.59295,Entire home/apt,,30,185,2024-09-15,2.45,1,78,0,19-203726-000-00-HO
35192098,Portland Vintage Hideaway,26712397,1465380113654198796,Julie,,Hayhurst,45.47694,-122.72582,Entire home/apt,,2,208,2025-11-29,2.64,1,249,25,19-145231-000-00-HO
35236468,Private Dog-Friendly Studio Near Downtown,498934,1462519980217604002,Matthew,,Humboldt,45.56081,-122.67145,Entire home/apt,,1,612,2025-11-15,7.74,1,249,64,16-282907-000-00-HO
35287438,"Gorgeous, Walkable, Spacious & Family Friendly!",793916,1462529628105939294,Liz,,Montavilla,45.51496,-122.56956,Entire home/apt,,30,1,2019-07-06,0.01,1,346,0,
35301751,"Private Studio adjacent to PSU, HistoricHafnerHaus",8207605,1462564255609677282,Sharon,,Portland Downtown,45.51601,-122.688,Entire home/apt,,30,39,2024-06-09,0.49,13,180,0,Exempt
35317415,Private studio close in SE Clinton/Division,6484099,1462707586360138516,Sarah,,Richmond,45.49851,-122.62998,Entire home/apt,,30,41,2024-06-25,0.54,1,0,0,17-253011-000-00-HO
35318813,Ash Street Loft,27977619,1465413028471211027,Julie,,Buckman,45.52054,-122.65354,Entire home/apt,,2,388,2025-12-03,5.25,1,270,70,19-172328-000-00-HO
35318843,"Private guesthouse w/ yard, firepit, patio, loft",448315275,1470018858375711849,Geoff,,Humboldt,45.56225,-122.6767,Entire home/apt,,2,256,2025-11-16,3.24,1,122,90,19-153416-000-00-HO
35345782,Willamette Boulevard Guest House,25202469,1465337893961641108,David,,Overlook,45.56278,-122.68771,Entire home/apt,,2,343,2025-11-27,4.37,1,56,50,24ASTR-APP-00526
35347247,"Bright, Modern SE Portland Guesthouse",47434213,1465715445830401758,Tim,,Brentwood-Darlington,45.47201325615362,-122.59348258039782,Entire home/apt,,30,2,2025-10-01,0.34,1,173,2,
35387473,"Lovely NE bright hideaway, walk to food/beer/shops",8013108,1462747001273358908,Bri,,Vernon,45.5648,-122.65126,Entire home/apt,,2,245,2025-11-15,3.13,1,345,41,19-200677-000-00-HO
35390383,The Travelers Nest,5231006,1462675918659585538,Dawn,,North Tabor,45.52504,-122.61213,Entire home/apt,,3,95,2025-11-24,2.08,1,84,28,21-108025-000-00-HO
35418187,Basement Studio w/ Cosy Forest Yurt,3005870,1462527513912632906,Jeremiah,,Linnton,45.58365,-122.7753,Entire home/apt,,2,145,2025-11-16,1.88,1,356,20,24-016653-000-00-HO
35486590,The Booty House,16213970,1487882668246118825,Susannah,,Montavilla,45.52873,-122.58766,Private room,,1,155,2025-11-11,2.06,1,350,26,24ASTR-APP-00145
35519473,Heart of SE Portland Studio | A Quiet Haven,215058058,1469126878214460992,Joshua,,Brooklyn Action Corps,45.49906,-122.65305,Entire home/apt,,2,155,2025-08-23,2.18,15,355,18,19-217738-000-00-HO
35548744,Stylish Vintage Retreat: Art+Vinyl+Fenced Yard+BBQ,85513975,1467030783130816780,Erik,,Overlook,45.56107,-122.6895,Entire home/apt,,1,297,2025-11-10,3.82,1,167,64,19-112065-000-00-HO
35605973,Cozy Sunnyside Flat in Historic Home,16783762,1462994927960528296,Andrew,,Sunnyside,45.5169,-122.62197,Entire home/apt,,30,2,2023-12-02,0.03,1,156,0,
35621697,Retro Charm - Hawthorne - 2BR - Walkable,187734201,1468972242760538849,Mike,,Buckman,45.512481689453125,-122.6462631225586,Entire home/apt,,1,470,2025-10-25,5.96,6,281,30,16-265211-000-00-CO
35682143,Beautiful SW Portland Room and Bathroom!,76418105,1466937303451597034,Estelle,,Bridlemile,45.49114,-122.72302,Private room,,30,65,2025-09-08,0.83,1,365,2,
35682163,One Bedroom Retreat in the Heart of inner SE,1406738,1462544948953406292,Michael,,Buckman,45.51806,-122.648,Entire home/apt,,3,24,2023-04-10,0.31,1,28,0,19-191810-000-00-HO
35793276,Walk Everywhere from a Historic Home with A/C,60300963,1466741322800365986,Naomi,,Boise,45.55138,-122.67667,Entire home/apt,,3,35,2024-11-30,0.45,2,0,0,18-201638-000-00-HO
35849527,"Spacious 5,000+ sq ft house, Close to PDX Airport",100656896,1462871891805442113,Inna,,Wilkes,45.53822,-122.49673,Entire home/apt,,4,76,2025-11-29,0.97,2,352,11,19-232832-232-19-LU
35912999,Hawthorne Apartment LLC,94623462,1467141288343157493,Kathleen,,Mt. Tabor,45.51277,-122.60863,Entire home/apt,,2,143,2025-11-14,1.85,2,64,13,19-186215-000-00-HO
35999782,The Loft: Modern Open space in Southeast Portland,488928,1462519677371352368,Benedict,,Richmond,45.49967,-122.60913,Entire home/apt,,2,375,2025-12-02,4.87,1,19,67,19-128327-000-00-HO
36000696,Cute and Classic Montavilla House,103005225,1467236291076037838,Zosia,,Montavilla,45.52292,-122.58219,Entire home/apt,,30,14,2022-03-20,0.18,1,0,0,
36001458,Newly-built Backyard Guest House near Mt Tabor,200194273,1469044497537002154,Susan,,South Tabor,45.50011,-122.59669,Entire home/apt,,31,19,2025-11-03,0.30,1,37,6,
36075543,Modern Comfort | Stylish 2BD in heart of PDX,1218855,1462516662396332678,Suja,,Kerns,45.52867,-122.64479,Entire home/apt,,30,377,2025-11-06,4.81,7,98,73,19-126790-000-00-CO
36104735,#StayInMyDistrict St Johns Walk to dining & shops,3142393,1462528276679400180,Amy,,Cathedral Park,45.593632,-122.760269,Entire home/apt,,1,338,2025-11-16,4.31,21,136,43,19-137293-000-00-HO
36199575,"Hotel Rose, Stumptown Balcony King",270114277,1469427014920072685,Hotel Rose,,Portland Downtown,45.51743,-122.67325,Private room,,1,9,2024-03-31,0.14,8,0,0,39040
36199672,"Hotel Rose, Stumptown Balcony Two Doubles",270114277,1469427014920072685,Hotel Rose,,Portland Downtown,45.51743,-122.67325,Private room,,1,7,2023-03-19,0.10,8,0,0,39040
36199745,"Hotel Rose, Cityscape King",270114277,1469427014920072685,Hotel Rose,,Portland Downtown,45.51743,-122.67325,Private room,,1,325,2024-09-13,4.56,8,0,0,39040
36200025,"Hotel Rose, Stumptown King Accessible w/Shower",270114277,1469427014920072685,Hotel Rose,,Portland Downtown,45.51743,-122.67325,Private room,,1,49,2025-07-20,0.74,8,0,18,39040
36200233,"Hotel Rose, Stumptown King Accessible w/Tub",270114277,1469427014920072685,Hotel Rose,,Portland Downtown,45.51743,-122.67325,Private room,,1,5,2023-10-20,0.08,8,0,0,39040
36200341,"Hotel Rose, Stumptown King Suite",270114277,1469427014920072685,Hotel Rose,,Portland Downtown,45.51743,-122.67325,Private room,,1,0,,,8,0,0,39040
36200434,"Hotel Rose, Stumptown Two Doubles",270114277,1469427014920072685,Hotel Rose,,Portland Downtown,45.51743,-122.67325,Private room,,1,11,2025-04-24,0.21,8,0,1,39040
36200533,"Hotel Rose, Suite of Roses Accessible w/Shower",270114277,1469427014920072685,Hotel Rose,,Portland Downtown,45.51743,-122.67325,Private room,,1,3,2023-12-08,0.05,8,0,0,39040
36207629,Hip & Cozy w/ Gorgeous Private Backyard,272318368,1469437488396424206,Adam,,Overlook,45.55673,-122.68534,Entire home/apt,,2,181,2025-11-11,2.32,1,246,34,24-012414-000-00-HO
36235526,Some kind of beautiful!,9377224,1462812576232297959,Georgi,,Creston-Kenilworth,45.49395,-122.63474,Entire home/apt,,28,50,2025-11-01,0.65,2,250,3,19-153436-000-00-HO
36309570,Moss Rock Retreat - Near Leach Botanical Garden!,5524096,1462541052625907443,Virginia,,Pleasant Valley,45.47315,-122.53359,Entire home/apt,,30,475,2025-08-13,6.11,1,178,40,21-072743-000-00-HO
36311422,4BR Farmhouse | Remodeled • Ideal for Groups,273076012,1469441172778921911,Dalouny,,Hosford-Abernethy,45.498741149902344,-122.64140319824219,Entire home/apt,,1,411,2025-11-16,5.28,6,350,15,19-111429-000-00-RS
36357801,Sleek Modern Studio North Portland; Sleeps 4!,6326768,1462703630441957358,Debra,,Kenton,45.58737,-122.70342,Entire home/apt,,1,279,2025-11-10,3.65,1,349,17,19-217609-000-00-HO
36429217,Sanctuary in the City,16297531,1462983382474879434,Jodie,,Arbor Lodge,45.57351,-122.70026,Entire home/apt,,2,54,2025-07-28,0.69,1,328,1,25ASTR-PER-00217
36523552,Embrace urban serenity in our North Tabor oasis!,1314197,1462542535372121788,Jeff,,North Tabor,45.52952,-122.59947,Entire home/apt,,3,8,2023-07-17,0.11,3,27,0,19-139171-000-00-HO
36525068,"New, bright studio in walk-able SE Foster-Powell",27747334,1465409617444057456,Maria,,Foster-Powell,45.4922,-122.58295,Entire home/apt,,1,16,2025-08-15,0.23,1,104,9,19-243584-000-00-HO
36549807,Fabulous SW Portland location,109255143,1467322863638917512,Caren Ann,,Crestwood,45.44992,-122.73047,Entire home/apt,,30,4,2025-09-19,0.05,1,321,3,
36560307,Airy Studio | Private Balcony | W/D | Great locale,111797565,1467350637048619449,Vacasa Oregon,,Alameda,45.543765257238995,-122.62638798509971,Entire home/apt,,1,48,2025-11-11,0.63,1,365,7,18-203282-000-00-HO
36573110,#StayInMyDistrict Multnomah Village Modern Retreat,3142393,1462528276679400180,Amy,,Hayhurst,45.48142623901367,-122.71266174316406,Entire home/apt,,1,244,2025-11-29,3.13,21,178,39,19-147113-000-00-HO
36588815,WorldMark Portland Studio Deluxe,266083019,1469407182117044231,Extra Holidays®,,Old Town/Chinatown,45.5206203,-122.6712424,Private room,,30,0,,,2,365,0,
36588887,WorldMark Portland Studio Suite,266083019,1469407182117044231,Extra Holidays®,,Old Town/Chinatown,45.5206203,-122.6712424,Private room,,30,0,,,2,365,0,
36593172,Modern - Private - Cozy - Guesthouse,30323140,1465446149530950316,Ely,,Mt. Scott-Arleta,45.47685,-122.59995,Entire home/apt,,2,208,2025-11-28,2.68,1,163,43,19-198037-000-00-HO
36643611,"Daylight Basement w/ patio, 2 BR in SE PDX",9195404,1462807973348763436,Dixie,,Pleasant Valley,45.46684,-122.54111,Entire home/apt,,2,15,2024-09-02,0.52,1,12,0,24-018432-000-00-HO
36701090,Comfort!!   King room/Downtown/pearl,231707604,1463239263698965331,Charles,,Pearl,45.52825,-122.68134,Private room,,30,101,2021-11-21,1.30,2,0,0,
36701278,King Suite/ Private Bath/ Proximity to everything,231707604,1463239263698965331,Charles,,Pearl,45.53288,-122.68014,Private room,,30,78,2021-11-24,1.01,2,0,0,
36777168,Entertainer #7–Just Steps from the Max,6692974,1462712924513671178,Amanda,,Kenton,45.58425,-122.68239,Entire home/apt,,30,51,2023-09-02,0.92,18,287,0,17-155533-000-00-HO
36777591,Dreamer #6–Just Steps from the Max,6692974,1462712924513671178,Amanda,,Kenton,45.5828,-122.68371,Entire home/apt,,30,60,2025-11-16,1.12,18,336,5,17-155533-000-00-HO
36777968,Artist #2–Just Steps from the Max,6692974,1462712924513671178,Amanda,,Kenton,45.58468,-122.68274,Entire home/apt,,30,19,2023-02-19,0.25,18,122,0,17-155533-000-00-HO
36778341,Strategist-Just Steps from the Max,6692974,1462712924513671178,Amanda,,Kenton,45.58475,-122.68462,Entire home/apt,,30,2,2019-11-26,0.03,18,306,0,
36831192,SuperHost Rents Fully Equipped 1 BR Apt with W/D,36442855,1462672013139440589,Stephy,,Sellwood-Moreland Improvement League,45.4840843321233,-122.64703273773193,Entire home/apt,,28,107,2025-11-08,1.40,1,73,7,00532
36836282,Charming Studio Near Great Food and Shopping,147708508,1468448013404626277,Deborah,,Sunnyside,45.51506,-122.63421,Entire home/apt,,1,129,2025-10-19,1.67,4,247,24,24-020711-000-00-HO
36850421,Urban Cabin Oasis with Hot Tub and Gated Parking,18796965,1463061938313608951,Sara,,Piedmont,45.57664,-122.66138,Entire home/apt,,3,124,2025-12-01,1.61,1,159,28,81696
36868347,Mississippi Street District - Private Unit,277105198,1469460830261942464,Tim,,Humboldt,45.55777,-122.6773,Entire home/apt,,30,9,2025-09-14,0.29,1,287,5,25ASTR-APP-00328
36881772,Beautiful Large Home in PRIME Location!,113311649,1468171438209579198,Christina,,Buckman,45.52228,-122.65069,Entire home/apt,,2,366,2025-11-02,4.76,1,254,47,24astr-app-00370
37014597,"Bright, Quiet,  and Private Guest House",77990596,1466955658080807982,Jodi,,Mt. Scott-Arleta,45.4826,-122.59695,Entire home/apt,,3,107,2025-11-25,1.39,1,190,21,19-215881-000-00-HO
37019919,"Welcome to ""The Gladstone House""  Enjoy your stay!",275151873,1469451554695943677,Kip,,Foster-Powell,45.49176,-122.60047,Entire home/apt,,2,178,2025-01-02,2.44,2,146,3,19-204544-000-00-HO
37038333,Charming Laurelhurst Courtyard Garden Studio,22112041,1463171823689349900,Dona,,Laurelhurst,45.51984,-122.61741,Entire home/apt,,2,59,2025-11-04,0.80,2,351,4,20-124177-099-00-HO
37055597,"Modern Design + Heated Floors, Close In w/ Parking",278674051,1469467699600759208,Sarah,,Southwest Hills,45.50618,-122.70038,Entire home/apt,,3,94,2025-11-26,1.22,1,186,22,19-215994-000-00-HO
37097929,"Stylish, Comfy & Warm Guest Suite!",1618,1462506270734230415,Elaine,,Vernon,45.56291909999999,-122.6518687,Entire home/apt,,4,21,2025-09-21,0.28,2,218,10,23-001807-000-00-HO
37155971,Bright and Cozy Alberta Arts Bungalow with 2 Bds,16400193,1462597749019949506,Tri,,Alameda,45.55523,-122.63412,Entire home/apt,,1,139,2025-11-17,1.81,2,352,9,24-010176-000-00-HO
37156272,Best of Hawthorne,3240723,1462623551355038390,Mark,,Buckman,45.51357,-122.64265,Entire home/apt,,2,239,2025-11-10,3.10,1,308,10,19-200690-000-00-HO
37213399,Classic Portland Pearl District Condo,25135442,1465336643143698184,Ellen,,Northwest District,45.52927,-122.69112,Entire home/apt,,30,7,2025-09-30,0.13,2,363,1,
37241754,"Luxury Loft ~ Bidet, Skylight & Bed for Royalty",280375947,1469474651894630446,Angela,,Richmond,45.50919,-122.61443,Entire home/apt,,3,144,2025-11-25,1.90,1,315,18,19-115317-000-00-HO
37254170,Craftsman | Pet Friendly | Front Yard | W/D,1828909,1462579469313981653,Shona,,University Park,45.57771,-122.71468,Entire home/apt,,30,27,2022-08-31,0.35,9,118,0,19-236823-000-00-HO
37326607,Studio 47--private entry & patio--dog allowed,49879856,1465761975385315606,April,,Brentwood-Darlington,45.47466,-122.61427,Entire home/apt,,2,46,2023-07-16,0.60,1,0,0,18-188230-000-00-HO
37366706,The Division District Full Private Home,59272527,1462742267636558998,Alyssa,,Richmond,45.504207611083984,-122.62288665771484,Entire home/apt,,1,495,2025-11-23,6.42,1,354,64,21-010994-000-00-RS
37425670,Alberta Arts Renov. 110-yr old  Apt - fast Wifi!,2236909,1462589820199892125,Shane,,King,45.56165,-122.65676,Entire home/apt,,31,27,2025-11-16,0.36,6,271,2,
37430089,North Portland: Light-Filled Garden Contemporary,282238879,1469481579377042251,Estelle,,Arbor Lodge,45.57122,-122.69863,Entire home/apt,,5,51,2022-06-21,0.66,1,0,0,19-192113-000-00-HO
37433452,Woodstock Family Home,3983058,1462644229508896295,Lindsey,,Woodstock,45.47792,-122.62128,Entire home/apt,,2,49,2025-11-29,0.65,1,12,10,22-154865-000-00-LU
37457146,"Fun 1 br+ HOUSE! Yard, Pets, Near Food/Bars/Park!",282537740,1469482647925973661,Kerry,,Humboldt,45.56263,-122.67476,Entire home/apt,,5,85,2025-10-30,1.26,1,252,19,19-255082-000-00-HO
37508779,Dreamer #9–Just Steps from the Max,6692974,1462712924513671178,Amanda,,Kenton,45.58296,-122.68431,Entire home/apt,,30,1,2020-04-30,0.01,18,306,0,
37509421,Artist #5–Just Steps from the Max,6692974,1462712924513671178,Amanda,,Kenton,45.58335,-122.68241,Entire home/apt,,30,17,2025-09-08,0.22,18,279,2,17-155533-000-00-HO
37509738,Entertainer #4–Just Steps from the Max,6692974,1462712924513671178,Amanda,,Kenton,45.58499,-122.68456,Entire home/apt,,30,35,2025-07-20,0.47,18,337,6,17-155533-000-00-HO
37565004,Modern 4BR home in trendy Portland neighborhood,283783090,1469486438008518139,Nathan,,King,45.56217,-122.6631,Entire home/apt,,1,443,2025-11-02,5.76,1,353,37,21-085905-000-00-CO
37593569,1913 Bungalow in the Heart of Roseway,17054337,1463001053913475026,Molly,,Rose City Park,45.53575,-122.6048,Entire home/apt,,2,50,2025-11-28,0.65,1,0,8,19-187310-000-00-HO
37660495,Unit P - Hotel Style Studio Apartment,121088523,1468230660016854177,Ry,,Overlook,45.55736,-122.68183,Entire home/apt,,30,23,2025-09-01,0.31,3,364,3,
37693150,Multnomah Village Getaway,48377732,1465731403579224730,Andy,,Multnomah,45.46897,-122.71615,Entire home/apt,,2,77,2025-07-05,1.00,1,151,4,25ASTR-PER-00155
37770353,"Bright, Cozy Apt in Heart of North Portland",4135090,1462648338120449101,Brett,,Arbor Lodge,45.57280349731445,-122.67955017089844,Entire home/apt,,2,71,2025-11-30,1.07,1,268,16,24ASTR-PER-00157
37802604,"Brand New, Open, Modern and Pet Friendly",36909902,1465549795075315166,Jennifer,,Arbor Lodge,45.57481,-122.68918,Entire home/apt,,30,4,2023-02-09,0.06,5,0,0,
37870442,Cheerful 4 bedroom house with gym access,182183418,1468757983055214286,Massène,,Arnold Creek,45.44032,-122.70787,Entire home/apt,,30,6,2025-09-03,0.16,1,337,3,
37880229,Two bedroom condo with a fully stocked kitchen!,19350780,1463076760622094026,Bryan,,Arnold Creek,45.43725,-122.70818,Entire home/apt,,30,22,2025-09-29,0.29,1,363,3,
37904834,Three Wishes Studio,285663945,1469493499201843921,Christopher,,Richmond,45.50523,-122.63024,Entire home/apt,,2,174,2025-11-16,2.28,1,241,26,19-187292-000-00-HO
37918192,Artist's Urban Jungle Loft SE Portland (apartment),4484796,1462535827732028727,Nicole,,South Tabor,45.49893,-122.60403,Entire home/apt,,2,236,2025-11-29,3.15,1,74,44,19-239397-000-00-HO
37919008,Spacious and Bright Daylight Basement Apartment,87625287,1467053097168559567,Daniel L,,Kenton,45.58106,-122.69228,Entire home/apt,,2,105,2025-11-16,1.39,1,229,22,19-228285-000-00-HO
37937007,Hawthorne - a block or 2 to just about everything!,22122683,1463172141289338427,Susan,,Richmond,45.50885,-122.62735,Entire home/apt,,3,81,2025-10-31,1.07,1,126,7,18-230943-000-00-HO
37969468,Beautiful Updated Quiet Condo with Parking Stall!,152882319,1462990356678103501,Shannon,,Goose Hollow,45.51861,-122.69347,Entire home/apt,,180,3,2021-10-17,0.05,1,307,0,
38027305,"The Pasadena House, Private home minutes from pdx!",288537764,1469502987086601861,Kate,,Ashcreek,45.44571,-122.73468,Entire home/apt,,30,15,2025-08-16,0.20,1,246,2,
38131490,"Precious Dash Space- 4 guests, 2bdrm, private bath",209826108,1463161373611794498,Cherice,,King,45.56445,-122.6611,Private room,,1,558,2025-11-14,7.37,3,261,103,19-268594-000-00-LU
38137124,SE Portland  private studio near Division,27703529,1462641993636305468,Laura,,Richmond,45.49973,-122.62764,Entire home/apt,,4,208,2025-11-28,2.74,1,46,28,19-183455-000-00-HO
38183354,The Kenton- The perfect Boutique Hotel,290147674,1469508195337709321,Jade,,Kenton,45.58241,-122.68425,Private room,,30,4,2019-11-10,0.05,1,0,0,
38188608,The Concordia Retreat,274097987,1469446329232567887,David,,Concordia,45.56436,-122.63906,Private room,,1,358,2025-11-27,4.74,1,344,72,20-109856-000-00-HO
38195185,"WanderLuxe, Luxury+ Location +Walk to Food & Parks",52253283,1465841665862184089,Carrie,,Beaumont-Wilshire,45.55414,-122.62817,Entire home/apt,,2,110,2025-11-30,1.70,1,350,23,19-190189-000-00-HO
38262484,Small luxury studio apartment in the heart of FoPo,83532914,1467011081171906766,Alex,,Foster-Powell,45.4913,-122.59771,Entire home/apt,,31,10,2021-11-02,0.16,1,0,0,
38264102,Light-filled Craftsman in trendy neighborhood,56432819,1465923579743613978,Larissa,,Richmond,45.50963,-122.61359,Entire home/apt,,2,56,2024-07-12,0.74,1,0,0,19-217682-000-00-HO
38292968,Art-filled Townhouse steps from NW 23rd Avenue,6152551,1462699260411762698,Barbara,,Northwest District,45.53497,-122.70147,Entire home/apt,,1,80,2025-10-27,1.07,1,5,15,19-215964-000-00-HO
38299327,Su Casa,150316808,1468478615513492427,Karen,,Piedmont,45.56969,-122.66615,Entire home/apt,,30,11,2022-07-18,0.15,1,0,0,
38319354,Private Guesthouse Above Detached Garage,2574467,1462599012493881499,Jennie,,King,45.5496,-122.65906,Entire home/apt,,2,165,2025-11-10,2.28,1,15,26,24ASTR-APP-00551
38319691,Dreamer #3-Just Steps from the Max (No Stairs),6692974,1462712924513671178,Amanda,,Kenton,45.58299,-122.68408,Entire home/apt,,30,64,2025-09-04,1.07,18,256,6,17-155533-000-00-HO
38362548,Charming craftsman style Montavilla private suite,2884284,1462611476365351814,Ryan,,Montavilla,45.51866,-122.57608,Entire home/apt,,7,170,2024-08-25,2.24,2,0,0,16-179461-000-00-HO
38385952,Central & spacious vintage flat,114861645,1468181930924291531,Nina,,Buckman,45.516944091708666,-122.63838030752444,Entire home/apt,,30,0,,,1,137,0,
38433196,2-Bedroom Light & Bright St Johns Central House,59233279,1466713544267456507,Michele,,St. Johns,45.59198,-122.74863,Entire home/apt,,1,242,2025-11-29,3.31,1,61,41,19-246488-000-00-HO
38491322,Tidy Studio- Newly built in Foster Powell,12056976,1462879192839714943,Heidi,,Foster-Powell,45.49344,-122.59208,Entire home/apt,,1,328,2025-11-30,4.51,1,223,32,19-227047-000-00-HO
38500509,Cozy Bedroom with great location  near MAX,96243932,1467159289575269333,Hussam,,Hazelwood,45.52743,-122.52076,Private room,,30,17,2025-09-24,0.26,4,45,2,
38541570,Shipping Container tiny house with private patio,88749047,1467076938311417769,Anne,,Foster-Powell,45.49531,-122.59083,Entire home/apt,,28,138,2025-11-21,2.06,1,213,14,20-119156-000-00-HO
38671207,Bright and Airy Private Studio Amazing Location!,774106,1462528977323864297,Sharon,,Buckman,45.52237,-122.64993,Entire home/apt,,2,362,2025-10-30,5.00,1,237,49,19-215912-000-00-HO
38696366,Poca Cabana! A stylish and private tiny house!,272145512,1469436728967836565,Amy,,Brooklyn Action Corps,45.49559,-122.65226,Entire home/apt,,2,399,2025-11-19,5.33,1,252,57,19-191875-000-00-HO
38699497,"Close-in, private Overlook retreat.",9745512,1462822260025489816,Jim,,Overlook,45.55014,-122.6836,Entire home/apt,,1,602,2025-11-29,8.25,1,259,113,19-216257-000-00-HO
38752729,✔︎✔︎ Tiny Garden Home ✔︎✔︎,44210890,1462696255770142446,Benjamin,,Richmond,45.50563,-122.62277,Entire home/apt,,30,372,2025-02-01,4.95,1,6,3,19-267990-000-00-HO
38776459,"Light Filled Apartment SW Portland - King, Patio.",10525989,1462574648987002628,Tamara,,Hayhurst,45.4785,-122.70852,Entire home/apt,,30,47,2023-04-08,0.63,1,343,0,12-199589-000-00-HO
38848625,"Light, Peaceful Mt Tabor Guest House on Hawthorne",7219122,1462726376012535201,Peter,,Mt. Tabor,45.5115,-122.60392,Entire home/apt,,30,29,2023-11-30,0.39,1,89,0,19-170796-000-00-HO
38901095,Rose City Garden Studio-Midterm rental discounts,40729073,1462685490215413901,Diane,,Roseway,45.54663,-122.59489,Entire home/apt,,28,35,2025-08-15,0.56,2,0,1,17-261692-000-00-HO
38918275,WOW! Newly  Studio Apartment- Heart of Sellwood❤️,213350724,1469115236700226442,"J, S & P",,Sellwood-Moreland Improvement League,45.46452,-122.65922,Entire home/apt,,30,14,2025-10-09,0.20,1,227,2,
38954210,The Portland Snu House,960864,1462534363723938399,Naomi,,King,45.55193,-122.65934,Entire home/apt,,2,228,2023-08-21,3.06,2,0,0,16-213200-000-00-HO
39037465,Burnside Suites: Luxurious 3rd Floor Apartment,319750330,1487963681902767230,Frankie,,Portland Downtown,45.52189,-122.67396,Entire home/apt,,30,152,2025-06-29,2.09,1,270,10,21-077849-000-00-HO
39053512,Cozy Cottage in the City,11439956,1462578545995010898,Adam,,Sunnyside,45.51725,-122.61396,Entire home/apt,,25,45,2024-12-29,0.60,1,122,1,19-200661-000-00-HO
39090071,Find Foodie Bliss from Sunnyside Carriage House,40890090,1465608645485062347,Sara,,Sunnyside,45.5192,-122.63473,Entire home/apt,,2,383,2025-11-09,5.15,1,15,55,19-205091-000-00-HO
39112551,Woodlawn Urban One Bedroom,200142887,1469044172609645676,Punneh,,Woodlawn,45.57081,-122.65897,Entire home/apt,,30,2,2024-10-07,0.11,1,253,0,
39168630,"Charming 3 bed, 2 bath Portland/ Multnomah Village",623138,1462523975394974340,Nick,,Multnomah,45.46677,-122.70686,Entire home/apt,,30,7,2025-07-14,0.23,1,339,2,
39195215,Ladd's Lodge: 2BD Apartment in Prime Location,300761993,1469543412536594510,Mari,,Hosford-Abernethy,45.50648,-122.64729,Entire home/apt,,2,311,2025-11-23,4.43,1,173,57,19-239521-000-00-HO
39200359,Modern Alberta Arts  apartment.,4580337,1462660739032687067,Keiran,,Alameda,45.55514,-122.64092,Entire home/apt,,2,113,2025-11-28,1.51,1,252,17,17-183029-000-00-HO
39207853,Artist #8--Just Steps from the Max,6692974,1462712924513671178,Amanda,,Kenton,45.58435,-122.68395,Entire home/apt,,30,41,2025-06-14,0.55,18,365,2,17-155533-000-00-HO
39212010,Cottagecore vibes & everything you need,155798693,1468521161955909466,Courtney,,Rose City Park,45.54683,-122.59761,Entire home/apt,,7,242,2025-09-30,3.37,3,356,9,19-256618-000-00-HO
39224415,Luxe|Clean|Contactless Alberta Daylight Apartment,46411027,1462703318052121917,Rosalind,,Sabin,45.55312,-122.65481,Entire home/apt,,4,159,2025-11-30,2.70,1,269,20,24ASTR-PER-00101
39233083,Cozy Sellwood Bungalow,13642877,1462918122742667334,Juan Gabriel,,Sellwood-Moreland Improvement League,45.4665,-122.64423,Entire home/apt,,2,84,2025-11-30,1.16,1,6,7,19-203115-000-00-HO
39246069,Farmhouse Apartment in Sweet Woodlawn,20913493,1463141857870051403,Rachel,,Woodlawn,45.56844,-122.6524,Entire home/apt,,2,50,2025-10-26,0.67,1,178,15,24-010919-000-00-HO
39270326,"Cozy, private suite in the shade of Forest Park",11187732,1462859080721095193,Rayney,,Northwest District,45.53492,-122.71808,Entire home/apt,,2,170,2025-11-29,2.66,1,136,32,19-246370-000-00-HO
39279746,Artist #5–Just Steps from the Max,6692974,1462712924513671178,Amanda,,Kenton,45.58287,-122.68252,Entire home/apt,,30,7,2024-12-29,0.10,18,338,1,17-155533-000-00-HO
39279753,Artist #2–Just Steps from the Max,6692974,1462712924513671178,Amanda,,Kenton,45.5841,-122.68434,Entire home/apt,,30,7,2023-09-04,0.15,18,0,0,17-155533-000-00-HO
39337587,Cozy private room,284536420,1469489440721058896,Ann,,Hazelwood,45.51999,-122.54258,Private room,,30,11,2025-09-29,0.23,2,335,6,20-113718-000-00-HO
39355967,Private Apt/Loft Craftsman House NW Portland,42533657,1465632130858954383,Joan,,Northwest District,45.53133,-122.70133,Entire home/apt,,2,17,2025-07-15,0.30,2,364,3,24-012743-000-00-HO
39415580,Beautiful Vintage Home near Peninsula Park,8193204,1462751519324599010,Becca,,Piedmont,45.5745,-122.6659,Entire home/apt,,30,88,2022-10-17,1.19,1,0,0,19-246420-000-00-HO
39441888,Alberta Arts Happy Home - Walk Score = 92,205079895,1469069813133303439,Mike,,Vernon,45.56216,-122.64672,Entire home/apt,,2,314,2025-11-10,4.24,8,59,54,24-013945-000-00-HO
39533139,Cozy Clinton Cottage (close-in SE off Division),66078799,1466816824761279431,Shana,,Hosford-Abernethy,45.50451,-122.64563,Entire home/apt,,1,315,2025-11-10,4.25,1,82,45,24ASTR-APP-00548
39559056,SW Portland - Rustic Retreat Hillside Suite,25666721,1465348218758312998,Leo,,West Portland Park,45.44085,-122.72619,Entire home/apt,,3,78,2025-11-12,1.10,1,157,10,19-256464-000-00-HO
39627133,"Historic Hafner Haus Bed and Breakfast, Unit 3",8207605,1462564255609677282,Sharon,,Portland Downtown,45.51632,-122.68639,Private room,,30,33,2025-01-01,0.51,13,262,1,Exempt
39637107,Downtown Portland Condo with water view,56994880,1465931522441102307,Kathy,,Old Town/Chinatown,45.52705,-122.67164,Entire home/apt,,30,19,2025-11-12,0.26,1,152,2,
39643910,Simple and Convenient.,96243932,1467159289575269333,Hussam,,Hazelwood,45.52688,-122.53263,Private room,,30,13,2025-10-25,0.18,4,365,3,
39671760,Private 2 Bedroom Apartment w/Healthclub - Pets OK,13540222,1462913623741266031,Jay,,St. Johns,45.5887,-122.7443,Entire home/apt,,30,38,2024-12-21,0.51,2,254,1,Exempt
39735100,Boathouse get away in Portland,354428,1462516435353393636,Julie,,Sunderland,45.59994,-122.63693,Entire home/apt,,60,0,,,1,88,0,
39772321,Beervana 204,147102358,1468443074404147174,Michael,,North Tabor,45.5238,-122.60327,Private room,,30,80,2024-08-04,1.50,1,270,0,20-112376-000-00-HO
39781784,Modern Home in SE walk to Hawthorne & Division,20936849,1463142389615554188,Jiying,,Mt. Tabor,45.52173,-122.61153,Entire home/apt,,2,65,2025-12-01,0.89,1,260,11,19-199398-000-00-HO
39814914,Little Cabin in the City,241947014,1469285150750448491,Sarah,,Concordia,45.55985,-122.62181,Entire home/apt,,30,80,2025-07-11,1.09,1,0,3,20-133572-000-00-HO
39820322,Cora Street Retreat - 2 bedroom in Portland,766064,1462514077128848870,Carla,,Brooklyn Action Corps,45.4914,-122.65284,Entire home/apt,,2,76,2025-08-23,1.09,1,342,7,19-203793-000-00-HO
39845797,Dreamer #9–Just Steps from the Max,6692974,1462712924513671178,Amanda,,Kenton,45.58477,-122.6829,Entire home/apt,,30,59,2023-08-21,1.06,18,306,0,17-155533-000-00-HO
39846092,Dreamer #6–Just Steps from the Max,6692974,1462712924513671178,Amanda,,Kenton,45.58254,-122.68303,Entire home/apt,,30,24,2025-05-23,0.56,18,351,5,17-155533-000-00-HO
39846186,Entertainer #4–Just Steps from the Max,6692974,1462712924513671178,Amanda,,Kenton,45.58254,-122.68437,Entire home/apt,,30,54,2025-08-19,1.01,18,126,2,17-155533-000-00-HO
39846286,Dreamer #3-Just Steps from the Max (No Stairs),6692974,1462712924513671178,Amanda,,Kenton,45.58455,-122.68382,Entire home/apt,,30,47,2025-02-16,0.68,18,306,5,17-155533-000-00-HO
39846406,Strategist-Just Steps from the Max,6692974,1462712924513671178,Amanda,,Kenton,45.58252,-122.68378,Entire home/apt,,30,28,2025-11-09,0.46,18,338,7,17-155533-000-00-HO
39874259,Private Room in Kenton Home - North Portland,45233333,1462699465703403723,Josie,,Kenton,45.58830205071735,-122.7008104942146,Private room,,2,57,2025-11-30,1.93,2,93,23,24-007732-000-00-HO
39924964,Cute and Comfy in Downtown Kenton in N. Portland!,17783032,1463028882460239929,Sara,,Kenton,45.58028,-122.68774,Entire home/apt,,30,59,2025-01-04,0.81,2,1,2,19-269348-000-00-HO
39925806,Tiny home away from home,241041292,1469281163684366898,Malia,,Lents,45.47491,-122.57549,Entire home/apt,,30,1,2021-05-31,0.02,1,0,0,
39943647,PDX Airport TownHome,307898087,1469570887912549064,Jordan,,Wilkes,45.54961,-122.50325,Entire home/apt,,30,9,2020-04-15,0.12,1,0,0,
39969259,"Spring Garden Suite: private, green & cozy retreat",807266,1462530035152094885,Kimberley,,Multnomah,45.45901,-122.71411,Entire home/apt,,2,99,2025-10-10,2.42,1,94,34,19-118807-000-00-HO
39975940,Private Greenhouse Suite for 1 or 2 Guests,7358871,1462729868770703252,Michael,,Woodlawn,45.57136,-122.65487,Entire home/apt,,1,484,2025-11-19,8.29,2,282,94,24-026333-000-00-HO
40009844,"Walk & Transit Bliss! Car Optional, Fly-n-Ride Apt",137104652,1468363565767658037,Susan,,Irvington,45.53605,-122.65674,Entire home/apt,,30,112,2025-09-19,1.67,1,364,3,17-156309-000-00-HO
40031934,Cheerful Irvington Apt - Walk to MAX & Shops,13285949,1462907795952743144,Daniela,,Irvington,45.5394,-122.65293,Entire home/apt,,3,112,2025-06-15,1.52,5,0,19,19-239511-000-00-HO
40094761,"Northeast Portland, J&J Home stay",19929626,1462611260721199534,Joy,,King,45.55526,-122.66057,Entire home/apt,,3,55,2025-11-29,0.78,1,229,18,17-159851-000-00-HO
40096810,a little urban oasis,13818089,1462587893519274556,Holly,,Irvington,45.53644,-122.65476,Entire home/apt,,1,434,2025-11-11,5.95,2,346,55,24ASTR-APP-00333
40098476,Private & Cozy Casita,237669885,1469264660791065424,Joanna,,Far Southwest,45.44204,-122.72751,Entire home/apt,,1,698,2025-11-28,11.99,1,348,139,24-010903-000-00-HO
40122072,Charming home in safe beautiful area - fenced yard,70796747,1466876241573503677,Li,,Northwest Heights,45.5327892,-122.7768752,Entire home/apt,,30,3,2024-06-16,0.10,1,365,0,
40131685,Tiny Oasis near airport,157840706,1468538474164301120,Sean,,Cully,45.5649,-122.58824,Entire home/apt,,31,5,2024-07-31,0.10,1,336,0,
40136778,📚🗺🐈‍⬛ Local History Museum in Historic Albina,6877671,1462717578071929498,John,,Boise,45.55051,-122.66389,Private room,,1,76,2025-08-20,1.03,1,0,3,19-206269-000-00-HO
40138718,Modern & Spacious 4BR in Central SE PDX!,51832729,1465815908395428951,Benjamin,,Foster-Powell,45.49251,-122.60178,Entire home/apt,,1,326,2025-11-09,4.44,1,338,34,21-010906-000-00-RS
40198536,Entire North Portland Home - Cozy Kenton House,45233333,1462699465703403723,Josie,,Kenton,45.58756351676688,-122.70122362132234,Entire home/apt,,30,5,2023-12-17,0.20,2,173,0,
40200097,Casa Chica PDX,2205701,1462589035532304083,Eleanor,,Rose City Park,45.54252,-122.59778,Entire home/apt,,1,914,2025-11-30,12.90,1,307,149,19-268157-000-00-HO
40231423,Hawthorne apartment LLC two bedroom,94623462,1467141288343157493,Kathleen,,Mt. Tabor,45.51066,-122.608,Entire home/apt,,2,50,2025-10-26,1.01,2,63,16,19-186215-000-00-HO
40265884,"Dog Friendly Motor Lodge, One King Bed",8873069,1462789168775948675,Jupiter,,Buckman,45.52179,-122.65636,Private room,,30,2,2023-10-28,0.07,2,323,0,
40352164,Easy & Cozy Extended Stay (30-day min),30290883,1465445776129264978,Amy,,Madison South,45.5532,-122.57215,Entire home/apt,,30,11,2025-09-26,0.16,1,306,2,
40369611,Light-filled Garden House (Alberta Arts),20335532,1463104941268389399,Devon,,Vernon,45.56262,-122.64998,Entire home/apt,,3,31,2021-09-10,0.45,1,0,0,19-243504-000-00-HO
40378860,Charming Home to Yourself,18749328,1463060938059464598,Reagan,,Cathedral Park,45.58456,-122.74193,Entire home/apt,,30,34,2022-09-30,0.47,1,0,0,
40408216,Crow Cottage,656859603,1487992591391653006,Sarah,,Cully,45.5521664223285,-122.60041264989783,Entire home/apt,,2,18,2025-08-25,1.81,1,115,18,24ASTR-PER-00469
40414540,Comfy & Cozy 2 Bedroom Portland Flat,310753989,1469581124103260375,Erin,,Kerns,45.52339,-122.63352,Entire home/apt,,1,413,2025-11-20,5.64,2,344,65,21-011318-000-00-RS
40435487,Charmingly Warm PDX Flat in Trendy SE,310753989,1469581124103260375,Erin,,Kerns,45.52179,-122.6331,Entire home/apt,,1,390,2025-11-29,5.33,2,348,82,21-011318-000-00-RS
40451310,#StayInMyDistrict Raleigh Hills Serene Havens Nest,3142393,1462528276679400180,Amy,,Bridlemile,45.488529205322266,-122.74200439453125,Entire home/apt,,1,191,2025-12-02,2.64,21,168,25,19-239572-000-00-HO
40468274,Light & Bright N. Portland Studio!,35707797,1465527462707738560,Daniel,,Portsmouth,45.58569,-122.72445,Entire home/apt,,1,97,2025-11-15,1.33,2,237,36,24ASTR-PER-00124
40602080,NE Portland Private Entry Studio-Walking Distance,22901192,1463191284345809838,Cody,,Boise,45.55266,-122.66649,Entire home/apt,,1,432,2025-11-16,5.98,1,197,83,20-134061-000-00-HO
40639783,ECO-CONSCIOUS PEACEFUL HIDEAWAY TRENDY N. WILLIAMS,121280844,1468232216974460017,Marlane,,Humboldt,45.5549,-122.66477,Entire home/apt,,30,65,2023-08-29,0.90,1,88,0,12-123456-123-12-HO
40640474,"Old Portland Charm, Perfect Southeast Location",400281,1462517458216505431,Christina,,Buckman,45.51262,-122.65056,Entire home/apt,,30,20,2025-09-10,0.28,1,326,4,
40672806,NE Cozy Home - Newly Updated! Home away from Home!,19259335,1463072940067430926,Kelley,,Madison South,45.54411,-122.57675,Entire home/apt,,30,15,2024-12-02,0.22,4,362,0,
40695568,Urban Oasis guest house + suana,8183063,1462751266039216285,Trent,,Mt. Tabor,45.50822,-122.61082,Entire home/apt,,2,172,2025-11-29,2.38,1,0,34,19-250908-000-00-HO
40706580,HeartofHawthorne MidCentury Dream 95 WalkScore 3BR,88253867,1467059947580489724,Jordan,,Sunnyside,45.51245880126953,-122.62042999267578,Entire home/apt,,1,497,2025-11-22,6.88,15,321,31,19-148288-000-00-RS
40726828,Hip & Spacious: Mt. Tabor Haven with Hot Tub!,316013466,1469596787092474336,Pamela,,Montavilla,45.5118,-122.58039,Entire home/apt,,2,199,2025-11-22,2.79,1,78,37,19-200482-000-00-HO
40755790,The Woodstock Guest House,4967953,1462669663332319405,Kerry,,Woodstock,45.48122,-122.61285,Entire home/apt,,7,95,2025-08-22,1.41,1,0,1,19-257291-000-00-HO
40758385,Urban Hideaway,31648101,1462655792072265120,Ryan,,Woodstock,45.48759,-122.62125,Entire home/apt,,3,231,2025-12-02,3.20,1,243,33,21-029968-000-00-HO
40775816,Ancillary Dreams,714512,1462513717489291010,Dan,,Richmond,45.51,-122.63008,Entire home/apt,,1,182,2025-11-23,2.58,4,326,29,21-073189-000-00-HO
40780172,Sabin Guest House,35830853,1465530666542854612,Charlie,,Sabin,45.55297,-122.655,Entire home/apt,,4,155,2025-12-01,2.17,1,324,29,24-001048-000-00-HO
40787863,Bridgetown Bungalow: The perfect cozy getaway!,7611748,1462736582848189114,Kimberly Suzanne,,Montavilla,45.53224,-122.58596,Entire home/apt,,2,385,2025-11-30,5.36,1,346,52,19-228235-000-00-HO
40803769,"Peaceful Loft - Close to shops, Train & Downtown",13285949,1462907795952743144,Daniela,,Irvington,45.53934,-122.65292,Entire home/apt,,4,231,2025-11-12,3.20,5,110,36,19-239511-000-00-HO
40822541,Retro NoPo Duplex One Bedroom,20410856,1462612997257372533,Abbie,,Arbor Lodge,45.57268,-122.67939,Entire home/apt,,30,25,2025-11-05,0.35,4,65,2,
40847662,Thurman Street Loft,317918819,1469601048903975076,Philip,,Northwest District,45.53434,-122.69901,Entire home/apt,,31,14,2023-08-13,0.20,2,0,0,
40864982,"Amazing location, family friendly in Alberta Arts",1150082,1462538309747426683,Michelle,,Vernon,45.56026,-122.65043,Entire home/apt,,1,37,2025-11-11,0.53,6,295,6,91817
40865331,Sleeps 20!- amazing architecture + location,1150082,1462538309747426683,Michelle,,Humboldt,45.55606,-122.67614,Entire home/apt,,1,55,2025-10-26,0.84,6,269,14,91818
40870837,Portland's White House B&B - Jack & Jackie,318184666,1469601797053343528,BIll,,Irvington,45.53623,-122.64341,Private room,,30,0,,,9,0,0,
40873497,Portland's White House B&B - George & Martha,318184666,1469601797053343528,BIll,,Irvington,45.53769,-122.64178,Private room,,30,0,,,9,0,0,
40873896,Portland's White House B&B - Ike & Mamie,318184666,1469601797053343528,BIll,,Irvington,45.53705,-122.64362,Private room,,30,0,,,9,0,0,
40874186,Portland's White House B&B - James & Dolly,318184666,1469601797053343528,BIll,,Irvington,45.53735,-122.64148,Private room,,30,0,,,9,0,0,
40874381,Portland's White House B&B - Franklin & Eleanor,318184666,1469601797053343528,BIll,,Irvington,45.53767,-122.64167,Private room,,30,0,,,9,0,0,
40874580,Portland's White House B&B - Lyndon & Lady Bird,318184666,1469601797053343528,BIll,,Irvington,45.53773,-122.64147,Private room,,30,0,,,9,0,0,
40889962,Tranquil Hidden Gem in the Heart of Woodstock,4139648,1462648463731020143,Marcia Lynn,,Woodstock,45.48106,-122.61451,Entire home/apt,,2,87,2025-07-24,1.22,4,254,6,20-101176-000-00-HO
41010362,Alberta Farmhouse Nest Studio,320016841,1469606149506555574,Jarred And Emily,,Concordia,45.56086,-122.6319,Entire home/apt,,30,256,2025-02-26,3.54,2,361,6,19-267885-000-00-HO
41113886,Welcome to the Pear tree house,321695747,1463450086479230445,Rajinder,,Laurelhurst,45.52637,-122.62875,Entire home/apt,,2,72,2025-11-28,1.32,1,51,20,19-201900-000-00-HO
41132879,4BR • Sleeps 8 • Food & Coffee Hotspot Nearby,141351418,1462964770339607534,Alina,,King,45.55917739868164,-122.66098022460938,Entire home/apt,,1,325,2025-11-27,4.51,1,276,32,21-021531-000-00-RS
41160733,Bohemian Hideaway • Yard + Patio • Walkable,112798186,1467361284718872792,Delanie,,Hosford-Abernethy,45.50845718383789,-122.65454864501953,Entire home/apt,,1,443,2025-11-26,6.14,33,263,27,21-083034-000-00-CO
41179269,"Center of SE PDX, beautiful 2 bedrm-no clean fees!",13821627,1462923834686812486,Rob,,Richmond,45.50869,-122.61962,Entire home/apt,,2,331,2025-11-16,4.73,1,251,52,20-124214-000-00-HO
41179310,"King bed, New, 15 min downtown, near Reed College",21502012,1463156971161254876,Kelly,,Eastmoreland,45.46782,-122.62692,Entire home/apt,,28,96,2025-05-29,1.43,1,240,2,20-205094-000-00-HO
41181567,BEST NEIGHBORHOOD IN TOWN! 20,322907763,1469612481694401564,Murad,,Northwest District,45.5358,-122.70347,Entire home/apt,,30,8,2025-09-06,0.12,4,171,3,
41192687,The Victorian Cottage with River & Mountain Views,57373623,1465938248468915473,Sebastian,,South Portland,45.47092,-122.6763,Entire home/apt,,2,127,2025-11-30,1.80,2,164,23,20-138983-000-00-HO
41195216,Adorable Little House,6648334,1462711793558219033,Lisa Maurine,,Humboldt,45.56309,-122.66564,Entire home/apt,,1,384,2025-12-01,6.42,1,145,71,25ASTR-APP-00042
41232955,Downtown Loft-Modern and Close to everything,149538332,1468461979893725500,Amir,,South Portland,45.49918087948977,-122.67548829062692,Entire home/apt,,1,135,2025-11-29,2.01,1,335,30,24ASTR-APP-00417
41238072,"Secluded 2BR home, washer/dryer, private parking",323243651,1469613214084984110,Ricardo,,Powellhurst-Gilbert,45.50118,-122.56841,Entire home/apt,,1,308,2025-10-20,4.29,1,245,17,20-136452-000-00-HO
41242041,Cozy room for a budget traveler,8587273,1462565746278564772,Kanchan Shriram,,St. Johns,45.59045,-122.74738,Private room,,30,41,2025-11-16,0.59,4,304,7,19-204095-000-00-HO
41264644,Portland's White House B&B - Teddy & Edith,318184666,1469601797053343528,BIll,,Irvington,45.53573,-122.64192,Private room,,30,0,,,9,0,0,
41314631,N. Portland Quiet Place,3948888,1462643364371126360,Dederia,,St. Johns,45.59605,-122.73385,Entire home/apt,,1,144,2025-11-30,2.09,4,349,20,21-029179-000-00-HO
41402809,Cozy apartment in the heart of it all!,31289780,1465460316663115416,Paul,,Northwest District,45.52635,-122.68887,Entire home/apt,,30,142,2025-11-22,2.00,2,268,11,21-040510-000-00-HO
41431514,KEX Portland-Deluxe King Ensuite,325943042,1469621545612614779,Heather,,Kerns,45.52304,-122.66248,Private room,,1,13,2025-10-29,0.25,10,346,1,07296
41433875,Month-to-Month Pink Bungalow in Inner NE Portland,534482,1462520993820863542,Andrea,,Boise,45.54994,-122.66543,Entire home/apt,,30,4,2023-05-10,0.07,1,0,0,19-209490-000-00-HO
41434986,Cozy Little Nest in SE Portland,2399422,1462594036438075173,Jane,,Sunnyside,45.51605,-122.62702,Entire home/apt,,30,5,2022-09-03,0.11,1,313,0,
41480727,Best Neighborhood in Town!!! 12,326526800,1469623380486730675,Murad,,Northwest District,45.53679,-122.70148,Entire home/apt,,30,18,2025-09-25,0.33,2,349,5,
41508403,The Urban Treehouse,18042309,1463034801003441647,Anne,,Richmond,45.50705,-122.61765,Entire home/apt,,3,59,2025-08-19,0.84,1,0,7,19-257824-000-00-HO
41508683,Cute Room in Artist's Home | SE Portland,806654,1462514358616128443,Briana,,Richmond,45.49914,-122.61341,Private room,,2,68,2025-10-20,0.95,1,167,17,19-206982-000-00-HO
41558609,N.E Alberta Arts District.,2200710,1462522819742519750,Laurent,,King,45.56112,-122.6606,Entire home/apt,,4,144,2025-11-11,2.06,1,61,11,23-103822-000-00-HO
41584806,Cozy Base Camp,18198220,1463038499159054939,Susan,,Hillside,45.52126,-122.72403,Entire home/apt,,2,75,2025-11-26,1.31,1,137,30,18-137998-000-00-HO
41588378,Park Place Condo Steps from Washington Park,327787591,1469627168688706250,Katrina,,Goose Hollow,45.52281,-122.69972,Entire home/apt,,31,9,2025-03-25,0.18,1,242,2,
41592247,1911 Portland Craftsman,3261680,1462624245189877539,Carl,,Concordia,45.56084,-122.63192,Entire home/apt,,30,25,2023-08-20,0.38,1,0,0,
41593925,SE Portland Carriage House,327888532,1469627346989749379,Jason,,Mt. Scott-Arleta,45.48047,-122.59437,Entire home/apt,,3,58,2025-11-16,0.83,1,0,18,18-224583-000-00-HO
41614898,Bright and Airy Brooklyn Cottage,328120961,1469628045611070489,Damon,,Brooklyn Action Corps,45.49775,-122.651,Entire home/apt,,3,94,2025-11-16,1.33,1,303,23,24ASTR-PER-00117
41715191,KEX Portland-Family Room Ensuite,325943042,1469621545612614779,Heather,,Kerns,45.52464,-122.66039,Private room,,1,83,2025-10-05,1.54,10,346,18,07296
41715321,KEX Portland-Queen Shared Bath,325943042,1469621545612614779,Heather,,Kerns,45.52501,-122.66261,Private room,,1,98,2025-11-22,1.39,10,356,15,07296
41715367,KEX Portland-Small Bunk Room-Mixed,325943042,1469621545612614779,Heather,,Kerns,45.52423,-122.66065,Private room,,1,8,2025-03-01,0.15,10,324,3,07296
41715417,KEX Portland-Double Queen Shared Bath,325943042,1469621545612614779,Heather,,Kerns,45.52495,-122.66083,Private room,,1,32,2025-11-15,0.61,10,349,18,07296
41741290,KEX Portland-Sixteen Bed Room,325943042,1469621545612614779,Heather,,Kerns,45.52316,-122.66239,Private room,,1,2,2022-09-18,0.05,10,116,0,07296
41796434,Northrup | Heart of the NW | 2 Apartments,215058058,1469126878214460992,Joshua,,Northwest District,45.53128,-122.70561,Entire home/apt,,2,84,2025-11-09,1.19,15,336,12,19-200679-000-00-HO
41800138,Pettygrove | Heart of the NW | Guest Studio,215058058,1469126878214460992,Joshua,,Northwest District,45.53128,-122.70561,Entire home/apt,,2,54,2025-11-24,0.77,15,336,15,19-200679-000-00-HO
41812444,NE Haven (Bedroom 2),90127719,1467090906348126703,Aubry,,Cully,45.56126,-122.61439,Private room,,30,31,2025-10-13,0.47,4,179,10,25ASTR-APP-00073
41821026,NE Haven (Bedroom 1),90127719,1467090906348126703,Aubry,,Cully,45.5615,-122.61595,Private room,,30,21,2025-10-12,0.33,4,179,6,25ASTR-APP-00073
41839542,Fireplace Flat  private 725 Sq Ft apt near U of P,177760557,1468720015371954134,William,,University Park,45.57768,-122.7196,Entire home/apt,,3,229,2025-11-12,3.25,1,157,26,19-200458-000-00-HO
41932344,Best neighborhood in Portland!!!25,326526800,1469623380486730675,Murad,,Northwest District,45.53633,-122.70142,Entire home/apt,,30,10,2025-10-16,0.16,2,260,5,
41935714,Charming One Bedroom Near Great Food and Shopping,147708508,1468448013404626277,Deborah,,Sunnyside,45.51484,-122.63379,Entire home/apt,,1,117,2025-11-27,1.66,4,266,23,24-020711-000-00-HO
42018596,Your PDX Destination home away from home,233209184,1469242569233747199,Katy,,Alameda,45.54763,-122.63654,Entire home/apt,,2,55,2025-10-06,0.78,1,142,7,21-030554-000-00-HO
42100767,Beautiful Large MidCentury Modern Home SW Portland,4121479,1462647972148256007,Angelique,,Marshall Park,45.45152,-122.69987,Entire home/apt,,30,1,2024-08-01,0.06,1,161,0,
42143191,Charming Classic Ladd's/Hawthorne Gem,13351238,1462909231323235084,Jennifer,,Hosford-Abernethy,45.51171,-122.65063,Entire home/apt,,1,456,2025-11-30,6.75,2,331,80,20-124455-000-00-HO
42171568,Newly Renovated Historic Home with Garden Oasis,15451664,1462594142995630953,Laura,,Boise,45.54936,-122.67674,Entire home/apt,,2,99,2025-08-30,1.55,1,0,16,20-128857-000-00-HO
42207396,Mid-Century Apartment on Hawthorne - Thrift & Eat,187734201,1468972242760538849,Mike,,Buckman,45.51248,-122.64626,Entire home/apt,,1,465,2025-10-28,6.63,6,361,45,16-265211-000-00-CO
42224566,Mt. Tabor Cottage : Cozy modern studio in SE PDX.,6298174,1462702906431371425,Sara,,Mt. Tabor,45.51153,-122.58771,Entire home/apt,,2,113,2025-11-29,1.61,1,254,18,24-018373-000-00-HO
42227113,Sunwashed Hollywood Studio,28829879,1465425213569902210,Alisa May,,Rose City Park,45.53354,-122.60538,Entire home/apt,,30,147,2022-01-02,2.34,1,0,0,
42283515,Sunlit Room near Alberta,1326395,1462542822514057847,Catherine,,Cully,45.55713,-122.61217,Private room,,30,2,2023-09-02,0.05,2,0,0,
42309241,UofP/Adidas! Live in stylish comfort and privacy,88040415,1467057645045835055,Heather,,Arbor Lodge,45.57355,-122.69655,Entire home/apt,,30,18,2025-09-29,0.28,1,303,2,
42311940,5* Cottage Gem | Quiet Hood | Caring Host | Min>DT,4089776,1462647109685034820,Joseph,,Overlook,45.5585,-122.68678,Entire home/apt,,2,334,2025-11-30,4.75,2,331,54,18-184293-000-00-HO
42315604,The Portland A-frame,10472485,1462841602467966814,Melissa,,West Portland Park,45.44754,-122.71951,Entire home/apt,,30,2,2021-04-29,0.03,1,0,0,
42353977,KEX Portland-Standard Queen Ensuite,325943042,1469621545612614779,Heather,,Kerns,45.52458,-122.66241,Private room,,1,43,2025-11-15,0.82,10,345,18,07296
42380321,Best Neighborhood in Town! 11,322907763,1469612481694401564,Murad,,Northwest District,45.53694,-122.70172,Entire home/apt,,30,9,2024-09-30,0.19,4,262,0,
42383821,Modern Living w/hot tub in Alberta Arts District,39165671,1465585074828942511,Leslie,,Vernon,45.56526,-122.65377,Entire home/apt,,30,87,2025-08-16,1.28,2,150,2,
42416190,The Fern Cottage,61806620,1466760267103932606,Shannon,,Arbor Lodge,45.57282,-122.68852,Entire home/apt,,1,114,2025-11-17,2.22,1,303,15,22-105349-000-00-HO
42436031,Portland Riverside Condo at McCormick Pier,100676307,1467208721492265618,Brad,,Old Town/Chinatown,45.52624,-122.67206,Entire home/apt,,30,9,2025-10-06,0.13,1,258,2,
42468070,Remodeled 1 BR Alberta Arts Guest Suite,42701935,1465634380116102508,Jim,,Concordia,45.56086,-122.64066,Entire home/apt,,2,386,2025-11-25,5.70,1,228,69,21-004176-000-00-HO
42477015,WELCOME TO URBAN TREEHAUS,191661378,1468996040753539128,Marvin,,Sylvan-Highlands,45.51738,-122.72159,Entire home/apt,,31,0,,,1,363,0,
42488022,Portlands gem in the city,8680367,1462773603258153746,Michael,,Buckman,45.51633,-122.65302,Entire home/apt,,30,9,2024-07-31,0.15,9,148,0,
42488541,Two bedroom Remodeled Gem,8680367,1462773603258153746,Michael,,Buckman,45.51633,-122.65302,Entire home/apt,,30,6,2023-11-12,0.10,9,90,0,
42546177,Modern Buckman Rowhouse w/Private Garage and Views,18153767,1463037454618824944,Christopher,,Buckman,45.52271,-122.65317,Entire home/apt,,3,28,2025-11-16,0.71,1,0,6,24-020240-000-00-HO
42601276,RoseCity Getaway - New Modern Private Home,148312450,1468452709634116958,David,,Roseway,45.55013,-122.58674,Entire home/apt,,2,323,2025-11-13,4.97,1,205,60,20-113754-000-00-HO
42619371,"Comfortable room, desk & FireTV - Monthly discount",8587273,1462565746278564772,Kanchan Shriram,,St. Johns,45.59045,-122.74738,Private room,,30,14,2025-08-08,0.20,4,278,1,
42636202,Jewell's Landing floating home,73445044,1466905798316536820,David,,Hayden Island,45.60815,-122.67464,Entire home/apt,,30,5,2022-08-31,0.08,1,280,0,
42693147,BEST NEIGHBORHOOD IN TOWN - 23,21655715,1463160676967464616,Villa Serena,,Northwest District,45.53495,-122.70296,Entire home/apt,,30,16,2025-06-23,0.25,4,349,2,
42710256,Contemporary Studio | Balcony | Dog Friendly,145210319,1468427728726528647,Vacasa Oregon,,Concordia,45.56547886480291,-122.64116360757075,Entire home/apt,,2,30,2025-10-28,0.72,2,361,6,20-123902-000-00-HO
42777186,Montavilla manor #2,138761774,1468376835743889962,Aaron,,Mt. Tabor,45.52044,-122.58624,Entire home/apt,,3,32,2025-11-16,0.76,2,215,8,24ASTR-PER-00097
42778000,"Welcome to ""The Gladstone House""  Enjoy your stay.",275151873,1469451554695943677,Kip,,Foster-Powell,45.49235,-122.60052,Entire home/apt,,2,38,2024-12-29,0.59,2,146,1,19-204544-000-00-HO
42791096,Pearl District Condo with Huge Balcony,25596073,1465345545476370280,Emily,,Pearl,45.5345,-122.68276,Entire home/apt,,30,2,2021-11-16,0.03,2,362,0,
42814644,6 Bedroom/3 Bath Ideal for Groups,4702598,1462663629129018931,Loretta,,Hazelwood,45.50476,-122.55724,Entire home/apt,,30,1,2023-09-04,0.04,3,179,0,16-122179-000-00-LU
42874008,The Strand-Elegant Condo at downtown riverfront,261456584,1469381916928050844,Frances,,Portland Downtown,45.50682,-122.67201,Entire home/apt,,31,13,2024-02-29,0.20,1,195,0,
42878671,Modern Portland  Craftsman in heart of Mississippi,13315319,1462908414867813732,Lauren,,Boise,45.55102,-122.6692,Entire home/apt,,30,26,2023-08-27,0.51,1,179,0,
42901591,Willow Tree Guesthouse,30125965,1465443618613344842,Leigh,,Richmond,45.5056371,-122.6269101,Entire home/apt,,5,215,2025-11-23,3.36,1,183,46,18-127441-000-00-HO
42927674,BEST NEIGHBORHOOD IN TOWN! 24,322907763,1469612481694401564,Murad,,Northwest District,45.53523,-122.70147,Entire home/apt,,30,7,2025-08-10,0.11,4,364,1,
42927687,Best Neighborhood in Town! 9,322907763,1469612481694401564,Murad,,Northwest District,45.53521,-122.70355,Entire home/apt,,30,15,2025-06-08,0.23,4,365,3,
42964541,Historic Governor's Mansion in Portland,2517273,1462597295265506031,Susanne,,Irvington,45.53862,-122.64646,Entire home/apt,,30,10,2023-11-27,0.31,1,0,0,20-130730-000-00-HO
42975173,"Gorgeous home on WATERFRONT, Won't be disappointed",109143261,1467321697945720352,Sun,,Old Town/Chinatown,45.52976,-122.67408,Entire home/apt,,31,24,2025-10-04,0.37,2,358,4,
43117017,Amazing Corner Unit Penthouse In NW Portland !,9811068,1462824054168990443,Avery,,Pearl,45.52933,-122.68305,Entire home/apt,,120,2,2020-11-30,0.03,1,0,0,
43118109,comfortable and relaxing room,284536420,1469489440721058896,Ann,,Hazelwood,45.5206,-122.54206,Private room,,30,37,2024-12-11,0.55,2,210,1,20-113718-000-00-Ho
43124643,"Cottage, Walk to MAX, Drinks, Dining, Full Kitchen",62261998,1462750061747177206,ITrip Vacations,,Overlook,45.55323,-122.68699,Entire home/apt,,2,80,2025-11-11,1.21,19,354,10,24ASTR-PER-00275
43205207,Luxury Private 2 Bedroom Apartment w/Healthclub,13540222,1462913623741266031,Jay,,St. Johns,45.58895,-122.74267,Entire home/apt,,30,11,2024-11-07,0.17,2,350,0,
43236902,Angel's Rest,271575145,1469433888074324666,Patricia,,Portsmouth,45.58698,-122.71956,Entire home/apt,,1,231,2025-11-24,3.47,1,344,39,20-209668-000-00-HO
43280700,Turn-Of-The-Century Meets Modern,66001964,1466815932299568275,Chip,,Buckman,45.52097,-122.65075,Entire home/apt,,30,10,2024-06-25,0.17,1,156,0,
43328124,Best neighborhood in Portland- 25,121884165,1468237059767839844,Villa,,Northwest District,45.53714,-122.70373,Entire home/apt,,30,8,2024-06-24,0.15,2,363,0,
43381222,Central Portland Neighborhood - Tudor Style,11629153,1462869243235074326,Jason,,Brooklyn Action Corps,45.4981,-122.65845,Entire home/apt,,2,201,2025-10-20,2.98,1,348,29,22-107218-000-00-HO
43413841,Lovely Cottage in a wonderful location!,50415523,1465772533111556131,Robert,,Kerns,45.52197,-122.63635,Entire home/apt,,3,145,2025-12-01,2.20,1,61,39,24-009440-000-00-HO
43414626,Cozy + Modern in NE Portland by Mississippi Ave,36057135,1465535594695799031,Kim,,Boise,45.55124,-122.66582,Entire home/apt,,2,145,2025-11-29,2.27,1,257,26,21-029182-000-00-HO
43450548,Big Tastefully Furnished Well-Lit Downtown Studio,5790741,1462689690391707347,Ofer,,Goose Hollow,45.52065,-122.68754,Entire home/apt,,31,5,2025-05-30,0.08,1,363,1,
43457851,Pier Park Studio,60440751,1466743943680018978,Amy,,St. Johns,45.59784,-122.7513,Entire home/apt,,30,3,2025-06-28,0.05,2,26,2,
43460057,Entire House  | Alberta St. | NE Portland,19836266,1463092500219925001,Kev,,Vernon,45.5623,-122.64921,Entire home/apt,,5,42,2025-08-01,0.63,1,11,3,21-041390-000-00-HO
43505870,NoPo Comfy Studio Private Bathroom & Mini Kitchen,477663,1462519387805018078,Joelle,,Overlook,45.55232,-122.68123,Entire home/apt,,31,20,2025-09-01,0.32,4,242,4,
43556284,Best Neighborhood in Portland- 14,121884165,1468237059767839844,Villa,,Northwest District,45.53531,-122.70313,Entire home/apt,,30,8,2024-08-13,0.14,2,270,0,
43595828,NE PDX Garden Home- monthly discount,42870763,1465636723452163108,Doreen,,Beaumont-Wilshire,45.5556,-122.62591,Entire home/apt,,30,2,2021-01-31,0.03,2,265,0,
43612262,Mt. Tabor/ SE Portland Modern Warmth,10042363,1462830178381230813,Diana,,South Tabor,45.50484085083008,-122.60326385498047,Entire home/apt,,30,18,2025-07-23,0.28,1,155,2,
43701179,Garden Studio in Backyard Oasis,11875534,1462875046193001676,Becca,,Overlook,45.56262,-122.68786,Entire home/apt,,30,1,2020-07-25,0.02,2,0,0,19-264335-000-00-HO
43766909,Stylish and Spacious NE Portland Retreat,243717356,1469293469754563231,Joe,,Roseway,45.54248,-122.59392,Entire home/apt,,1,389,2025-12-01,5.88,1,363,86,19-235919-000-00-HO
43788324,Artist #8--Just Steps from the Max,6692974,1462712924513671178,Amanda,,Kenton,45.58451,-122.6844,Entire home/apt,,30,10,2025-01-05,0.15,18,365,2,17-155533-000-00-HO
43788586,Cozy private studio in SE Portland,197531214,1469029460827465316,Nancy,,Lents,45.485039,-122.576141,Entire home/apt,,2,133,2025-11-28,2.05,1,343,16,20-130530-000-00-HO
43788776,Entertainer #7–Just Steps from the Max,6692974,1462712924513671178,Amanda,,Kenton,45.58466,-122.68287,Entire home/apt,,30,0,,,18,44,0,17-155533-000-00-HO
43788892,Chill Out! Beautiful 2BR with Cozy Queen Beds!,160352710,1468559752320513234,Wesley,,Piedmont,45.57774,-122.66792,Entire home/apt,,2,51,2025-06-30,0.77,1,174,3,20-102613-000-00-HO
43797942,"Smart Home, 2100 SF, Close to I-5, Lots of Room",32935900,1465482500252622036,Jim,,Far Southwest,45.43714904785156,-122.74223327636719,Entire home/apt,,5,55,2025-08-13,1.04,1,243,8,22-103883-000-00-HO
43819014,Peaceful oasis in the heart of Nob Hill,7008585,1462721114235126112,Emma,,Northwest District,45.52583,-122.6968,Entire home/apt,,30,17,2025-10-25,0.26,3,348,1,
43859590,"Serenity Pearl- private terrace, reserved parking",8996240,1462567598633642748,Meg,,Pearl,45.52605056762695,-122.6822280883789,Entire home/apt,,30,12,2025-06-23,0.23,1,0,2,
43870675,"Spectacular Views, Huge Deck, BBQ, Pet Friendly",62261998,1462750061747177206,ITrip Vacations,,Hillside,45.53183,-122.7132,Entire home/apt,,2,61,2025-10-07,0.92,19,317,1,25ASTR-APP-00039
43910673,Luxury 4BR - Sleeps 8 - Near Food & Culture,190656099,1468989935967301129,Aaron,,Humboldt,45.5584602355957,-122.66820526123047,Entire home/apt,,1,308,2025-11-16,4.72,21,355,17,18-266570-000-00-CO
43911827,4BR Luxury Condo | Walk to Mississippi & Alberta,190656099,1468989935967301129,Aaron,,Humboldt,45.5584602355957,-122.66820526123047,Entire home/apt,,1,288,2025-10-19,4.39,21,343,18,18-266570-000-00-CO
43916302,Mt. Tabor Manor - Elegant Getaway,140171773,1468387549469806218,Daniel,,Mt. Tabor,45.52209,-122.60886,Entire home/apt,,3,28,2023-08-05,0.44,1,187,0,17-220659-000-00-HO
43946632,"Alberta Arts - 2BR - Walk to Food, Shops, & Art",190656099,1468989935967301129,Aaron,,Humboldt,45.5584602355957,-122.66820526123047,Entire home/apt,,1,368,2025-11-20,5.62,21,348,48,18-266570-000-00-CO
43946701,Alberta Arts - 2BR - Prime Spot - Modern Vibes,190656099,1468989935967301129,Aaron,,Humboldt,45.5584602355957,-122.66820526123047,Entire home/apt,,1,458,2025-11-23,6.99,21,365,61,18-266570-000-00-CO
43969621,Modern Guest House with Sauna and Gardens,352184767,1469703126006162914,Desiree,,Sunnyside,45.51457,-122.61756,Entire home/apt,,2,231,2025-10-27,3.50,1,351,30,20-180706-000-00-HO
44030346,Modern Cabin with exposed brick and cozy gardens,352768058,1469704818277103024,Mark & Celeste,,South Portland,45.49642,-122.67725,Entire home/apt,,31,17,2025-11-18,0.27,3,329,4,
44046518,Downtown Pearl District Upscale Apt. w/ Rooftop!,339414830,1469662018846494973,Campbell | Skye,,Pearl,45.526245,-122.68615,Entire home/apt,,30,231,2024-10-16,3.55,1,299,0,Exempt
44049778,Hawthorne Crash Pad ~Your Own Private Retreat,45865050,1462701535595638317,Juli,,Richmond,45.50993,-122.63352,Entire home/apt,,1,434,2025-12-01,7.13,2,80,70,19-239908-000-00-HO
44063478,Bright & Airy Craftsman in trendy SE Portland,10194150,1462834046810414541,Benjamin,,Richmond,45.50272,-122.61808,Entire home/apt,,10,21,2025-11-28,0.34,1,177,4,21-072769-000-00-HO
44075074,Sunny Treetops in the Heart of Nob Hill,7008585,1462721114235126112,Emma,,Northwest District,45.52533,-122.69603,Entire home/apt,,30,133,2024-03-10,2.11,3,60,0,
44161966,Your Portland home away from home,9494009,1462815558413941291,Molly,,Creston-Kenilworth,45.49076,-122.62052,Entire home/apt,,2,30,2025-11-29,1.70,1,319,22,24ASTR-PER-00175
44209712,Quiet Comfort in Prime Portland Location,20915274,1463141878157829331,Filip,,Hosford-Abernethy,45.5068894,-122.6410198,Entire home/apt,,30,0,,,1,365,0,
44251824,Luxury 3BR Condo - Alberta & Mississippi Eats,190656099,1468989935967301129,Aaron,,Humboldt,45.5584602355957,-122.66820526123047,Entire home/apt,,1,385,2025-09-27,5.94,21,313,36,18-266570-000-00-CO
44306125,Luxury Midcentury Apartment in NE Portland,143183280,1468412044750554096,Kimberly Ihlanfeldt,,Grant Park,45.53934,-122.61616,Entire home/apt,,2,119,2025-11-16,1.84,1,227,19,25ASTR-PER-00004
44316706,Modern Entire House in a Green Neighborhood,100593625,1467207801176301544,Caglar,,Cully,45.55763,-122.58872,Entire home/apt,,60,4,2021-10-15,0.06,1,0,0,
44318730,Alberta Arts house walking distance to everything!,5780178,1462689358229348953,Erinn Katrina,,Concordia,45.56042,-122.64011,Entire home/apt,,30,10,2025-08-03,0.27,1,45,1,
44353594,Cedar House in North Portland,51037323,1465792099754085185,Adam,,Arbor Lodge,45.56938,-122.69587,Entire home/apt,,30,79,2025-11-23,1.23,2,147,10,24-026009-000-00-HO
44395944,"Monthly- Cozy suite -Bedroom, bath & living space",8587273,1462565746278564772,Kanchan Shriram,,St. Johns,45.59037,-122.74604,Private room,,30,13,2025-07-31,0.21,4,347,3,
44415532,Private Entry Basement Room in the Heart of NE,199117713,1469037636057797251,Kaley,,Rose City Park,45.5375,-122.61114,Private room,,1,29,2025-08-17,0.83,1,0,6,21-031463-000-00-HO
44431794,A sleeper in a basement with private rest room,96243932,1467159289575269333,Hussam,,Hazelwood,45.525,-122.53328,Private room,,30,6,2024-03-31,0.09,4,344,0,
44436888,Historic Meets Modern | 4BR • Walk to NW 23rd,88253867,1467059947580489724,Jordan,,Northwest District,45.52370071411133,-122.6971664428711,Entire home/apt,,1,312,2025-11-23,4.83,15,355,30,18-256850-000-00-CO
44437109,1906 3BR Retreat • NW 23rd Boutiques & Eats,88253867,1467059947580489724,Jordan,,Northwest District,45.52370071411133,-122.6971664428711,Entire home/apt,,1,330,2025-08-17,5.11,15,359,34,18-256850-000-00-CO
44447316,BEST NEIGHBORHOOD IN PORTLAND! 24,21655715,1463160676967464616,Villa Serena,,Northwest District,45.53716,-122.70361,Entire home/apt,,30,9,2025-10-05,0.16,4,177,3,
44461752,Waterfall Lodge,131642463,1468317505708424751,Jason,,Woodlawn,45.57134,-122.65436,Entire home/apt,,2,227,2025-11-23,3.59,1,116,67,23-098354-000-00-HO
44465083,The Best of All Worlds in NE!,23224611,1465270324469197053,Angela,,King,45.56144,-122.66141,Entire home/apt,,60,4,2020-08-17,0.06,1,0,0,
44477098,"Hidden Gem 2 bed, 2 bath, office, garden, pets OK",126371404,1468272168872276211,Krista,,Overlook,45.5648,-122.69634,Entire home/apt,,30,5,2024-08-25,0.09,2,337,0,
44536250,Modern Studio - Sleeps 4 - Perfect NE Location,190656099,1468989935967301129,Aaron,,Humboldt,45.5584602355957,-122.66820526123047,Entire home/apt,,1,454,2025-11-23,7.02,21,347,75,18-266570-000-00-CO
44540886,Overlook Gem Tiny House,20410856,1462612997257372533,Abbie,,Overlook,45.54933,-122.68357,Entire home/apt,,40,7,2025-09-25,0.11,4,197,2,
44572017,"Pet-Friendly Work from Home Haven, fully stocked",36909902,1465549795075315166,Jennifer,,Concordia,45.56302,-122.63679,Entire home/apt,,30,1,2020-11-28,0.02,5,365,0,
44572216,Rose City Studio,265007684,1469401910788370169,Kathryn,,Madison South,45.53735,-122.585,Private room,,2,112,2025-11-30,1.84,1,246,25,21-080051-000-00-HO
44629380,Walk everywhere. Heart of NW Portland.,83619132,1462833908573033363,Eddie,,Northwest District,45.52907,-122.69596,Entire home/apt,,31,12,2025-11-17,0.19,2,306,2,
44652009,Spacious Modern Home in St Johns - Gorgeous Views,1828909,1462579469313981653,Shona,,Cathedral Park,45.59253,-122.76243,Entire home/apt,,30,1,2020-10-10,0.02,9,148,0,
44687427,Light-Filled 1927 Bungalow - Grocery + Food Carts,3508484,1462530315278775656,Joshua,,St. Johns,45.58615,-122.73727,Entire home/apt,,31,135,2025-03-30,2.14,6,88,6,19-164423-000-00-HO
44687526,Cozy Craftsman- 3B/ 3ba Dog Friendly +Workout Room,4701601,1462663613006911999,Kyla,,Woodlawn,45.56792,-122.65395,Entire home/apt,,30,22,2025-11-07,0.38,3,194,5,
44697307,Modern Central Portland House,89400,1462509335187635651,Alexander,,Hosford-Abernethy,45.50119,-122.64785,Entire home/apt,,2,180,2025-11-22,2.87,1,94,36,20-209518-000-00-HO
44857809,N. PDX Serene/Art Filled Family Home,3948888,1462643364371126360,Dederia,,St. Johns,45.59658,-122.73369,Entire home/apt,,2,78,2025-10-06,1.25,4,237,13,21-029179-000-00-HO
44961867,The Alberta Sunset,12086512,1462879850480798288,Lyndsey,,Vernon,45.56158,-122.64431,Entire home/apt,,90,9,2025-09-30,0.15,1,157,1,
45040754,"Pet Friendly, BBQ, Zoo, 5 Mins to Pearl District",62261998,1462750061747177206,ITrip Vacations,,Hillside,45.52033,-122.72527,Entire home/apt,,2,85,2025-10-20,1.33,19,361,4,22-124182-000-00-LU
45088488,Sweet Portland Suite,29807354,1465439446835801251,Melanie,,Rose City Park,45.54699,-122.60223,Entire home/apt,,2,143,2025-11-17,2.24,1,227,24,21-041540-000-00-HO
45106590,Your Room in our Gorgeous Home!,80826452,1462827632211221918,Jane,,Arbor Lodge,45.56687,-122.68965,Private room,,30,0,,,1,364,0,
45140159,SE Portland Dream Guesthouse,225046440,1469195415709077907,Julie,,Brentwood-Darlington,45.46575,-122.61396,Entire home/apt,,3,84,2025-11-21,1.34,1,340,11,21-029180-000-00-HO
45164850,Spacious 1BR next to NW 23rd Ave.,1207025,1462539673283993503,Laura,,Northwest District,45.52818,-122.69663,Entire home/apt,,1,134,2025-11-23,2.11,2,2,22,20-210218-000-00-HO
45165226,Stylish Hawthorne 1BR w 90 WalkScore,146196024,1468435531635992384,Jeff,,Buckman,45.512481689453125,-122.6462631225586,Entire home/apt,,1,563,2025-11-23,8.83,6,349,69,16-265211-000-00-CO
45190185,Private Laurelhurst Studio With Hot Tub/Patio!,97856002,1462865810604483272,Andrew,,Laurelhurst,45.53119,-122.6203,Entire home/apt,,1,430,2025-11-17,7.03,1,267,60,24-003473-000-00-HO
45191294,Reed Residential Home - Modern Living • 4BR• 2.5BA,1978950,1462583253686993559,Spencer,,Reed,45.48925,-122.62653,Entire home/apt,,31,14,2025-10-04,0.22,1,216,3,
45239301,"2BR/2BA, Two Workspaces, Pets Ok, Espresso Machine",35334394,1465522027655143213,Sierra,,Foster-Powell,45.4953,-122.60088,Entire home/apt,,30,0,,,1,1,0,
45241064,"5min to Freeway, 15min to Airport/DT",29167392,1465429872875714694,Nam,,Montavilla,45.52726,-122.56563,Entire home/apt,,30,40,2025-08-18,0.68,2,365,1,
45269553,#StayInMyDistrict Buckman Spacious Modern Rowhouse,3142393,1462528276679400180,Amy,,Buckman,45.516624450683594,-122.64197540283203,Entire home/apt,,1,248,2025-11-09,3.90,21,164,32,24-020418-000-00-HO
45271882,Lovejoy | Heart of the NW | Guest Suite,215058058,1469126878214460992,Joshua,,Northwest District,45.53128,-122.70561,Entire home/apt,,2,103,2025-11-26,1.65,15,336,35,19-200679-000-00-HO
45296630,Portland Purple House 3,5707629,1462541952552930337,Arlene & Jeff,,Roseway,45.55120086669922,-122.59297180175781,Private room,,30,7,2021-07-11,0.11,3,0,0,
45344262,The Bluebell Casita,11609859,1462868815359116230,Rebecca,,Boise,45.55062,-122.67605,Entire home/apt,,1,128,2025-11-14,2.88,1,360,33,23-012241-000-00-HO
45356131,Enjoy your getaway in our retro chic basement apt!,26576587,1465369191866156225,Todd,,Richmond,45.500805,-122.622902,Entire home/apt,,30,22,2025-06-11,0.58,1,345,1,
45385809,Modern Designer Loft Studio,25354695,1465340731023904208,Meirion,,Pearl,45.53051,-122.68317,Entire home/apt,,30,10,2025-08-16,0.18,1,62,2,
45401640,30+ day stays at Sunnyside Hideaway!,2407869,1462524017177889706,Yvette,,Sunnyside,45.51727,-122.6325,Entire home/apt,,31,167,2025-09-16,2.69,2,5,1,24-013496-000-01-HO
45413851,Dionysian Gardens Suite,367272339,1469740627713189983,Don,,Piedmont,45.5794,-122.66946,Entire home/apt,,4,169,2025-11-30,2.72,1,6,38,21-083644-000-00-HO
45434846,Modern space in Historic Irvington Neighborhood,150524647,1468480278756793214,Adrian,,Irvington,45.53999,-122.65574,Entire home/apt,,2,204,2025-11-29,3.27,1,141,47,21-029035-000-00-HO
45457300,Renovated Home • Great Location • 3BR • Sleeps 6,115052133,1468183237236817297,Austin,,Hosford-Abernethy,45.505943298339844,-122.65748596191406,Entire home/apt,,1,257,2025-07-28,4.06,6,358,22,22-124671-000-00-CO
45485579,Spacious 2 Story Home Near Alberta,2233241,1462589688074580667,Fabricio,,King,45.56208,-122.65607,Entire home/apt,,1,72,2025-11-11,1.22,1,155,18,21-077258-000-00-HO
45508534,1br/1ba/W&D Cozy South Tabor Basement Apartment,10376990,1462838978596988284,Lena,,South Tabor,45.49864,-122.59342,Entire home/apt,,1,212,2025-11-23,3.76,1,221,30,21-058402-000-00-HO
45516508,Lively SE Kerns/Buckman Neighborhood,177026402,1468714458442391355,Katherine,,Buckman,45.52032,-122.63851,Entire home/apt,,2,203,2025-11-18,3.23,1,255,43,21-082969-000-00-HO
45521206,Portland's White House B&B - Abe & Mary,318184666,1469601797053343528,BIll,,Irvington,45.53701,-122.64151,Private room,,30,0,,,9,0,0,03-156205-000-00-LU
45521255,Portland's White House B&B - Ulysses & Julia,318184666,1469601797053343528,BIll,,Irvington,45.53739,-122.64381,Private room,,30,0,,,9,0,0,
45550231,"Waterfront Pearl , Awesome Views, w/Parking",27903183,1462642706697059981,Farid,,Old Town/Chinatown,45.53053,-122.67574,Entire home/apt,,30,11,2025-10-20,0.19,3,119,2,
45562734,"Bright, Clean & Spacious 2 Bed apt. Pets Welcome!",4901178,1462667952608821793,Christopher,,Woodstock,45.48373,-122.60904,Entire home/apt,,1,343,2025-11-25,5.46,4,330,67,20-133552-000-00-HO
45617837,Guest Unit in Walkable Sellwood,36094011,1465536072646384831,Matthew,,Sellwood-Moreland Improvement League,45.46534,-122.64642,Entire home/apt,,2,151,2025-11-23,2.76,1,33,34,19-219574-000-00-HO
45621583,Live Like a Local | Walkable Inner SE Portland,847543,1462531199217301111,Stephani,,Hosford-Abernethy,45.50139,-122.64809,Entire home/apt,,2,153,2025-10-27,2.54,5,346,31,24ASTR-PER-00032
45625003,Alberta Arts Private Flat • Cozy & Walkable,2479544,1462524458796557967,Stephanie,,Vernon,45.56151,-122.65184,Entire home/apt,,4,22,2024-12-01,0.35,1,365,0,18-136384-000-00-LU
45625194,Schitt’s Creek Themed - The RoseBud & Barkfest!,27168187,1462640073277252396,Timoney,,Sunnyside,45.5141,-122.61951,Entire home/apt,,2,222,2025-11-16,3.53,2,179,30,21-030599-000-00-HO
45636374,A cozy 2bedrooms unit in a dulplex.,191471402,1468994908280278100,Gerald,,Cully,45.56898,-122.61779,Entire home/apt,,30,3,2023-07-24,0.10,1,365,0,19-257677-000-00-HO
45658421,Alberta Retreat - Fire Pit & Driveway Parking!,137112232,1468363654674735702,Bailey,,King,45.56139,-122.65478,Entire home/apt,,2,211,2025-11-18,4.87,1,101,49,25ASTR-APP-00323
45673717,Casita Maria- Daylight Apartment,19298739,1463074801256104989,Molly,,University Park,45.58018,-122.71807,Entire home/apt,,6,17,2025-10-27,0.27,1,163,5,25ASTR-APP-00133
45773553,Color Splash - Fast WiFi - Heart of Hawthorne,193265498,1469005621885461740,Daniel,,Buckman,45.51257,-122.64006,Entire home/apt,,1,355,2025-11-23,5.67,5,318,40,21-011821-000-00-RS
45812832,Hawthorne/Division Gem,1096266,1462515914003978639,TaMAra,,Richmond,45.50762,-122.61677,Entire home/apt,,3,2,2020-11-15,0.03,5,0,0,17-178470-000-00-HO
45816517,NW Portland Studio,108866481,1467318616903326569,Zachary,,Northwest District,45.52578,-122.69519,Entire home/apt,,30,17,2024-11-17,0.27,2,335,0,
45850671,"Overlook Cottage, Upscale w/ Off-Street Parking!",180053286,1468738365177646216,Tom,,Overlook,45.553585052490234,-122.6845474243164,Entire home/apt,,2,126,2025-10-19,2.02,1,350,25,21-067811-000-00-HO
45860330,BlackBox  Luxurious historic restoration with 5 beds!,352768058,1469704818277103024,Mark & Celeste,,Kenton,45.58841,-122.70096,Entire home/apt,,2,264,2025-11-06,4.27,3,247,35,24-011486-000-00-HO
45869511,"The Bohemian Spirit - Live Music, Eateries, Bars",36435346,1465541268264295250,David,,Boise,45.553104400634766,-122.67577362060547,Entire home/apt,,1,410,2025-11-21,6.56,9,349,69,20-177674-000-00-CO
45896835,Mount Hood Views Await!,76621559,1466939502359305855,Edward,,West Portland Park,45.44185,-122.72051,Entire home/apt,,30,16,2025-03-31,0.27,1,327,1,
45959031,Riverview Retreat near Pearl District Long Stays,372581905,1469755782885676671,Alexi,,Old Town/Chinatown,45.53021,-122.67618,Entire home/apt,,31,14,2025-11-23,0.24,2,334,2,
46033556,Cozy bungalow in inner NE Portland,5772713,1462689200839377581,Anna,,Woodlawn,45.57214,-122.64684,Entire home/apt,,30,73,2024-01-01,1.57,1,1,0,
46067020,*Brand New Modern Woods Home,1839539,1462579757561799093,Adam,,Forest Park,45.58612,-122.80481,Entire home/apt,,30,2,2021-06-07,0.04,1,178,0,
46146460,Modern and Bright Laurelhurst Abode,5378497,1462540316056104728,Michael,,Laurelhurst,45.52044,-122.61889,Entire home/apt,,2,166,2025-11-16,2.75,1,211,32,21-031469-000-00-HO
46151721,The Launchpad: Tiny Home Heaven In SE Portland!,94681415,1462858462688890056,Jason,,Foster-Powell,45.49145,-122.59912,Entire home/apt,,30,213,2025-10-25,3.44,1,0,4,18-177853-000-00-HO
46154745,Happy Studio,244759635,1469298813097863676,Pham,,Centennial,45.51642688333036,-122.48413129553136,Private room,,30,3,2023-07-30,0.10,1,83,0,
46192896,Spacious Historic Home-Near Great Food & Shopping,147708508,1468448013404626277,Deborah,,Sunnyside,45.51859,-122.63182,Entire home/apt,,30,19,2025-08-31,0.31,4,247,1,
46197188,Guests Will Play While I'm Away,133290539,1468331808391808566,Davis,,Kenton,45.57954,-122.68814,Entire home/apt,,30,6,2023-06-20,0.10,1,263,0,
46202733,Charming metropolitan home  in Portland,349910377,1463505550142909379,Tony,,Montavilla,45.50671,-122.57327,Entire home/apt,,30,13,2025-02-15,0.22,1,151,1,
46236977,Riverfront Relaxation!,374441262,1469761548191614324,Pat,,East Columbia,45.6015,-122.66772,Entire home/apt,,1,213,2024-10-15,3.51,1,0,0,21-082925-000-00-HO
46278079,Beautiful Home Close to OHSU and South Waterfront!,30878885,1462653117408614347,Elizabeth,,South Portland,45.49665,-122.67506,Entire home/apt,,30,13,2025-08-17,0.22,3,269,2,
46279261,"FoPo Craftsman, Vintage Charm and Comfort",70801266,1466876279149099100,Erica,,Mt. Scott-Arleta,45.48501,-122.58604,Entire home/apt,,30,7,2023-08-28,0.12,1,0,0,
46314848,Cozy One Bedroom Condo NW/Pearl District,6604696,1462710661470951218,Sir Pho,,Northwest District,45.52759,-122.69217,Entire home/apt,,30,0,,,1,365,0,
46315610,Private Room (Single Bed) at NW Portland Hostel,2820851,1462609613388119680,Northwest Portland Hostel,,Northwest District,45.52684,-122.68856,Private room,,1,78,2025-11-23,1.30,8,346,26,52640
46374482,Historic Mississippi - Live Music & Local Shops,36435346,1465541268264295250,David,,Boise,45.553104400634766,-122.67577362060547,Entire home/apt,,1,311,2025-11-18,5.05,9,354,54,20-177674-000-00-CO
46471932,Division House,242195896,1469286129654830572,Joe,,Hosford-Abernethy,45.50597,-122.65476,Entire home/apt,,2,166,2025-11-30,2.82,1,110,31,21-027691-000-00-ho
46498351,"“DaHouse” any nurses in the NE area, short stay",182822950,1463079998619324714,Angela,,King,45.55322,-122.65966,Private room,,30,1,2022-11-02,0.03,1,0,0,
46516445,Chic & Simple Guest Suite | Explore Portland,847543,1462531199217301111,Stephani,,Hosford-Abernethy,45.50143,-122.64779,Entire home/apt,,2,142,2025-11-10,2.39,5,337,44,24ASTR-APP-00032
46568150,"Master Suite, Walk to Alberta Arts & Mississippi",33081979,1465484385718455676,Elsa,,King,45.55467,-122.65889,Private room,,1,363,2025-11-19,6.28,8,208,55,22-106173-000-00-HO
46602903,"Poppy House: Private, 1-BR in NE; Saltwater HotTub",376770709,1469768378603496878,Lisa,,King,45.55110168457031,-122.65592193603516,Entire home/apt,,2,180,2025-11-29,4.47,1,246,54,21-027840-000-00-HO
46608476,"Walkable Sanctuary near Shops, Dining & Downtown!",6416589,1462705894397411632,Adam John,,Humboldt,45.55469,-122.67633,Entire home/apt,,1,148,2025-11-09,2.47,6,352,44,14-226769-000-00-HO
46617145,Prime Location Townhome | Stylish & Comfortable,23862030,1465279678971706877,Grey,,Vernon,45.56495,-122.65151,Entire home/apt,,30,6,2025-08-31,0.14,1,243,2,
46625231,Historic St. Johns 1909 Farmhouse,2084230,1462585974581868374,Dave,,St. Johns,45.59644,-122.75333,Entire home/apt,,30,5,2021-09-06,0.08,1,269,0,
46628896,Light-Filled Modern Retreat | PDX Jan–Apr 2026,847543,1462531199217301111,Stephani,,Hosford-Abernethy,45.50308,-122.64627,Entire home/apt,,30,1,2023-04-08,0.03,5,89,0,
46696578,The Little Red Barn Retreat-Cozy & Relaxing Escape,58611997,1466702292391945516,Carmen,,Cully,45.55293,-122.60731,Entire home/apt,,30,139,2025-06-22,2.33,2,0,4,21-025001-000-00-HO
46715181,Alberta Arts Bungalow for Longer Stays (30+ days),8060830,1462748147196342699,David,,Sabin,45.55536,-122.64922,Entire home/apt,,30,24,2025-10-15,0.42,2,300,4,
46715977,Alberta Arts Studio for Longer Stays (30+ days),8060830,1462748147196342699,David,,Sabin,45.55682,-122.64952,Entire home/apt,,30,18,2025-09-05,0.31,2,218,4,
46734349,Cozy Nob Hill Apartment,33719325,1465493004306836697,Serena,,Northwest District,45.53189,-122.69991,Entire home/apt,,1,208,2025-11-27,4.02,1,342,46,21-067976-000-00-HO
46773912,WATERFRONT condo with private balcony with PARKING,95866386,1467154791473019786,Ben,,Old Town/Chinatown,45.52683,-122.67284,Entire home/apt,,30,8,2025-08-09,0.14,1,173,1,
46798301,Cozy Guesthouse in Quiet Neighborhood,18607098,1463057585019142713,Ted,,Rose City Park,45.54434,-122.61045,Entire home/apt,,30,52,2023-10-29,0.97,1,0,0,
46819929,Peaceful Studio Cottage,45404378,1465673885322208791,Noa,,Portsmouth,45.5891,-122.72306,Entire home/apt,,1,61,2025-11-09,1.01,4,82,16,24ASTR-PER-00263
46895510,Cozy Oasis,2054100,1462585198510064668,Lexi,,Mt. Scott-Arleta,45.482727353826235,-122.59198518835731,Entire home/apt,,2,62,2023-10-09,1.15,1,269,0,24ASTR-PER-00223
46965190,Modern 1 Bedroom Apartment - Min 30 day stay,1237783,1462540481202813874,Cass,,Richmond,45.49872,-122.63321,Entire home/apt,,30,25,2025-11-01,0.43,1,320,7,
46971277,"Skinny house in N. Portland, 1/2 block from park!",32095394,1465471483204870560,Angela,,Kenton,45.58254,-122.69482,Entire home/apt,,2,7,2024-11-03,0.12,1,0,0,24ASTR-PER-00373
47120722,The Little Tower - Local Vintage Shops & Eateries,193265498,1469005621885461740,Daniel,,Buckman,45.51252,-122.64006,Entire home/apt,,1,358,2025-11-23,5.95,5,282,43,21-011814-000-00-RS
47124122,1BR cottage in wonderful St. Johns,879106,1462532107106299598,Jeremy,,Cathedral Park,45.59409,-122.76114,Entire home/apt,,80,9,2024-08-31,0.16,1,0,0,
47145105,Private Over Size in New House,380057237,1463567339057295367,Yon,,Montavilla,45.51517,-122.57897,Private room,,31,60,2024-09-30,1.01,6,242,0,
47173524,NW Portland's Finest,306295610,1469566261409363568,Bryan,,Northwest District,45.53432,-122.70249,Entire home/apt,,30,1,2025-08-04,0.24,2,89,1,
47207122,private room,380057237,1463567339057295367,Yon,,Montavilla,45.51707,-122.57846,Private room,,31,74,2025-07-10,1.25,6,307,3,
47308618,THE BEST Portland Location! Hip Foodie Central,29629823,1462648774894942572,Sarah,,Richmond,45.50888,-122.62523,Entire home/apt,,2,105,2025-10-20,1.89,1,24,28,25ASTR-APP-00129
47362022,Huge Luxury Home with huge Deck near Powell Butte,382375965,1469783056574299276,Yuriy,,Powellhurst-Gilbert,45.4852,-122.51521,Entire home/apt,,3,13,2024-07-17,0.24,2,362,0,20-151846-151-20-LU
47362049,Kerns Neighborhood Cottage with Sauna,382376559,1469783058064034624,Neha,,Kerns,45.52097,-122.63611,Entire home/apt,,2,240,2025-11-23,4.08,1,311,44,19-265485-000-00-HO
47455439,New Daylight Basement Apt for Short or Long Stays!,6297763,1462702899974972069,Katie,,King,45.56078,-122.66309,Entire home/apt,,60,12,2024-02-20,0.29,1,179,0,22-105154-000-00-HO
47490602,Luxury Townhouse 91 Walkscore 92 Bikescore!,68945849,1466852429439429233,Christopher,,Eliot,45.5465,-122.6709,Entire home/apt,,30,9,2022-06-27,0.15,1,0,0,
47515983,Modern 4BR • Alberta Arts • WalkScore 99,111039325,1467342399420499798,Chase,,Vernon,45.55963897705078,-122.64653015136719,Entire home/apt,,1,241,2025-11-16,4.08,2,349,23,21-010582-000-00-RS
47564484,Delightful Creative Oasis in Prime Location!,153163152,1487931422660354574,Katelin,,Concordia,45.56647,-122.62982,Entire home/apt,,3,144,2025-11-29,2.46,1,258,24,21-082956-000-00-HO
47567322,Steps away from Wilshire Park!,1588473,1462562457348073761,Kate,,Beaumont-Wilshire,45.55103,-122.63006,Entire home/apt,,30,32,2023-09-04,1.04,1,0,0,
47582540,Beautiful townhome on bike trail with river views,120448545,1468225601638753908,Susan,,South Portland,45.47193,-122.66982,Entire home/apt,,2,211,2025-11-24,3.62,1,243,41,21-085214-000-00-HO
47707533,Modern Cozy Bungalow | Walk to Division + Mt Tabor,18137420,1463037055106877730,Sarah,,Richmond,45.50014,-122.6111,Entire home/apt,,2,104,2025-11-18,1.85,2,147,47,21-079240-000-00-HO
47717464,Modern Gem 3BR & 2 baths,15284638,1462593519360284069,Marlena,,Brentwood-Darlington,45.474503,-122.605972,Entire home/apt,,30,5,2023-03-26,0.10,1,0,0,
47730668,"Quiet central home w/hot tub, king bed, fireplace",1501859,1462547554386812187,Belinda,,Buckman,45.51449,-122.65334,Entire home/apt,,30,21,2025-10-15,0.37,1,39,4,
47732938,Patio Villa for 1-4 w/ kitchens & gas firepit,6946676,1462719538371110706,Scott,,Humboldt,45.55827331542969,-122.66529846191406,Entire home/apt,,2,4,2022-07-22,0.07,5,26,0,17-182673-000-00-HO
47738338,Chill Room $800/M No cleaning fee No tax,96243932,1467159289575269333,Hussam,,Hazelwood,45.52642,-122.53304,Private room,,30,5,2023-08-30,0.09,4,356,0,
47757886,B House NW PDX Hillside w/sauna & Mt Hood view,195673,1462512354498296857,Alison,,Hillside,45.53069,-122.71029,Entire home/apt,,30,25,2025-10-25,0.43,1,323,4,
47758484,Cozy 1 Bedroom Guest Suite in Great Location,20171998,1463100831865571273,Christopher,,Concordia,45.57155,-122.63387,Entire home/apt,,2,62,2025-11-29,1.06,1,269,24,21-031513-000-00-HO
47773612,Modern Luxe Loft on the Hawthorne Strip,13282596,1462907696732155788,Sarah,,Sunnyside,45.51256,-122.63412,Entire home/apt,,2,200,2025-11-30,3.39,1,340,41,21-068688-000-00-HO
47779834,Riposo: A private artistic getaway,1822800,1462520590501973563,Astrid,,King,45.55971,-122.66257,Entire home/apt,,2,53,2025-11-28,0.90,1,354,12,20-135457-000-00-HO
47800831,Beautiful Mod 2 Bedroom Suite in SE Portland,283266891,1469484926695788349,Madeline,,Richmond,45.50354,-122.63095,Entire home/apt,,30,16,2025-02-16,0.28,1,337,1,
47820771,Historic Charm • Modern Comfort • Spacious • 3BR,118237877,1468208123743315919,Connor,,Eliot,45.54209518432617,-122.66214752197266,Entire home/apt,,1,273,2025-11-10,4.75,6,329,27,21-073012-000-00-CO
47832547,Northeast Bungalow Private Room,23866529,1462626954622180042,Briana,,Madison South,45.53408,-122.56685,Private room,,30,37,2023-09-06,0.81,1,0,0,
47833897,Comfortable room on main floor w/desk and FireTV,8587273,1462565746278564772,Kanchan Shriram,,St. Johns,45.5907,-122.74724,Private room,,30,9,2025-05-31,0.18,4,327,2,
47845531,Cozy Guest Cottage in Woodstock Neighborhood,172940497,1468678290888225273,Amy,,Woodstock,45.486855,-122.617455,Entire home/apt,,1,555,2025-11-30,9.41,1,236,113,20-209564-000-00-HO
47920917,Waterfront living in the heart of PDX!,156222385,1468524597944967198,Chelsie,,Old Town/Chinatown,45.52648,-122.67072,Entire home/apt,,30,14,2025-01-02,0.25,1,147,1,
47952571,Cozy Studio Apartment in Prime Location!,31289780,1465460316663115416,Paul,,Northwest District,45.52464,-122.68712,Entire home/apt,,30,91,2025-04-24,1.57,2,359,1,
47964109,Centrally-located 1-bedroom escape in NE,7758368,1462740456029707911,Jake,,Hollywood,45.53683,-122.62386,Entire home/apt,,2,253,2025-11-11,4.39,1,240,54,25ASTR-APP-00103
48028611,Overlook/Modern condo w/private entry-yard-patio,36813422,1465548463822433443,Brian,,Overlook,45.56223,-122.69775,Entire home/apt,,2,85,2025-11-30,1.47,1,243,15,24-000573-000-00-HO
48032415,Private Oasis! Cozy & Close to Everything!,387205363,1469797710329520614,Gracie,,Richmond,45.50633,-122.61689,Entire home/apt,,1,176,2025-11-01,3.02,1,351,27,21-041425-000-00-HO
48070870,D-Street Hideaway,4195708,1462534154007045566,Aaron,,Richmond,45.50312,-122.62249,Entire home/apt,,2,282,2025-11-13,4.96,1,222,30,21-031377-000-00-HO
48081718,Idyllic NE. Porland Nest,61310355,1466754627558470064,Thomas,,Concordia,45.561702728271484,-122.63465118408203,Entire home/apt,,4,26,2025-09-12,0.46,4,0,14,24-016645-000-00-HO
48160008,A refuge in the heart of Alberta Arts District,53371324,1465867266101095558,Laura,,Vernon,45.56079,-122.64315,Entire home/apt,,31,15,2025-08-27,0.30,1,241,4,
48167472,Cathedral Park townhome with Porch!,19354543,1463076876692856560,Megan,,Cathedral Park,45.58761,-122.75557,Entire home/apt,,1,103,2025-11-30,1.84,1,50,27,21-031361-000-00-HO
48227215,Renovated Large 2 Bed / 2 Bath in neighborhood,8680367,1462773603258153746,Michael,,Richmond,45.49934,-122.63472,Entire home/apt,,30,0,,,9,365,0,
48227530,Casa del Sol - Walk to Alberta Arts District,221421926,1469170152876833747,Descansa Property,,Concordia,45.55796,-122.63412,Entire home/apt,,1,130,2025-08-10,2.25,19,193,6,24ASTR-PER-00115
48230974,Massive 7BR - Nob Hill - NW 23rd - Sleeps 14,88253867,1467059947580489724,Jordan,,Northwest District,45.52370071411133,-122.6971664428711,Entire home/apt,,1,70,2025-10-13,1.26,15,349,5,18-256850-000-00-CO
48231531,"Hawthorne Heights, fam-friendly (no cleaning fee)",45217575,1465671131115588098,Joel,,Mt. Tabor,45.51220703125,-122.60918426513672,Entire home/apt,,2,208,2025-11-10,3.90,5,301,55,24-018799-000-00-HO
48231783,"Cozy, Stylish Bungalow w/ Fireplace & Full Kitchen",389142726,1469803736112651706,Jeff,,Irvington,45.5362,-122.64465,Entire home/apt,,1,443,2025-11-26,7.63,1,30,109,23-071877-000-00-HO
48234094,"Cozy So Burlingame 2 bdrm. Close to I-5, OHSU, L&C",201594889,1463143971309881453,David,,South Burlingame,45.46627,-122.68778,Entire home/apt,,30,11,2025-02-04,0.20,3,104,2,
48304863,Bright & Cozy Burrage House,51037323,1465792099754085185,Adam,,Arbor Lodge,45.56957,-122.69568,Entire home/apt,,2,128,2025-11-29,2.27,2,2,23,19-218091-000-00-HO
48324926,Casa Daté - Modern SE basement apartment,1679756,1462519665360698760,Kate,,Hosford-Abernethy,45.5086,-122.63739,Entire home/apt,,2,60,2023-10-08,1.09,1,0,0,21-082255-000-00-HO
48351661,PDX Private Walkable Apt w Full Kitchen/Laundry,59218361,1466713350436951027,Wanda,,Eliot,45.53619,-122.65986,Entire home/apt,,5,64,2025-11-05,1.46,1,206,12,21-082271-000-00-HO
48379942,Charming St. John's Craftsman Bungalow,8777676,1462786744136648487,Amanda,,St. Johns,45.59342,-122.75729,Entire home/apt,,30,9,2024-01-21,0.16,1,0,0,
48382659,"Modern Flat • Heart of NW 23rd, 1 bedroom/sleeps 4",9929351,1462827283062244593,Jennifer,,Northwest District,45.52749,-122.69668,Entire home/apt,,2,77,2025-09-02,1.46,1,91,6,21-046924-000-00-HO
48395581,Studio Cairo - New Roseway Dog Friendly Rental,378229923,1469772430803452520,Lori,,Roseway,45.54645,-122.59369,Private room,,30,0,,,1,89,0,
48402404,"A comfy, modern studio next to Mississippi Avenue.",31051978,1465456984951785095,Heidi,,Humboldt,45.557,-122.67318,Entire home/apt,,2,187,2025-11-15,3.27,1,351,21,24-016139-000-00-HO
48404757,Bright and Cozy NEPDX Suite,36568283,1465544705198191726,Donald,,Concordia,45.5605,-122.62751,Entire home/apt,,1,445,2025-11-18,7.70,1,337,115,21-082903-000-00-HO
48437025,Backyard Studio Hideaway - ECO FRIENDLY!,247400,1462513690511368099,Gretchen,,Brentwood-Darlington,45.4648,-122.58495,Entire home/apt,,2,151,2025-10-03,2.66,1,31,24,25ASTR-APP-00070
48452391,"Mystic Walk to Alberta Arts, Williams, Mississippi",33081979,1465484385718455676,Elsa,,King,45.55512,-122.65878,Private room,,1,334,2025-11-16,5.78,8,208,54,22-106173-000-00-HO
48452803,Cherry Wi-Fi Walk to 100+ food coffee bars transit,33081979,1465484385718455676,Elsa,,King,45.55483,-122.66107,Private room,,30,105,2024-11-12,1.82,8,93,0,
48465200,Grand & Stylish SE Portland home in Mt. Tabor,380632805,1469777988636986105,Richard,,Mt. Tabor,45.51612,-122.59918,Entire home/apt,,5,71,2024-10-14,1.23,1,34,0,21-080052-000-00-HO
48547413,Newly Remodeled Modern 1 BR in Alberta Arts,354325027,1469708303139350084,Tara,,Alameda,45.55469,-122.63975,Entire home/apt,,2,279,2025-11-15,4.87,1,348,41,24-006037-000-00-HO
48661212,Luxury Home • Great Location • 4BR • Sleeps 12,286367128,1469495735625296927,Kevin,,King,45.556800842285156,-122.66228485107422,Entire home/apt,,1,276,2025-11-16,4.81,5,333,37,21-103045-000-00-CO
48664989,Private Studio in Overlook Park,1631848,1462563602645514156,Brandon,,Overlook,45.55471,-122.68291,Entire home/apt,,3,62,2025-11-03,1.49,3,0,15,21-072526-000-00-HO
48676845,Super Large Centrally located house,258045340,1469363398186426816,Luay,,South Portland,45.50383,-122.676125,Entire home/apt,,30,132,2025-09-01,2.60,2,338,8,24-004029-000-00-RS
48680618,Classic Portland 1920s 2 bedroom bungalow,9668663,1462820148583030006,Tiffany,,Madison South,45.54821,-122.57703,Entire home/apt,,31,9,2025-07-04,0.16,1,156,1,
48717925,Avail now! Spacious Woodstock Dream Home &King Bed,83848664,1467014252339674784,Michael,,Woodstock,45.47902,-122.6056,Entire home/apt,,30,17,2025-09-01,0.31,1,249,1,
48739618,Spacious 4BR Family Home in Portland M#41001,126824075,1462932282414455753,Yongxiang,,Northwest Heights,45.53779,-122.76943,Entire home/apt,,30,1,2024-05-31,0.05,5,365,0,
48754626,Freshly Renovated 2BD in Classic Portland Bungalow,6591194,1462710300851191992,Erin,,Sunnyside,45.51275,-122.63088,Entire home/apt,,2,195,2025-11-24,3.41,1,250,11,21-068850-000-00-HO
48770826,Designer owned home on Vibrant Williams Avenue,393441074,1469816896385702394,Don,,Boise,45.55345,-122.66747,Entire home/apt,,2,216,2025-11-21,3.84,2,265,36,22-203090-000-00-LU
48808806,Charming 1909 St Johns Bungalow,221421926,1469170152876833747,Descansa Property,,St. Johns,45.59392,-122.74637,Entire home/apt,,1,152,2025-10-14,2.70,19,352,10,17-282468-000-00-HO
48851090,★  Modern Division Street Hideout ★,50062892,1465765183692186935,Mackenzie,,Richmond,45.50584,-122.63023,Entire home/apt,,2,125,2025-10-27,2.23,1,330,16,21-030561-000-00-HO
48898790,Luxe Dutch Colonial in the Heart of Laurelhurst,35082631,1462667521877391471,Ann,,Laurelhurst,45.52992,-122.62509,Entire home/apt,,2,201,2025-05-28,3.55,2,30,14,19-105272-000-00-HO
48921368,Patio w/ fire pit home ✶ 10min to DT → Has it all!,394600132,1463601579820680757,Hannah,,West Portland Park,45.44424,-122.72502,Entire home/apt,,2,72,2025-11-19,1.48,1,356,18,22-125050-000-00-HO
48936189,Desirable Studio in the Streetcar Lofts,158074447,1468540422411831312,Sarah,,Pearl,45.53156,-122.68289,Entire home/apt,,60,15,2025-11-03,0.29,14,321,3,
48979035,"All NEW, Modern Guesthouse in North Portland!",7092501,1462723249063903363,Courtney,,Kenton,45.57783,-122.69972,Entire home/apt,,30,148,2025-05-24,2.70,1,335,1,
48982663,✦ Gorgeous Home w. Jetted Tub & Steam Shower ✦,1218855,1462516662396332678,Suja,,Irvington,45.54351,-122.65543,Entire home/apt,,1,5,2021-07-18,0.09,7,0,0,17-144440-000-00-ho
48985082,"Walkable to Alberta Arts District, Single Level",62261998,1462750061747177206,ITrip Vacations,,Woodlawn,45.56744,-122.64737,Entire home/apt,,2,47,2025-11-03,0.91,19,328,11,19-255448-000-00-LU
49013815,Sunny Buckman Studio • Walk to Food & Coffee,187761372,1468972369410644224,Bob Scott,,Buckman,45.52021026611328,-122.65282440185547,Entire home/apt,,1,430,2025-11-10,7.73,6,343,74,18-161189-000-00-HO
49016667,Recently Built 1BR Unit in trendy Vernon/Alberta,3139720,1462620067269080678,Nick,,Vernon,45.56218,-122.64788,Entire home/apt,,3,107,2025-11-28,1.90,1,112,23,24-024702-000-00-HO
49017087,Minka's Manor | Walkscore of 92 + Bikescore 100,14970082,1462951164224253632,Graham,,Humboldt,45.55525,-122.67494,Entire home/apt,,30,212,2024-12-21,3.75,4,309,1,Exempt
49029576,The Kennedy School Consulate,5970172,1462694223130537233,Dorothy,,Concordia,45.56322,-122.63211,Entire home/apt,,2,95,2025-09-14,1.68,2,365,15,24-011711-000-00-HO
49055912,The Haseman House,4322400,1462653708612648591,Erin Grey,,Eliot,45.54655,-122.66421,Entire home/apt,,1,160,2025-10-27,2.87,1,237,25,18-127565-000-00-LU
49063029,Micro studio in Alberta arts district,61310355,1466754627558470064,Thomas,,Concordia,45.56143,-122.63559,Private room,,4,34,2025-10-13,0.60,4,21,2,24-016645-000-00-HO
49076674,Charming Woodstock Tiny Home,237270930,1469262596808019045,Tahlia,,Brentwood-Darlington,45.4746,-122.61396,Entire home/apt,,90,85,2025-03-07,2.24,1,305,5,24-016999-000-00-HO
49078310,Cheerful 2 Bed (+ Bonus Rm) 2 1/2 Bath Modern Home,10593145,1462844691992039040,Monique,,Portsmouth,45.59456,-122.7196,Entire home/apt,,30,13,2022-05-08,0.28,1,0,0,
49078347,"Quirky Micro Apt - Foodies, Artists, Coffee",193265498,1469005621885461740,Daniel,,Buckman,45.51256,-122.64006,Entire home/apt,,1,333,2025-11-17,5.88,5,357,27,21-011821-000-00-RS
49112878,Monthly Rental - NW Studio w/ A View,221421926,1469170152876833747,Descansa Property,,Northwest District,45.52297,-122.68787,Entire home/apt,,30,6,2025-08-16,0.11,19,205,1,
49112883,The Hawthorne Hideaway,221421926,1469170152876833747,Descansa Property,,Sunnyside,45.5138,-122.62212,Entire home/apt,,1,143,2025-09-30,2.55,19,268,6,17-112215-000-00-HO
49117607,Oswego Empty Nest,396155463,1469825438883776154,Robert,,Arnold Creek,45.43612,-122.69952,Entire home/apt,,2,147,2025-12-01,2.90,1,317,32,25ASTR-PER-00082
49127182,"Carriage House~Urban Haven, Unique Eclectic Charm",9065073,1462794029935067829,Gary,,Overlook,45.555259704589844,-122.68392944335938,Entire home/apt,,30,80,2024-06-11,1.42,1,177,0,16-155131-000-00-HO
49128804,Verdant Loft - Travel Home,13107606,1462903259175080953,Bob And Hilda,,King,45.56525,-122.65575,Entire home/apt,,2,267,2024-07-12,4.79,2,0,0,21-030598-000-00-HO
49131200,Garden Flat: Stunning Scandinavian-Style Retreat,1919627,1462581755249167248,Rob,,Hosford-Abernethy,45.50321,-122.64243,Entire home/apt,,4,48,2025-11-29,1.06,1,304,9,24-013056-000-00-HO
49158293,"Modern, immaculate, waterfront Pearl Condo PDX",15385820,1462961109155858348,Scott,,Pearl,45.532,-122.67953,Entire home/apt,,90,5,2024-12-08,0.10,1,63,1,
49187946,Kenton Hotel - Columbia Suite 1,396682935,1469827044817035406,Cliff,,Kenton,45.58243,-122.68467,Private room,,30,8,2021-05-21,0.14,1,0,0,
49193906,"Great Location, Walk to everything! 10 min to DT!",60624037,1466746686377357128,Eric,,Lloyd District,45.53436,-122.65656,Entire home/apt,,30,6,2025-09-19,0.11,2,334,2,
49196317,The Highland Rose Retreat Awaits You and Yours,158074447,1468540422411831312,Sarah,,Sylvan-Highlands,45.51294,-122.73567,Entire home/apt,,30,7,2025-09-20,0.14,14,120,1,
49217230,Cottage in the trees,7749342,1462740211812761721,Cara,,Brentwood-Darlington,45.4683,-122.58221,Entire home/apt,,3,94,2025-10-27,1.68,1,257,14,21-058430-000-00-HO
49229089,Mt. Tabor Garden Retreat with hot tub & sauna,42642669,1462691217684579788,Sarah F.,,Mt. Tabor,45.51691,-122.60707,Entire home/apt,,2,72,2025-08-25,1.34,1,65,6,21-044499-000-00-HO
49240825,Heart of SE Portland,2188267,1462588630995757779,Aaron,,Sunnyside,45.51355,-122.62152,Entire home/apt,,30,5,2022-07-31,0.09,1,0,0,
49244342,"Far Out Cottage, away from city riffraff",58056821,1466695865321424831,Annie,,Forest Park,45.601,-122.83286,Entire home/apt,,2,158,2025-10-19,2.83,2,257,21,21-018967-000-00-HO
49262762,Midcentury Case Haus,35707376,1465527459868492128,Lara,,Concordia,45.57165,-122.62512,Entire home/apt,,30,9,2025-08-15,0.17,1,280,3,
49273485,Pearl river view condo with spa,4431797,1462657321245251803,Anita,,Old Town/Chinatown,45.52902,-122.67435,Entire home/apt,,30,7,2025-08-31,0.17,1,106,1,
49278231,"1BR - Walk to Coffee, Brews & NW 23rd Shops",33606696,1465491525895151478,Hayden,,Northwest District,45.53424072265625,-122.6990737915039,Entire home/apt,,1,356,2025-11-20,6.33,11,352,43,21-027792-000-00-CO
49320514,Historic Portland House,397878148,1469830588005671223,Rebecca,,South Portland,45.50324,-122.68041,Private room,,30,42,2021-12-12,0.75,1,0,0,
49360055,NE PDX 2Bed 1Bath w/Den Newly Furnished Apartment!,236175312,1463251239856125286,Allison,,Piedmont,45.57128,-122.66482,Entire home/apt,,1,370,2025-11-28,6.67,1,266,46,21-053508-000-00-HO
49365778,Hawthorne Happiness,15691945,1462968353570110873,Bryce,,Richmond,45.51095,-122.61432,Entire home/apt,,30,7,2021-10-25,0.13,1,0,0,
49367412,The Art Deco Lounge - 95 WalkScore - Live Music,36435346,1465541268264295250,David,,Boise,45.553104400634766,-122.67577362060547,Entire home/apt,,1,290,2025-11-07,5.18,9,330,75,20-177674-000-00-CO
49390590,Modern Luxury & Convenience in Serene Forest,212832096,1463189352542088927,Priscilla,,Northwest Heights,45.54551,-122.76987,Entire home/apt,,2,100,2025-11-02,1.82,1,336,12,24-003489-000-00-HO
49401898,"Excellent Location, Close to Parks, Single Level",62261998,1462750061747177206,ITrip Vacations,,Woodstock,45.48707,-122.61158,Entire home/apt,,2,64,2025-11-21,1.14,19,350,12,19-185102-000-00-HO
49420291,Cozy Bungalow - Walkable to Dekum St & food carts,229783607,1469224807008850637,Reed,,Woodlawn,45.56963,-122.65975,Entire home/apt,,30,9,2022-02-28,0.16,1,0,0,
49437297,Historic Goose Hollow  Guest Suite,33002914,1465483351725394845,Alison,,Goose Hollow,45.5198,-122.69547,Entire home/apt,,2,128,2025-06-11,2.33,1,0,8,20-197401-000-00-HO
49445408,"Luxe Apartment! 95 walk score, Laundry, Patio!",37422309,1462675210656722042,Peter,,Boise,45.55091979109749,-122.66498218010146,Entire home/apt,,2,181,2025-10-22,3.30,9,66,31,21-080714-000-00-HO
49484215,KEX Portland-Standard King Ensuite,325943042,1469621545612614779,Heather,,Kerns,45.52345,-122.66269,Private room,,1,3,2022-08-24,0.06,10,334,0,07296
49487424,Boho-Chic Studio Cottage + Portland Experience,4159806,1462649046464743861,David,,Cully,45.55809,-122.60201,Entire home/apt,,1,4,2025-03-09,0.42,1,0,4,24-013737-000-00-HO
49535542,Woodlawn Artist’s Cottage,12183426,1462881959682383444,Catherine,,Woodlawn,45.57472,-122.65461,Entire home/apt,,30,13,2025-10-01,0.24,1,55,3,
49554938,Urban Chic Apartment in the Alberta Arts District,375827199,1463559237059710676,J,,King,45.556,-122.65386,Entire home/apt,,30,65,2024-01-19,1.17,1,365,0,
49597718,Charming Home in Sellwood  3BR/2Ba Long Stays,372581905,1469755782885676671,Alexi,,Sellwood-Moreland Improvement League,45.46725,-122.64982,Entire home/apt,,31,14,2025-06-30,0.26,2,264,2,
49666797,"Zen Den- Studio:
Outdoor Hot or Cold Soak & Sauna",158406511,1463003165773156555,Joshua,,Richmond,45.50841,-122.63057,Entire home/apt,,2,117,2025-11-03,2.79,1,8,33,18-117523-000-00-HO
49710323,Million Dollar Downtown View Private Luxury Suite,90876848,1462849927152103786,Yls,,Pleasant Valley,45.471279,-122.541557,Entire home/apt,,5,39,2025-07-26,0.71,4,61,1,21-031443-000-00-ho
49716474,Cozy Studio In NE PDX (Cully/Beaumont-Wilshire),15880952,1462972885525910781,Daniel,,Cully,45.55583,-122.60789,Entire home/apt,,2,516,2025-11-17,9.30,1,221,104,21-080327-000-00-HO
49717790,Modern One Bedroom in North Portland,2830008,1462609924076545130,Katie J,,Overlook,45.56318,-122.68817,Entire home/apt,,3,27,2025-02-10,0.51,1,0,1,21-082260-000-00-HO
49739224,Alberta arts studio with unique cafe downstairs,396146761,1487970072744642031,Rachel,,Concordia,45.56244,-122.63573,Private room,,4,8,2024-06-22,0.14,1,0,0,24-016645-000-00-HO
49739487,Comfy Alberta Arts Live/ Work Space,61310355,1466754627558470064,Thomas,,Concordia,45.56089,-122.63417,Private room,,4,10,2025-10-14,0.34,4,21,1,24-016645-000-00-HO
49772920,Buckman Bliss- Quiet Oasis Near Portland's Pulse,338853836,1469659954388383094,Armon,,Buckman,45.521080017089844,-122.65284729003906,Entire home/apt,,1,332,2025-11-22,6.00,1,296,35,24-010843-000-00-HO
49777436,Hawthorne Hale - Ohana,98199385,1467181762276280746,Samuel,,Richmond,45.5108,-122.63203,Entire home/apt,,3,111,2025-11-20,2.07,3,258,39,24ASTR-PER-00260
49812482,The Fox Den—Stylish Parkside Studio,16835758,1462599431625200967,Ashley,,Irvington,45.54811,-122.65477,Entire home/apt,,2,136,2025-11-16,2.47,1,162,28,21-082863-000-00-HO
49812801,Stunning 60s-70s Retro Apartment,401737101,1469842789974873528,Patricia Adrianne,,Brentwood-Darlington,45.46536,-122.59263,Entire home/apt,,2,156,2025-11-08,2.85,1,348,28,22-167414-000-00-HO
49813450,Hawthorne Hale - Skylit Attic,98199385,1467181762276280746,Samuel,,Richmond,45.51135,-122.63211,Private room,,3,121,2025-11-21,2.20,3,87,18,24ASTR-PER-00260
49816474,Marguerite's Cottage Multnomah Village Portland OR,91978403,1467110958986617749,Carol,,Multnomah,45.47527,-122.71107,Entire home/apt,,2,188,2025-11-29,3.45,1,105,38,21-050264-000-00-HO
49861953,SE Portland Cottage in the City,367109006,1469740197282417701,Jordan,,Richmond,45.50089,-122.62193,Entire home/apt,,1,180,2025-11-01,3.59,2,351,48,24-012515-000-00-HO
49874678,Cozy Bungalow in Historic Homestead Neighborhood,161426342,1468570955066277698,Lucas,,Homestead,45.49105,-122.68047,Entire home/apt,,1,134,2024-09-08,2.46,1,73,0,23-112165-000-00-HO
49877682,"Modern & Chic, Set Up For traveling nurses",26808667,1465382900492538572,Derrick,,Woodlawn,45.573,-122.65706,Entire home/apt,,5,13,2025-11-15,0.37,1,177,4,21-083407-000-00-HO
49882704,Spacious High-Ceiling Studio Near Mt Tabor,18137420,1463037055106877730,Sarah,,Richmond,45.50032,-122.60905,Entire home/apt,,30,24,2025-05-06,0.49,2,66,2,21-079240-000-00-HO
49907060,Enchanting Cottage in Woodstock,4139648,1462648463731020143,Marcia Lynn,,Woodstock,45.4814,-122.61415,Entire home/apt,,1,15,2025-11-30,0.63,4,345,4,20-101176-000-00-HO
49924137,Monthly Rental - Stylish 2BR in SE Ladd',221421926,1469170152876833747,Descansa Property,,Hosford-Abernethy,45.50782,-122.65072,Entire home/apt,,30,6,2025-08-30,0.11,19,256,1,
49978833,Garden Guest Suite,9423242,1462813793458484073,Adam,,Piedmont,45.5787,-122.67215,Entire home/apt,,4,3,2025-05-21,0.06,2,0,1,17-122395-000-00-HO
50000480,Modern Eastside Studio close to I205,403237817,1469847939509923766,Ron,,Powellhurst-Gilbert,45.50011,-122.5416,Entire home/apt,,2,83,2025-11-07,1.59,1,171,19,22-103872-000-00-HO
50031321,Epic record collection & hot tub in bright home,368663,1462516751249323889,Taylor,,Hosford-Abernethy,45.5054,-122.64317,Entire home/apt,,3,108,2025-11-16,2.24,1,248,24,20-130684-000-00-HO
50048204,Melrose Place,306295610,1469566261409363568,Bryan,,Northwest District,45.53518,-122.70602,Entire home/apt,,1,222,2025-12-01,4.15,2,247,49,24-010174-000-00-HO
50050810,Beautiful 2-Bed 2-Bath Guest House in Alberta,1766073,1462577853115186487,Svetha,,King,45.5558,-122.65455,Entire home/apt,,30,47,2025-05-31,0.86,1,216,3,
50052706,Private guest house in the heart of Portland,20045488,1462611589025564176,Negar,,Montavilla,45.52712,-122.5876,Entire home/apt,,3,117,2025-12-01,2.25,1,76,38,21-082915-000-00-HO
50087111,#StayinMyDistrict Buckman Open Loft-Style Townhome,314503963,1469592747545254064,Amy,,Buckman,45.51661682128906,-122.64197540283203,Entire home/apt,,1,271,2025-11-16,4.95,1,171,38,22-190940-000-00-HO
50089324,"Remodeled, Quiet, Safe, Walkable, Bikable, Comfort",410009654,1469871546085370887,Kenny,,Rose City Park,45.53408286175004,-122.61374138060783,Entire home/apt,,30,2,2021-11-26,0.04,11,156,0,
50098330,Upscale Craftsman Nomad Retreat- Alberta Arts,501715,1462520075273747735,Teresa,,Sabin,45.55702,-122.64943,Entire home/apt,,30,8,2025-11-15,0.15,10,337,4,
50132077,"Sunshine Suite: Walkable, Sun Room, Quiet Street",410009654,1469871546085370887,Kenny,,Rose City Park,45.53528921590013,-122.61389322435363,Entire home/apt,,31,8,2025-08-08,0.17,11,355,1,
50196569,Lovely Ladds Addition Garden Suite,7883814,1462743682574200186,Lee,,Hosford-Abernethy,45.50784,-122.64842,Entire home/apt,,3,41,2025-10-01,0.76,1,116,6,19-207115-000-00-HO
50210782,30 day stay w/ parking and centrally located!,2407869,1462524017177889706,Yvette,,Sunnyside,45.51611,-122.63402,Entire home/apt,,31,110,2024-10-01,2.03,2,0,0,24-013496-000-01-HO
50212157,BRIGHT COTTAGE STYLE APARTMENT | ON BELMONT,1185199,1462539152985238352,Kathryn,,Sunnyside,45.51745,-122.62205,Entire home/apt,,31,80,2025-10-18,1.47,1,252,3,
50241524,Sellwood-Westmoreland Urban Guesthouse,405603990,1463626355029240925,Jeremy David,,Sellwood-Moreland Improvement League,45.47233,-122.64614,Entire home/apt,,3,90,2025-07-22,1.72,1,17,12,22-117872-000-00-HO
50248316,"Bright, Private & Cozy with Yard",78142863,1466957264394792223,Stephanie,,Lents,45.48581190816124,-122.57441030784686,Entire home/apt,,1,226,2025-11-30,8.15,1,309,72,22-206667-000-00-HO
50260406,Colorful Room in Craftsman Guest House,501715,1462520075273747735,Teresa,,Vernon,45.55782,-122.64836,Private room,,30,2,2025-11-01,0.08,10,169,1,
50262729,Freshly renovated 2bd   place close to airport .,312469677,1463436803438023029,Walter,,Sumner,45.56079,-122.57815,Entire home/apt,,1,123,2025-10-26,2.69,1,269,39,24-023391-000-00-HO
50288693,"Spacious, Cozy, Artsy Flat w new stove & Bathroom!",48600979,1465736586440650228,Terrence,,Kerns,45.524353,-122.644806,Entire home/apt,,2,138,2025-11-30,2.56,1,353,33,24-023394-000-00-HO
50293008,Blue Door at the Heart of Mississippi Ave,212650552,1469110890117424116,Matt,,Boise,45.54784,-122.67373,Entire home/apt,,7,46,2024-11-17,0.89,2,88,0,19-246360-000-00-HO
50312370,"Beautiful Waterfront Pearl Condo, View,  w/Parking",27903183,1462642706697059981,Farid,,Old Town/Chinatown,45.52957,-122.67538,Entire home/apt,,30,6,2025-10-02,0.11,3,351,2,
50331334,Modern Alberta Arts District private apartment!,404975802,1469853907020894586,Michelle,,Concordia,45.56025,-122.63392,Entire home/apt,,2,172,2025-11-16,3.23,1,321,47,21-067317-000-00-HO
50335321,The Nest - Studio with private deck,377045131,1469769233941570872,Elisabeth,,Concordia,45.56603,-122.63315,Entire home/apt,,2,145,2025-11-24,2.67,1,3,14,22-103936-000-00-HO
50342821,Renovated 1BR - Historic Charm - Great Locale,33606696,1465491525895151478,Hayden,,Northwest District,45.53418731689453,-122.69908905029297,Entire home/apt,,1,452,2025-11-18,8.29,11,289,83,21-027792-000-00-CO
50342994,NW 23rd - 1BR - Best Location - Historic Beauty,33606696,1465491525895151478,Hayden,,Northwest District,45.53417205810547,-122.69927215576172,Entire home/apt,,1,340,2025-11-26,6.25,11,341,58,21-027792-000-00-CO
50348348,"The Nest, Gated Property w/ Park views. Fast Wi-Fi",345383116,1469683019520580582,Abigail,,Concordia,45.56754,-122.62566,Entire home/apt,,28,56,2025-11-28,1.08,1,194,8,22-106198-000-00-HO
50385218,Private retreat in beautiful Southwest Portland.,5777981,1462689321606411262,Bj,,South Burlingame,45.46672,-122.68698,Entire home/apt,,2,0,,,1,0,0,23-037066-000-00-HO
50404262,THE SPOT ON PRESCOTT: A NE PDX Artist Oasis,1840596,1462579772837454273,Ariel,,Sabin,45.55575,-122.65137,Entire home/apt,,2,55,2025-11-01,1.04,1,243,7,21-109089-000-00-HO
50413730,Stylish Open Studio | Mins to ❤ of Portland,30153456,1465443953327688500,Tim,,Sellwood-Moreland Improvement League,45.48507,-122.64718,Entire home/apt,,1,176,2025-11-20,3.32,1,66,41,21-068645-000-00-HO
50419631,Modern Apartment/Great Location,11482545,1462865773299195289,Kristy,,Boise,45.54891,-122.6632,Entire home/apt,,30,18,2024-05-16,0.33,1,0,0,
50467427,Studio In Lively Nob Hill Neighborhood,66928057,1466826685991495851,Kimberly,,Northwest District,45.5284,-122.69421,Entire home/apt,,30,0,,,1,0,0,
50484567,"Guest Suite in Alphabet/NW District w A/C, Parking",8525373,1462769568085255426,Cynthia,,Northwest District,45.52511,-122.69574,Entire home/apt,,1,195,2025-11-13,3.61,4,267,26,24-026332-000-00-HO
50542873,Woodstock Apartment,236211324,1469257166662766011,Steve,,Woodstock,45.48645,-122.61354,Entire home/apt,,2,86,2025-11-10,1.65,1,349,12,21-079955-000-00-HO
50549203,Brand new condo in the lovely Mississippi Area,1631616,1462563598290838144,Philipp,,Humboldt,45.555222,-122.67627,Entire home/apt,,30,13,2024-08-03,0.26,1,297,0,
50549734,Eastside Hideaway; 1 Month to 6 Months/One Dog,85763112,1467033270775155826,Jory Janet Lee,,Madison South,45.53854,-122.58325,Entire home/apt,,30,48,2024-11-17,1.08,1,162,0,21-070599-000-00-HO
50592918,Best Location! Private Jacuzzi & Sauna!,50556182,1465774764324517154,Caryn,,Arlington Heights,45.52215,-122.70893,Entire home/apt,,30,32,2022-05-22,0.59,2,365,0,
50595305,Centrally located 1 BR condo with King bed & W/D,41664565,1465619686193102365,Travis And Laura,,Portland Downtown,45.51638,-122.68509,Entire home/apt,,30,6,2025-06-29,0.22,1,266,1,
50621273,Master size privet room monthly rent,380057237,1463567339057295367,Yon,,Montavilla,45.516037,-122.578171,Private room,,31,5,2024-10-02,0.09,6,279,0,
50641137,Artist's Charming Craftsman 2nd floor space,608006,1462512964098364536,Karen,,King,45.55733,-122.65813,Entire home/apt,,4,22,2025-08-18,0.42,2,314,5,21-025003-000-00-HO
50661616,Close-in but Secluded Private Guesthouse,187129548,1468968533863261050,Jessica,,Hosford-Abernethy,45.504926373426294,-122.64973281375545,Entire home/apt,,1,211,2024-12-28,7.03,1,0,12,24ASTR-APP-00159
50663158,Artist's Modern & Serene Home in the Alberta Arts,608006,1462512964098364536,Karen,,King,45.55717,-122.65642,Entire home/apt,,6,11,2025-10-29,0.26,2,290,1,21-025003-000-00-HO
50674898,charming 1926 portland 2-bedroom bungalow,152385858,1468495073891107486,Erik,,Richmond,45.50191,-122.61277,Entire home/apt,,30,5,2022-11-11,0.13,1,0,0,
50703679,Beautiful Alberta Guesthouse | Outdoor Soaking Tub,215058058,1469126878214460992,Joshua,,Concordia,45.55857,-122.63025,Entire home/apt,,2,187,2025-11-24,3.48,15,355,39,17-155544-000-00-HO
50726900,Modern Stylish 2 bdr Home Alberta Arts District,116018201,1468190557090476738,Elexis,,Sabin,45.55523,-122.64698,Private room,,2,87,2025-11-10,2.33,1,350,20,24ASTR-PER-00247
50743758,Stunning 5th floor 2 bed/2bath condo,410071283,1469871748996314642,Delia,,Goose Hollow,45.52212,-122.68939,Entire home/apt,,30,0,,,1,0,0,
50749438,Delightful Room in Newly Updated Bungalow,17742907,1463027879030289411,Miley,,Portsmouth,45.58301,-122.7138,Private room,,1,80,2025-07-04,1.67,2,0,5,21-083420-000-00-HO
50770348,Mid-century Modern PDX Escape,25190618,1465337700924139728,Sarah,,South Portland,45.48911,-122.67836,Entire home/apt,,2,44,2025-10-26,1.24,1,340,9,24-013594-000-00-HO
50771560,Cascadia Hideaway: Dreamy 1-Bedroom Basement Suite,390362157,1463591602081651521,Hannah,,Vernon,45.56562,-122.65041,Entire home/apt,,31,107,2025-07-01,1.99,1,301,1,21-080050-000-00-HO
50773669,Cozy family-friendly home with cute backyard,9142306,1462795997007125824,Mwapagha,,Sellwood-Moreland Improvement League,45.48184,-122.64526,Entire home/apt,,2,26,2025-11-17,0.48,1,141,21,25ASTR-PER-00208
50793301,"Family-friendly, Modern Apartment Next to Park",22843577,1463189857620603616,Brandon,,King,45.55204,-122.65972,Entire home/apt,,30,1,2021-08-15,0.02,1,0,0,17-189661-000-00-HO
50811298,"Private urban retreat, new build, 1bedroom, sleep4",410702782,1469873921569557242,Gina Lee,,Woodlawn,45.57172,-122.64369,Entire home/apt,,2,103,2025-11-25,1.99,1,340,26,20-209658-000-00-HO
50813090,✶ Vibrant Master Suite at Amorcito de Jenny ✶,58415337,1466700083396903576,Jenny,,Foster-Powell,45.48968,-122.59452,Private room,,2,129,2025-10-22,2.81,3,354,17,22-104186-000-00-HO
50898082,Bright and beautiful 2 bedroom Loft,317918819,1469601048903975076,Philip,,Northwest District,45.53588,-122.69872,Entire home/apt,,31,7,2023-08-13,0.13,2,0,0,
50916194,Sunny one bedroom flat  with private yard,411719178,1469877462990929592,Melanie,,Hayhurst,45.48213,-122.7317,Entire home/apt,,30,10,2024-07-08,0.19,1,92,0,
50920934,Modern private space close to Mississippi Street,8325660,1462765646293575616,Elle,,Boise,45.54836170375843,-122.67685632597862,Entire home/apt,,1,229,2025-11-09,4.51,1,326,28,22-104179-000-00-HO
50935439,The Solo Traveler's Backyard Garden Studio,65298032,1466807488861534156,Celia,,Arbor Lodge,45.56682,-122.69322,Entire home/apt,,2,229,2025-11-24,4.30,1,45,31,25ASTR-PER-00064
50941469,"Walkable | SE, Mount Tabor Neighborhood",7190217,1462725686816585082,Ryan,,Mt. Tabor,45.51698,-122.60937,Entire home/apt,,30,6,2024-12-31,0.15,1,74,1,
50951780,Charming Crafstman Suite with Sitting Area and AC!,4256569,1462534511170275150,Carie,,Laurelhurst,45.53202,-122.63018,Private room,,1,34,2024-11-17,0.64,4,0,0,17-268544-000-00-LU
50956404,Finch Studio Cottage in Montavilla,412106184,1469878717544482684,Judy,,Montavilla,45.52077,-122.57452,Entire home/apt,,2,271,2025-12-01,5.12,1,244,67,19-122242-000-00-HO
50961355,Private Entire Guest Suite Near Arts District,201285877,1469050464647994036,Emily,,King,45.55852,-122.66337,Entire home/apt,,1,116,2025-11-09,2.50,1,343,21,21-079355-000-00-HO
50978165,Stunning Apartment in the Heart of Mississippi Ave,17150339,1462601168347913116,Bryan,,Boise,45.54978,-122.67435,Entire home/apt,,2,220,2025-11-29,4.21,1,231,54,22-183934-000-00-HO
51003577,2 Bedroom Home near Mississippi Ave,516025,1462520497623222005,Elizabeth,,Humboldt,45.55977,-122.67575,Entire home/apt,,30,12,2022-01-02,0.24,1,0,0,
51004521,Portland's Finest - Luxury Pearl District 4 BR,356211715,1469711626355778153,Cheyenne,,Northwest District,45.53127670288086,-122.68793487548828,Entire home/apt,,1,219,2025-11-23,4.10,5,320,20,22-103397-000-00-CO
51004705,Lovely location 3 BR Pearl apt - Sleeps 8,356211715,1469711626355778153,Cheyenne,,Northwest District,45.53127670288086,-122.68793487548828,Entire home/apt,,1,202,2025-11-08,3.79,5,348,21,22-103397-000-00-CO
51004851,Unique 8 BR Private Home in Pearl District,356211715,1469711626355778153,Cheyenne,,Northwest District,45.53127670288086,-122.68793487548828,Entire home/apt,,1,47,2025-09-28,0.90,5,311,8,22-103397-000-00-CO
51015713,Urban Charmer Close to Restaurants and Shops,3851254,1462640992485161432,Chelsie,,Northwest District,45.52687,-122.6957,Entire home/apt,,30,12,2025-10-25,0.25,2,90,1,
51021251,"Cozy & Modern FoPo Private Rooms, Self Check-In!",260686384,1463325790495550289,Muneeb,,Mt. Scott-Arleta,45.483272552490234,-122.60054779052734,Private room,,1,152,2025-11-30,3.49,4,53,34,22-116613-000-00-HO
51038508,☆ Sun filled in heart of DWTN Portland #allwelcome,412930905,1469881400689219874,Waira,,Portland Downtown,45.50708,-122.682175,Entire home/apt,,30,15,2021-08-19,0.28,1,365,0,
51038540,Ross Island Rooftop 2-bedroom with All the Views,158074447,1468540422411831312,Sarah,,Brooklyn Action Corps,45.5007,-122.65835,Entire home/apt,,31,8,2025-09-29,0.16,14,178,1,
51059075,Urban Forest Getaway,79941643,1466975479096873984,Abigail,,Ashcreek,45.45576010570618,-122.73694560167738,Entire home/apt,,30,32,2025-08-13,1.05,1,179,1,
51083931,St. John’s/cathedral park private getaway,298041369,1469533081477631825,Russell,,St. Johns,45.59819,-122.74651,Entire home/apt,,1,304,2025-11-16,5.82,1,340,75,22-146726-000-00-HO
51087138,Montavilla Apartamento,1204096,1462539615602080540,Caitlin,,Montavilla,45.51942312553222,-122.5734307979751,Entire home/apt,,2,55,2025-11-29,5.57,1,333,55,24ASTR-APP-00499
51090503,"1 Bedroom + Flex Room - Modern Condo, EV Charger",413396493,1469882992351517872,William,,Pearl,45.531918,-122.680618,Entire home/apt,,30,8,2025-09-07,0.16,1,306,2,
51126705,Stylish 1BR garden guesthouse with patio near UofP,8946045,1462791005524795453,Craig & Lisa,,University Park,45.57673,-122.7243,Entire home/apt,,2,143,2025-10-05,2.84,1,177,20,21-080486-000-00-HO
51127176,Perfectly Portland Clinton St Guesthouse,7076896,1462722843876641534,Jayme,,Richmond,45.50219,-122.63176,Entire home/apt,,3,263,2025-11-14,5.08,1,54,49,22-116535-000-00-HO
51141878,Beautiful 1 bedroom guesthouse with parking,5335159,1462540433822820878,Juan,,Ashcreek,45.45335,-122.73818,Entire home/apt,,2,51,2025-08-03,1.21,1,3,8,22-127013-000-00-HO
51152002,#StayInMyDistrict Arbor Lodge & Popular Overlook,3142393,1462528276679400180,Amy,,Arbor Lodge,45.566586,-122.685684,Entire home/apt,,1,120,2025-11-02,2.27,21,59,20,18-190592-000-00-HO
51174832,Cozy 1-bedroom private bath in little Portlandia,116397710,1529321224173733563,Tyler,,Kenton,45.58568,-122.69597,Private room,,30,150,2023-01-15,2.93,1,0,0,
51177526,"Spacious King Bedroom with Private Bath, SE area",1458575,1462546438440707653,Melanie And Ronaldo,,Creston-Kenilworth,45.49225,-122.63445,Private room,,30,0,,,1,328,0,
51236349,Rocky Butte Bohemian Retreat (8 min to PDX),32831349,1462659852047018052,Lilah,,Madison South,45.55043,-122.57593,Entire home/apt,,30,129,2025-11-13,2.44,1,345,17,25ASTR-PER-00152
51260916,St. Johns Apartment 2 Bed 1 Bath,43906945,1465652173850337489,Jake,,St. Johns,45.587408912699615,-122.74592202645053,Entire home/apt,,30,2,2025-08-02,0.34,1,364,2,
51269549,Modern Home in Foodie District - 2BR - Sleeps 4,193973403,1469010003654396888,Matthew,,Buckman,45.51246643066406,-122.6463623046875,Entire home/apt,,1,342,2025-11-19,6.45,2,327,50,16-265211-000-00-CO
51287119,The Hawthorne House ~ Boutiques & Vintage Shops,415317125,1469889435063398485,Megan,,Richmond,45.51055,-122.62428,Entire home/apt,,1,244,2025-11-23,4.62,9,36,53,21-099362-000-00-CO
51308901,Perfect Hawthorne Micro By Top Shopping & Dinning,193265498,1469005621885461740,Daniel,,Buckman,45.51254,-122.64006,Entire home/apt,,1,304,2025-11-11,5.75,5,361,30,21-011814-000-00-RS
51351075,Guest house with lots of natural light,162100029,1468577544654278142,Jon,,North Tabor,45.52185,-122.61349,Entire home/apt,,30,1,2025-08-02,0.24,1,152,1,
51422753,"River view, rooftop deck, 2bd 2ba",17264703,1463006047621362804,Robert,,Old Town/Chinatown,45.52803,-122.67326,Entire home/apt,,31,17,2025-10-05,0.34,2,193,4,
51437092,Nicki’s City View Patio Downtown Free Parking,103330725,1462878450017128863,Nickisbnb,,Goose Hollow,45.51593,-122.69253,Entire home/apt,,1,397,2025-11-14,7.53,4,196,55,22-116574-000-00-HO
51448944,Your Stay in Pearl District,5888241,1462542829745951559,Yuting,,Pearl,45.53118,-122.68092,Entire home/apt,,30,51,2025-11-08,0.98,1,180,5,Exempt
51510456,"2 min to shops, food & transit: Kenton Garden Home",51249144,1465797048764607681,Bryan,,Kenton,45.582539,-122.683838,Entire home/apt,,30,63,2025-10-18,1.27,1,270,16,21-086997-000-00-HO
51523122,Quite 1-bedroom Montavilla stay,100544418,1467207389408057545,Dominique,,Montavilla,45.51402,-122.58069,Entire home/apt,,30,0,,,1,365,0,
51530741,"Chateau Relaxo (NO animals, parties or events)",340299703,1469665514458518926,Bo,,Homestead,45.49671,-122.69255,Entire home/apt,,3,101,2025-11-29,1.94,1,15,23,24-081343-000-00-LU
51534118,"Charming 2 Bd/1 Ba Home, Fully fenced yard",78879277,1466965137734170026,Elizabeth,,Mt. Scott-Arleta,45.48143,-122.59633,Entire home/apt,,90,7,2023-02-01,0.17,1,163,0,
51554340,Comfortable Studio with free parking on premises,95479282,1462860261291251191,Michael,,Lents,45.48173,-122.57361,Entire home/apt,,30,31,2025-05-31,0.63,1,0,3,
51559601,Irving Park Bungalow,19162027,1463070935081605456,Siri,,Eliot,45.54539,-122.66132,Entire home/apt,,2,104,2025-11-13,2.21,2,73,29,24ASTR-PER-00052
51575566,Urban Nature Sanctuary,350032602,1469697024172928845,Kelly,,East Columbia,45.59266,-122.64823,Entire home/apt,,180,1,2021-12-15,0.02,1,358,0,
51618968,"Hollywood Haven *Kitchenette*
Pet Friendly",59546078,1462742993850574848,Stacey,,Hollywood,45.53477,-122.61593,Entire home/apt,,2,126,2025-11-23,2.48,1,363,30,21-027775-000-00-HO
51641308,Pdx Luxury family home,359037027,1469719395001385263,Vladimir,,Parkrose Heights,45.54497,-122.54664,Entire home/apt,,1,125,2025-11-30,2.39,1,254,37,23-112705-000-00-Ho
51696208,Garden hideaway steps from classic PDX favorites,15916244,1462595894600099370,Nancy,,Goose Hollow,45.52078,-122.6971,Entire home/apt,,3,104,2025-12-01,2.00,1,273,25,24-013082-000-00-HO
51715982,#StayInMyDistrict Woodlawn Eclectic -Walk to Dekum,3142393,1462528276679400180,Amy,,Woodlawn,45.573421,-122.649864,Entire home/apt,,1,155,2025-11-21,2.97,21,72,28,23-080557-000-00-HO
51716811,Lovely 2 bedroom Presidential unit in Portland,357126676,1469714170304500484,Richard,,Old Town/Chinatown,45.51975,-122.67157,Entire home/apt,,364,0,,,1,0,0,
51731517,Historic Mott Sisters Style Salon-Near Moda Center,115674426,1468187911541926302,Blake,,Eliot,45.53724,-122.66912,Entire home/apt,,1,106,2025-08-17,2.09,2,264,8,21-077971-000-00-HO
51744955,Adorable 1-bedroom apt-historic Alberta farmhouse,56752027,1465928239488769063,Abbie & Jeff,,Concordia,45.56173,-122.64012,Entire home/apt,,30,10,2025-03-27,0.24,2,0,1,
51764646,Beautiful Modern 3 bdrm home in great PDX location,351653210,1469701616611965287,Christiaan,,Sunnyside,45.5149,-122.627304,Entire home/apt,,30,3,2022-08-01,0.06,1,284,0,
51766581,"Cozy home near St Johns, w/ office & big backyard",3790403,1462639531725771303,Martha Fabiola,,Portsmouth,45.58513,-122.73076,Entire home/apt,,30,8,2025-08-09,0.16,1,364,1,
51771121,"Detached Studio · Bright, Quiet & Private Parking",17216363,1463004863125377751,Austin,,Brooklyn Action Corps,45.4917,-122.64956,Entire home/apt,,30,10,2024-06-07,0.20,1,0,0,
51773701,Cozy Studio w/ Deck - 9 Mi to Dtwn Portland!,121688409,1462921224513368239,Evolve,,Parkrose Heights,45.54528,-122.54571,Entire home/apt,,30,0,,,27,0,0,
51804031,[7+ day stay] mountain suite w/ location + view,417913151,1469899297285237602,Sean,,Goose Hollow,45.51506,-122.69578,Private room,,31,84,2023-12-27,1.63,1,0,0,
51820350,"Private home, backyard escape, A+ walking score",2673359,1462525628504766226,Nathan,,Richmond,45.49859,-122.62536,Entire home/apt,,3,1,2021-09-26,0.02,2,0,0,17-156319-000-00-HO
51823507,Charming Stucco Bungalow by Alberta Park,42734493,1465634822594070417,Chad,,Concordia,45.566628,-122.643074,Entire home/apt,,2,134,2025-11-02,2.65,1,0,22,25ASTR-PER-00143
51825577,Great Downtown Location- Walk to Everything!,60624037,1466746686377357128,Eric,,Goose Hollow,45.52191,-122.68741,Entire home/apt,,30,6,2025-09-02,0.12,2,251,1,
51828909,Artists Loft Perched in the Heart of Nob Hill,3423772,1462628971297877917,Dustin,,Northwest District,45.52681,-122.69454,Entire home/apt,,30,0,,,1,0,0,
51837051,Cheerful Upper Floor of Duplex in the Trees,72716191,1466897595794714996,Adam,,Overlook,45.55955,-122.68781,Entire home/apt,,31,0,,,2,89,0,
51843145,Comfy bedroom in Inclusive Home,112893366,1467362147524274536,Samantha Ann,,Markham,45.4611,-122.70191,Private room,,30,10,2024-12-08,0.21,2,68,1,
51849527,Private room with King bed @ The Hollywood Lodge,14854564,1462591876345948223,Melanie,,Hollywood,45.53535300442453,-122.61622771140063,Private room,,1,76,2025-11-01,1.46,1,0,43,19-325476-674-44-HO
51907361,Waterfront Views~Parking~ Wi-Fi & MORE,132869260,1468328216688552993,Aaliyah Mumtaz,,Old Town/Chinatown,45.52672,-122.6705,Private room,,30,106,2023-10-08,2.11,1,270,0,
51907687,3 bedroom family friendly house in cul-de-sac.,12773385,1462895324219097343,Ryan,,Portsmouth,45.58962,-122.73138,Entire home/apt,,30,2,2022-08-13,0.04,1,0,0,
51923722,Very Private Cottage Alberta Arts!,23942166,1465280865744153923,Paula,,Vernon,45.55834,-122.64514,Entire home/apt,,1,2,2024-02-18,0.04,1,365,0,20-134160-000-00-HO
51925459,The Redwood Shed,711089,1462526950801678984,Abby,,Arbor Lodge,45.57464,-122.68598,Entire home/apt,,6,9,2025-07-03,0.20,1,28,1,22-137828-000-00-HO
51927854,Step Back In Time,420599486,1463658410643159439,Jeffrey,,Sellwood-Moreland Improvement League,45.46905,-122.64292,Entire home/apt,,30,65,2025-05-30,1.40,1,89,2,
51987642,Cozy lofted guesthouse near it all - kid friendly,43317498,1462693386899874017,Hannah,,Buckman,45.51855,-122.64298,Entire home/apt,,30,186,2025-09-30,4.01,1,62,2,
52011583,Hip Modern Condo - black & gold theme,421181207,1469912012891429257,Bendrea,,Powellhurst-Gilbert,45.50403,-122.52234,Entire home/apt,,30,1,2021-11-15,0.02,1,270,0,
52025018,The Inn at Hosford-Abernethy,3917228,1462642558148029527,Christopher,,Hosford-Abernethy,45.50109,-122.64483,Entire home/apt,,2,125,2025-11-29,2.71,2,109,37,17-285305-000-00-HO
52026807,"Finished, private basement ADU in SE Portland!",120715259,1468227768720556169,Katherine,,Foster-Powell,45.48917,-122.58526,Entire home/apt,,2,143,2025-11-23,3.15,1,336,37,22-143122-000-00-HO
52042097,North Portland Artist's Bungalow,271565231,1469433840059719852,Austin & Raze,,Arbor Lodge,45.57415,-122.68202,Entire home/apt,,30,3,2021-09-27,0.06,1,0,0,
52072222,Sylvan Highland Townhome with a view,102654383,1467231725673661168,Michelle,,Sylvan-Highlands,45.50842,-122.74354,Entire home/apt,,14,5,2025-01-26,0.24,1,253,2,
52108103,3 BR 1 BA - Cozy Home - Walkscore 97 - Shopping,392859086,1469815004468176754,Thomas,,Sunnyside,45.51265324643647,-122.62689431058043,Entire home/apt,,1,221,2025-11-26,4.31,6,243,59,25-001686-000-00-LU
52147096,Top Floor View Slabtown/Pearl District Plant Vibe,417919018,1469899319568070958,Nicole,,Northwest District,45.53285,-122.6904,Entire home/apt,,3,108,2025-11-27,2.13,1,168,11,00185
52152225,Cozy Portland getaway in the heart of the city,44169147,1465656081356774890,Spencer,,Sunnyside,45.51585,-122.63383,Entire home/apt,,30,20,2025-11-23,0.39,1,272,7,21-079262-000-00-HO
52165460,Terwilliger Place - No Cleaning Fees,7182995,1462559673617349211,David,,Homestead,45.49057,-122.68144,Entire home/apt,,6,55,2025-11-18,1.08,1,319,12,24-006024-000-00-HO
52166769,The Sumner Sanctuary | Cozy ADU Near Everything,25637387,1462634297938017430,Charles,,Sumner,45.55598846244098,-122.57675218556996,Entire home/apt,,2,54,2025-09-12,1.12,1,260,4,24-013629-000-00-HO
52198529,"Adorable updated craftsman, great neighborhood",155798693,1468521161955909466,Courtney,,Rose City Park,45.54538,-122.59774,Entire home/apt,,90,44,2024-07-08,0.86,3,88,0,19-256618-000-00-HO
52265505,3 bed/3 bath/office and patio. 100% walkable,95508244,1467150873280294499,David,,Pearl,45.53153,-122.68203,Entire home/apt,,32,0,,,1,100,0,
52309660,At Home on Holland St.,180951800,1468746539970427946,Ember,,Piedmont,45.57477,-122.66842,Entire home/apt,,3,86,2025-11-14,1.69,1,66,12,21-079448-000-00-HO
52336830,"New listing, modern, rooftop- 3 bed/2.5 bath",5323164,1462678072947388361,Amanda And David,,Buckman,45.520653,-122.65004,Entire home/apt,,30,0,,,1,186,0,
52351505,Private Luxury suite w kitchenette in the hills,90876848,1462849927152103786,Yls,,Pleasant Valley,45.47064,-122.54039,Entire home/apt,,21,14,2025-07-15,0.28,4,280,5,21-031444-000-00-ho
52391382,Warm Two Bedroom Residential Home with Game Room,306489174,1469567002826688725,Jennifer,,Brentwood-Darlington,45.47453,-122.58367,Entire home/apt,,30,7,2022-04-10,0.14,1,0,0,
52407240,"Candelabra House-Private, no shared walls, by Reed",5268931,1462676812438027894,Logan,,Brentwood-Darlington,45.47243,-122.60928,Entire home/apt,,2,44,2025-11-29,1.29,1,27,12,23-075586-000-00-HO
52464444,Tranquility House,48595009,1465736467595838533,Oanh,,Wilkes,45.52743,-122.50238,Entire home/apt,,2,175,2025-11-14,3.45,2,331,52,24-025740-000-00-HO
52494101,King Bed - A/C- Outdoor Space - Gated Home!,167093518,1468618468387119532,Serenityi,,Portsmouth,45.59361,-122.72247,Entire home/apt,,28,60,2023-09-11,1.29,1,89,0,22-116584-000-00-HO
52517239,Concordia Apartment,425076265,1469927678581671782,Reg,,Concordia,45.56678,-122.62847,Entire home/apt,,2,95,2025-12-02,1.88,1,357,18,21-086979-000-00-HO
52551684,Elegant Historic Irvington Home,18200258,1463038524746483973,Nonjabulo Joy,,Irvington,45.5394244502062,-122.65264689068023,Entire home/apt,,1,35,2025-09-19,1.93,1,0,17,24ASTR-APP-00163
52552937,#StayInMyDistrict Buckman Bright Spacious Townhome,3142393,1462528276679400180,Amy,,Buckman,45.51661682128906,-122.64197540283203,Entire home/apt,,1,166,2025-12-02,3.27,21,160,31,24-020418-000-00-HO
52580034,Charming remodeled bungalow in trendy Westmoreland,233640130,1469244450047805289,Melissa,,Sellwood-Moreland Improvement League,45.47821,-122.64356,Entire home/apt,,30,3,2022-09-10,0.07,1,247,0,
52584189,Private forest suite with kitchenette.,38262590,1465572533482745251,Lilli,,Hillsdale,45.47889709472656,-122.68685913085938,Entire home/apt,,2,151,2025-11-19,3.07,1,265,37,21-101654-000-00-HO
52630652,Fun & Walkable Woodstock Eastmoreland/Reed College,79757839,1462825244501535068,Gianna,,Woodstock,45.477608,-122.618774,Entire home/apt,,30,19,2025-11-29,0.38,1,365,4,
52716604,"Cute bungalow - NE Portland, AC!",34286584,1462664822377588911,Kristy,,Parkrose,45.55533569093753,-122.54406749574777,Entire home/apt,,2,3,2025-09-27,0.81,3,265,3,25ASTR-PER-00236
52735036,Cheerful sunny  bedroom in artist bungalow,330040000,1469633453788453144,Meredith,,Hazelwood,45.52961264168483,-122.5368713350562,Private room,,30,0,,,1,365,0,
52737181,Alberta Arts Modern Vintage Gem!,426942173,1469935134978923354,Brent,,Concordia,45.566,-122.63118,Entire home/apt,,2,77,2025-12-01,1.68,1,269,22,21-091959-000-00-HO
52763423,Private Renovated Studio w full kitchen & Parking!,427162525,1469936068000094318,Rachel Marie,,Far Southwest,45.44152,-122.73695,Entire home/apt,,3,96,2025-11-15,1.99,1,343,24,21-084273-000-00-HO
52795164,Beautiful Tudor style home in inner SE,63604806,1466785066873944590,Julia,,Hosford-Abernethy,45.50798,-122.63716,Entire home/apt,,30,3,2022-04-02,0.06,1,0,0,
52816816,Our peaceful dwelling,284121454,1463379593812580716,Ria,,Powellhurst-Gilbert,45.49276,-122.53996,Private room,,30,19,2022-08-24,0.38,1,365,0,
52841279,Private Guest Suite - In the heart of NE Portland!,1217742,1462540003875055370,Frankie,,Beaumont-Wilshire,45.55675,-122.62106,Entire home/apt,,180,34,2024-06-18,0.68,1,83,0,22-104184-000-00-HO
52843369,The Artist Sanctuary,205079895,1469069813133303439,Mike,,Sunnyside,45.51632,-122.62704,Entire home/apt,,30,18,2025-07-01,0.37,8,52,1,
52846028,"Bright, colorful studio apartment in SE Portland!",370763145,1469750037551253118,Alicia,,Mt. Scott-Arleta,45.47711,-122.59143,Entire home/apt,,1,1,2025-11-16,1,1,347,1,25ASTR-PER-00369
52859211,Roseway Retreat,32639403,1528431238771718526,Maren,,Roseway,45.54964,-122.58944,Entire home/apt,,1,266,2025-11-24,6.37,1,234,80,25ASTR-PER-00154
52861954,Waterfront View on the Willamette w pool € hotub!,306027890,1469565743218311914,Lindsay,,Old Town/Chinatown,45.52969,-122.67416,Entire home/apt,,30,102,2023-10-23,2.04,1,37,0,
52864168,Centrally Located Historic Hawthorne Home,101889896,1467222680743967547,Cam,,Hosford-Abernethy,45.51039,-122.64833,Entire home/apt,,3,70,2025-11-16,1.42,1,165,18,22-110204-000-00-HO
52878944,3BR Spacious hm on Alberta St in cool art district,224911430,1463218109413809008,Robin,,Concordia,45.55945,-122.6413,Entire home/apt,,2,66,2025-11-16,1.34,3,299,15,19-116893-000-00-RS
52886721,Beautiful Tiny House on Sweet Property in NE PDX!,199501890,1469039927160860057,Deb,,Cully,45.55035,-122.60139,Entire home/apt,,30,7,2025-10-19,0.14,2,219,2,
52897209,"HotTub, Fast WiFi, cozy & convenient-Casita Morado",2283444,1462590985379088106,John,,Montavilla,45.52969,-122.57375,Entire home/apt,,2,191,2025-11-19,4.07,1,201,27,22-116429-000-00-HO
52917118,"Spacious Home, Quiet, Close to Downtown, Top Area",119494333,1468218038721857781,Daniel A,,South Burlingame,45.46682,-122.68714,Entire home/apt,,1,103,2025-11-10,2.06,1,346,22,21-115827-000-00-HO
52920166,Downtown Portland Studio: An Artist's Retreat,8738428,1462775057554232964,Laura,,Northwest District,45.523235,-122.687019,Entire home/apt,,31,8,2023-11-01,0.17,1,31,0,
52923271,Charmaine’s place,426716618,1463673267074785555,Charmaine,,Centennial,45.50795,-122.49489,Private room,,31,6,2025-09-01,0.13,1,89,1,
52950061,North Portland Urban Cottage,100815695,1467210339823075106,Merideth,,Overlook,45.56357068157594,-122.68525915520665,Entire home/apt,,2,124,2025-11-30,2.58,1,193,28,21-101204-000-00-HO
52994467,"Five Star Location, Adorable Secluded Tiny Home",4006487,1462533042004966053,Kathleen,,Hosford-Abernethy,45.50467,-122.63837,Entire home/apt,,45,22,2025-11-06,0.56,2,169,6,
53011315,"St Johns garden retreat- bright, patio, big yard",221744485,1469172522884677947,Shanon,,St. Johns,45.597397,-122.754715,Entire home/apt,,2,152,2025-11-19,3.20,1,55,39,21-101738-000-00-HO
53050479,Private Apartment - Concordia District,19969093,1463095843038942075,Buckley,,Concordia,45.571938645261405,-122.63683710374322,Entire home/apt,,30,8,2023-04-16,0.23,1,0,0,
53051346,Cosmo’s House ~ Sunny Alberta Arts Bungalow,19813706,1463091714426032915,Preston Andrew,,Concordia,45.55741,-122.63398,Entire home/apt,,6,19,2023-12-30,0.39,1,0,0,21-115817-000-00-HO
53062253,Urban Victoria Historic Registry home with 4 beds!,352768058,1469704818277103024,Mark & Celeste,,South Portland,45.49842,-122.67764,Entire home/apt,,2,200,2025-11-24,4.26,3,338,43,22-133318-000-00-HO
53106866,The Timber Nook • Rustic Charm • Walkable Location,273076012,1469441172778921911,Dalouny,,Hosford-Abernethy,45.49874,-122.6414,Entire home/apt,,1,277,2025-11-14,5.63,6,362,31,19-111429-000-00-RS
53108500,Portland Getaway • 3BR • Local Coffee & Parks,293772932,1469518807096746870,Kimberly Diane,,Sunnyside,45.51669692993164,-122.61273193359375,Entire home/apt,,1,235,2025-11-02,4.79,3,355,29,21-033898-000-00-RS
53133484,Stylish 2 bd home-gorgeous outdoor fireplace,20863371,1463140620632771347,Steph,,Laurelhurst,45.52369,-122.61775,Entire home/apt,,1,114,2025-11-10,2.31,1,353,28,24ASTR-PER-00277
53136399,Close-In Irvington Escape,1656510,1462564259739999975,Paige,,Eliot,45.54393736787331,-122.66059504461086,Entire home/apt,,30,0,,,1,364,0,
53164238,3 Mi to Downtown Portland: Lush Flat w/ Fire Pit,121688409,1462921224513368239,Evolve,,South Portland,45.47362,-122.67875,Entire home/apt,,2,49,2025-04-13,1.10,27,334,3,25ASTR-APP-00383
53199808,Private Botique Guest Suite In The Hills Of PDX,90876848,1462849927152103786,Yls,,Pleasant Valley,45.47040091742469,-122.54237332894758,Entire home/apt,,21,18,2025-08-05,0.36,4,89,2,21-031443-000-00-ho
53201487,Rare & lush 1 BR in heart of the city!,36297855,1465539173011447337,Sam,,South Portland,45.48674,-122.67604,Entire home/apt,,5,29,2025-10-25,0.60,5,277,2,22-117866-000-00-HO
53215827,Private Bath - Upstairs Floor- Downtown - View,223054857,1469181969554175320,Marcus,,South Portland,45.50148745842035,-122.68138095989127,Private room,,30,20,2023-10-29,0.40,1,0,0,
53235251,Delightful Studio In Historic Irvington Home!,428415856,1469941391507871567,Ashley,,Irvington,45.53609,-122.65082,Entire home/apt,,3,154,2025-11-17,3.13,1,249,34,24-025366-000-00-HO
53238500,"♥ Cozy Nob Hill 2br, walk to Pearl and Downtown!",2349650,1462592724045015979,Corbett,,Northwest District,45.52448,-122.69054,Entire home/apt,,2,166,2025-11-16,3.42,2,82,19,22-114740-000-00-HO
53276897,SE Cottage Near Division Monthly Rental,5154051,1462674096918385814,Anna,,Richmond,45.50325,-122.61861,Entire home/apt,,45,4,2022-03-01,0.08,1,90,0,18-143401-000-00-HO
53280181,The Pumpkin House • 3mi Downtown • New Hot Tub,162283241,1463012950591192982,Kimberly,,Hillsdale,45.4874,-122.71004,Entire home/apt,,1,74,2025-11-14,1.51,1,350,12,22-209216-000-00-HO
53337862,Urban Hideaway byWonder Ballroom/Moda/Williams Ave,36988436,1465550875020001415,Alyssa,,Eliot,45.54284,-122.66362,Entire home/apt,,1,334,2025-12-01,7.13,1,236,82,22-194675-000-00-HO
53345007,Stylish Laurelhurst Guesthouse,136086564,1468355458090879623,Rhonda,,Laurelhurst,45.52023,-122.61895,Entire home/apt,,3,93,2025-11-22,1.91,1,217,29,21-080051-000-00-HO
53382149,Eclectic Deco Style with Sauna Near Hawthorne,5389533,1462540369059158564,Yvette,,Sunnyside,45.51255,-122.62671,Private room,,2,118,2025-11-23,2.47,1,257,33,22-109728-000-00-HO
53418182,Forest Lodge Nature Lookout 15 min to downtown,432518724,1469958063806675890,Lonnie,,Forest Park,45.60081318774047,-122.82583114864036,Entire home/apt,,2,113,2025-12-01,6.09,1,229,77,24ASTR-APP-00125
53419379,Two Bedroom Unit in basement of Victorian,201594889,1463143971309881453,David,,Northwest District,45.5279,-122.69009,Entire home/apt,,30,14,2025-08-31,0.29,3,345,5,
53431263,Wonderful Hawthorne + Cat,828654,1462530648172381282,Rochelle & Tom,,Mt. Tabor,45.51059,-122.61126,Entire home/apt,,30,0,,,3,0,0,
53432624,Cozy private room in a charming FoPo home,6564786,1462709658264897165,Sarah,,Foster-Powell,45.48632,-122.58263,Private room,,1,148,2025-10-26,3.16,1,331,37,22-114707-000-00-HO
53474842,The Garden Cottage - Broadway Retreat - Walkable,113868705,1468175165319642168,Darise,,Irvington,45.53533935546875,-122.64681243896484,Entire home/apt,,1,182,2025-11-12,3.74,10,350,14,25-006186-000-00-CO
53532169,Parkrose Private Luxury Suite,433340907,1469961533688574012,Larry,,Russell,45.5456,-122.53342,Entire home/apt,,2,58,2025-08-24,1.26,1,195,5,22-104778-000-00-HO
53540144,NEW! - Bright Modern Entire Unit KING BED!,169538028,1463039771276510690,Oleg,,Parkrose Heights,45.54266,-122.54615,Entire home/apt,,3,78,2025-12-01,1.63,2,262,18,22-117662-000-00-HO
53547698,Dreamy guest suite in the heart of NE Portland.,2141579,1462587426177179422,Karina,,King,45.56335,-122.6635,Entire home/apt,,2,117,2025-11-29,2.42,1,25,26,22-152752-000-00-HO
53547952,Peaceful Urban Farm Guest Suite,2199289,1462522812693277102,Sarah,,Brentwood-Darlington,45.47136,-122.60673,Entire home/apt,,2,112,2025-05-26,2.31,1,111,6,22-110206-000-00-HO
53614032,Deluxe 2 BR Irvington Guesthouse with Hot Tub!!,236328262,1469257731956371192,Gregg,,Irvington,45.54511,-122.65694,Entire home/apt,,2,161,2025-11-30,3.45,2,200,24,24-020616-000-00-LU
53649962,Brand New Designer Home in Prime Walkable Location,35305959,1465521654776029864,Byron,,Humboldt,45.55525,-122.66674,Entire home/apt,,30,117,2025-09-28,2.41,1,225,2,Exempt
53650635,"Minnesota Room (Located in Portland, OR)",130350094,1468306182500516510,Micah,,Roseway,45.55441,-122.5803,Private room,,1,384,2025-11-18,8.15,1,222,103,22-110174-000-00-HO
53665326,Willamette river tiny house with modern amenities,11054611,1462855912507797505,Oranuch,,Sellwood-Moreland Improvement League,45.474377,-122.660698,Entire home/apt,,30,5,2025-10-16,0.11,1,32,4,
53680383,Charming NE Portland 1 bedroom in Montavilla,217988597,1469146740809068308,Johnathan,,Montavilla,45.52807,-122.56731,Entire home/apt,,30,12,2025-02-11,0.27,2,237,1,
53684019,Wonderful Hawthorne + Cat,828654,1462530648172381282,Rochelle & Tom,,Mt. Tabor,45.51046,-122.60769,Entire home/apt,,30,0,,,3,0,0,
53685675,"Quaint, cozy room in our welcoming home",127848804,1468284711495913629,Phoebe,,Boise,45.55422,-122.67582,Private room,,30,79,2023-11-04,1.74,1,0,0,21-116249-000-00-HO
53689406,El Rancho Fantastico#1(4.5 miles from pdx airport),141751197,1468401109765312647,Irene,,Cully,45.56004,-122.61671,Private room,,1,334,2025-08-15,7.09,2,0,66,24-008314-000-00-HO
53704846,Townhome In Heart Of SW Portland 2.5 miles to OHSU,150582690,1462985172774990531,Shay,,South Portland,45.48548,-122.677,Entire home/apt,,2,103,2025-11-29,2.14,6,275,17,22-168906-000-00-HO
53708307,"Spacious, dog-friendly 3bd home in heart of SE PDX",7241632,1462726965913096556,Samuel,,Buckman,45.51523,-122.63738,Entire home/apt,,30,5,2023-08-30,0.12,2,0,0,22-127106-000-00-HO
53709880,"The best of Ptld. Step to Music, Dining, Downtown.",30878885,1462653117408614347,Elizabeth,,Buckman,45.519115,-122.649849,Entire home/apt,,30,13,2025-10-07,0.30,3,178,2,
53718164,Studio | Deck | Fireplace | Garden,111798260,1462899543969300764,Vacasa Oregon,,Eastmoreland,45.47518,-122.6341,Entire home/apt,,1,39,2025-11-29,1.02,2,346,20,25ASTR-APP-00094
53778645,Office Space - Day use,241007470,1469281002721700343,Pete,,Roseway,45.54188,-122.59482,Private room,,30,0,,,1,362,0,
53784227,Newly renovated/furnished 2BR condo near PSU,253495113,1469342518176839881,Jianren,,Portland Downtown,45.51083,-122.67964,Entire home/apt,,30,8,2025-08-13,0.18,1,365,2,
53784411,Entire Home: Cheerful 3 bed in historic St Johns.,3656451,1462636275074619931,Jessi,,St. Johns,45.59472,-122.75248,Entire home/apt,,30,14,2023-07-14,0.39,1,0,0,
53814867,Sunset Porch House - Inner SE Portland,435909602,1469971539304637197,Corey,,Hosford-Abernethy,45.505901,-122.636459,Entire home/apt,,3,125,2025-11-30,2.71,1,92,28,21-106307-000-00-HO
53832633,"Woodstock Townhouse, Open Floor Plan, Custom",62261998,1462750061747177206,ITrip Vacations,,Woodstock,45.48934,-122.61869,Entire home/apt,,2,34,2025-10-05,0.77,19,346,7,21-097982-000-00-LU
53891208,4BR • Sleeps 10 • Trendy Arts District Location,374074476,1469760548696719637,Grace,,King,45.56139373779297,-122.66246032714844,Entire home/apt,,1,217,2025-11-23,4.57,1,348,38,22-139243-000-00-CO
53921672,1000 Sq Ft Guest Suite hosted by Patrick & Naomi,436807306,1469975067763012153,Patrick,,Roseway,45.545942790618845,-122.58539629421124,Entire home/apt,,2,133,2025-11-13,2.81,1,229,25,22-110213-000-00-HO
53926282,Greenwood *New* Cozy Modern I #Best Location,160384465,1463008090627941832,Tyler,,Eliot,45.54794,-122.66412,Entire home/apt,,29,94,2025-07-01,1.96,1,69,2,22-123248-000-00-LU
53942995,Modern touches in classic NW Portland 1 bed condo,27512730,1465406017722379796,Taylor,,Northwest District,45.5297,-122.69259,Entire home/apt,,30,19,2023-11-07,0.40,1,179,0,
53970706,"Beautiful, elegant house - walk to everything",4332497,1462653983141521839,C. Nicole,,King,45.55576,-122.65978,Private room,,30,1,2022-10-08,0.03,2,178,0,
54014394,Corner 1-bedroom ADU off South East Division,62953164,1466777045102517909,Jesse,,Richmond,45.50309,-122.63126,Entire home/apt,,30,35,2023-11-25,0.77,1,179,0,
54039058,Monthly Rental - The Hollywood House,221421926,1469170152876833747,Descansa Property,,Hollywood,45.53689,-122.61614,Entire home/apt,,30,5,2025-03-31,0.14,19,243,1,
54070480,One bedroom condo on the Willamette River Path!,6024930,1462543505457022850,Emily,,South Portland,45.47004,-122.67008,Entire home/apt,,1,84,2025-11-11,1.90,1,91,26,23-061149-000-00-HO
54091757,Clean + Modern house in heart of NE Portland,11001258,1462854675715971221,Elliot,,Woodlawn,45.56784,-122.65467,Entire home/apt,,5,46,2025-08-31,1.01,1,0,4,22-159362-000-00-HO
54095249,Bright and Modern Family Home,11016312,1462576860202124589,Sarah,,Sellwood-Moreland Improvement League,45.46908,-122.64618,Entire home/apt,,30,1,2023-07-11,0.03,1,270,0,
54105121,5BR Modern Craftsman on artsy Alberta St,224911430,1463218109413809008,Robin,,Concordia,45.5598,-122.64091,Entire home/apt,,2,86,2025-11-23,1.92,3,294,27,19-116893-000-00-RS
54111795,Renovated waterfront condo near the Pearl District,168130537,1468626100106061044,Michelle,,Old Town/Chinatown,45.52821,-122.67326,Entire home/apt,,30,19,2025-09-12,0.44,1,186,2,
54131693,Posh Penthouse with Mountain & River Views,57373623,1465938248468915473,Sebastian,,South Portland,45.47196,-122.67566,Entire home/apt,,2,61,2025-04-06,1.31,2,168,1,22-130266-000-00-HO
54160738,Renovated Condo in the Heart of Portland,19977865,1463096095504746194,Sabrina,,Northwest District,45.5241,-122.6882,Entire home/apt,,30,11,2025-01-04,0.26,1,33,1,
54167263,Studio Retreat in the City,12966945,1462899785892568648,Ann Marie,,Hayhurst,45.48255,-122.72189,Entire home/apt,,1,49,2025-12-01,5.18,1,248,49,25ASTR-APP-00038
54168405,Stylish Apartment in Historic Neighborhood,5074035,1462672239868670753,Rachel,,Boise,45.55331,-122.67675,Entire home/apt,,31,9,2025-08-30,0.21,4,36,1,15-138062-000-00-HO
54186522,Big family home. Pets okay. Close to parks & more.,6530677,1462708796838741368,Nicole,,Woodlawn,45.57163,-122.64561,Entire home/apt,,30,18,2023-04-16,0.48,1,0,0,
54194083,Spacious 2 Bedroom in the heart of Sellwood,439397034,1469984517353232825,Alex,,Sellwood-Moreland Improvement League,45.46347,-122.64893,Entire home/apt,,30,49,2025-09-22,1.14,1,211,4,
54208815,"Dog-friendly, huge, & cozy home in best location!",7241632,1462726965913096556,Samuel,,Buckman,45.5144,-122.63923,Entire home/apt,,2,6,2025-06-22,0.13,2,14,2,22-127106-000-00-HO
54245996,El Rancho Fantastico  (4.5 miles from airport),141751197,1468401109765312647,Irene,,Cully,45.55833,-122.6156,Private room,,1,320,2025-08-11,6.79,2,140,70,24-008314-000-00-HO
54247874,Private Garden Retreat in the City,5074035,1462672239868670753,Rachel,,Boise,45.55296,-122.6769,Entire home/apt,,31,1,2022-05-01,0.02,4,165,0,
54249504,Modern 1-bedroom with indoor fire place.,64092580,1466790978981026416,Darlene M,,St. Johns,45.59341,-122.75101,Entire home/apt,,3,62,2025-12-01,1.49,1,181,11,18-107538-000-00-HO
54280360,Cozy and Walkable 1 bedroom daylight basement,54934802,1465900477086654159,Michael,,Richmond,45.50283,-122.62316,Entire home/apt,,1,307,2025-12-01,7.04,1,196,92,24-002227-000-00-HO
54303512,Modern Portland Studio w/ Central Location!,121688409,1462921224513368239,Evolve,,Goose Hollow,45.52149,-122.68853,Entire home/apt,,30,0,,,27,0,0,
54305840,Charming Belmont Craftsman w/ Patio,51085562,1465793216716738299,Jesse,,Buckman,45.51688,-122.64129,Entire home/apt,,60,10,2025-10-01,0.25,1,182,3,
54317587,Parkside Hawthorne Cozy Home,3901470,1462642195102024931,Jennifer,,Richmond,45.51113,-122.63286,Entire home/apt,,1,120,2024-07-14,2.67,2,0,0,19-160688-000-00-HO
54354341,#StayInMyDistrict Piedmont Near Parks and Shopping,3142393,1462528276679400180,Amy,,Piedmont,45.579826,-122.673271,Entire home/apt,,1,94,2025-08-18,2.01,21,179,18,25ASTR-PER-00189
54356926,Spacious 4 Bedroom Alberta Arts District Home,779984,1462529184561798139,Dylan,,Concordia,45.56472,-122.64207,Entire home/apt,,5,15,2024-07-01,0.33,1,0,0,22-125091-000-00-LU
54358401,"1 bdr apt in SE- private entrance, w/d, parking",5272495,1462676909763196458,Giselle,,Foster-Powell,45.48547759008582,-122.58303554822436,Entire home/apt,,2,72,2025-04-30,2.30,1,0,1,22-118000-000-00-HO
54391050,Monthly Stay | Pet-Friendly + Private Fenced Yard,1828909,1462579469313981653,Shona,,North Tabor,45.5270326,-122.607338,Entire home/apt,,30,1,2023-12-01,0.04,9,301,0,
54392773,Cozy Garden Cottage Near Multnomah Village,31406893,1465461871380627962,Jackie,,Hillsdale,45.4687,-122.69955,Entire home/apt,,2,29,2025-11-10,1.25,1,253,25,24-026316-000-00-HO
54406248,Wilson Heights Studio at Forest Park,14736623,1462945676141412887,Alex,,Northwest District,45.53695,-122.71287,Entire home/apt,,2,131,2025-11-17,2.89,1,24,23,21-115899-000-00-HO
505918970691939876,Peaceful Cottage: Fully Equipped 2BR near PDX & UO,27978474,1465413093668986697,Julie,,Concordia,45.57118,-122.63335,Entire home/apt,,3,211,2025-11-29,4.34,1,79,54,18-184228-000-00-HO
506639626929819378,Walkable new home by Hawthorne - Modern spacious,19266,1462506880643865835,Chris,,Sunnyside,45.51567,-122.61816,Entire home/apt,,30,111,2025-08-15,2.54,2,156,8,20-114167-000-00-HO
540629919638998108,Charming home on private street with hot tub,43443423,1465645115975546015,Erik,,Arnold Creek,45.44681,-122.70821,Entire home/apt,,1,179,2025-11-22,3.98,1,62,62,23-003033-000-00-HO
540829827019588024,Alphabet district home by Forest Park and 23rd Ave,1142106,1462538085666313830,Mary,,Northwest District,45.53364,-122.70938,Entire home/apt,,30,6,2025-10-31,0.13,1,269,2,
543790091430453039,Modern SW Portland Smart Home,153766232,1468505968215395973,Eliav,,Crestwood,45.45121,-122.73463,Entire home/apt,,30,0,,,1,364,0,
545780150951956079,"1 Bedroom ADU 
Inner SE Portland",23683530,1465276998267192824,Pasha,,Buckman,45.5202568776585,-122.64923210729853,Entire home/apt,,31,1,2023-09-04,0.04,1,363,0,
546288019840016465,"Modern Flat w/Urban Farm | Private Porch, Walkable",26098,1462507062465216260,Jonathan,,Richmond,45.49840262774612,-122.6233768180639,Entire home/apt,,30,4,2025-11-01,0.79,1,145,4,
547111719721943259,Spacious bottom half of house. private entrance!,163250650,1468588621947979121,Jack,,Hillsdale,45.47517,-122.68151,Private room,,1,70,2024-11-29,1.51,1,0,0,22-126968-000-00-HO
549520441803430046,Floating Home in Portland Oregon!,400364710,1463614904488791044,Charles,,Sellwood-Moreland Improvement League,45.47619,-122.65761,Entire home/apt,,30,5,2025-09-30,0.11,1,83,1,
549568993052279492,"King Beds! Uniquely Portland, Luxury Craftsman",37422309,1462675210656722042,Peter,,Foster-Powell,45.48799,-122.58834,Entire home/apt,,3,139,2025-11-18,3.06,9,257,32,21-097650-000-00-LU
550217872071953441,Walkable Foodie Heaven,2996481,1462614503573652325,Peregrine,,Kerns,45.52616,-122.63801,Entire home/apt,,1,274,2025-11-29,6.09,2,261,71,24ASTR-APP-00502
551398401001977637,Queen Anne Guest Apt. In Historic District,3662791,1462636475772299294,Jamie,,Northwest District,45.52899,-122.68805,Entire home/apt,,2,173,2025-11-11,3.77,1,255,38,21-107639-000-00-HO
551576416242411206,Private Modern Bungalow,24385374,1465287513609481916,Chris,,Concordia,45.566616,-122.63681,Entire home/apt,,2,160,2025-11-29,3.60,2,214,45,18-262210-000-00-ho
551592062677838247,1 Bdm Apt between the Pearl Dist/ NW 23rd & OHSU,201594889,1463143971309881453,David,,Northwest District,45.52713,-122.68988,Entire home/apt,,30,14,2025-06-27,0.31,3,306,2,
551742371275695683,1BR • Fast WiFi • Walk to Dining & Breweries,33154064,1465485518021546275,Connor,,Northwest District,45.53422164916992,-122.69903564453125,Entire home/apt,,1,326,2025-11-23,7.00,8,355,69,21-027792-000-00-CO
551754249707632120,1BR - Boutique Flat - Prime NW Location,33154064,1465485518021546275,Connor,,Northwest District,45.53425598144531,-122.69911193847656,Entire home/apt,,1,300,2025-11-13,6.44,8,339,52,21-027792-000-00-CO
551765448198147699,"Bright 1BR - Walk to Coffee, Food & Shopping",33154064,1465485518021546275,Connor,,Northwest District,45.53418731689453,-122.69908905029297,Entire home/apt,,1,291,2025-11-24,6.24,8,341,69,21-027792-000-00-CO
552146348115409295,The Record Room,20673854,1463135676168614336,Harry,,Buckman,45.5149,-122.64924,Private room,,2,249,2025-11-21,5.45,3,55,52,19-253657-000-00-HO
552459643994124868,Charming condo nestled in tree lined Goose Hollow,8118413,1462749609014589934,Tracy,,Goose Hollow,45.52102,-122.68738,Entire home/apt,,30,14,2025-10-31,0.34,1,319,5,
553013219005188623,#StayinMyDistrict Pendelton Place Walk to Mt Tabor,3142393,1462528276679400180,Amy,,Richmond,45.501438,-122.609848,Entire home/apt,,1,118,2025-11-15,2.53,21,166,24,22-124149-000-00-HO
554324491193620283,"Cheerful 2 bdrm home, 2 beds total, plus office",6827749,1462716253129064659,Maureen,,Hosford-Abernethy,45.51188,-122.65983,Entire home/apt,,31,5,2025-10-27,0.20,1,179,3,
554482307665275377,Private Alberta Arts Guest Home,184659909,1468954502586378280,Terrica,,King,45.56454,-122.6554,Entire home/apt,,30,51,2023-12-31,1.11,1,0,0,
555642234041458343,Cozy Mt. Scott oasis with a view,5192007,1462674976618150186,Kelly And Rich,,Lents,45.460979979587805,-122.5655954915285,Entire home/apt,,90,0,,,2,151,0,
556823735929845203,Nicki's Bnb Treehouse Patio @downtown PDX,103330725,1462878450017128863,Nickisbnb,,Goose Hollow,45.51584,-122.69336,Private room,,1,117,2025-11-22,2.52,4,0,27,22-116574-000-00-HO
559310248140458462,3BR - Sleeps 6 - Steps to NW 23rd - Fast WiFi,33154064,1465485518021546275,Connor,,Northwest District,45.534202575683594,-122.6990737915039,Entire home/apt,,1,170,2025-10-06,3.70,8,348,24,21-027792-000-00-CO
560020838456963301,Adorable 1 Bedroom Cottage — Walk to Everything!,3508484,1462530315278775656,Joshua,,St. Johns,45.58788,-122.73771,Entire home/apt,,31,12,2025-08-18,0.34,6,80,2,19-164423-000-00-HO
560330897729070240,"Sellwood Library House, an urban stay in the trees",6646221,1462711718770340748,Jesseca,,Sellwood-Moreland Improvement League,45.46637,-122.65244,Entire home/apt,,3,73,2025-08-25,1.76,1,157,12,24-013101-000-00-HO
562252356129091614,Modern City Apartment with Gym and Parking,409693567,1469870422880505881,Patrick And Sarah,,Pearl,45.52905,-122.67985,Entire home/apt,,30,27,2025-11-08,1.80,15,314,25,59712
562393657998489615,Prime 94 Walk Score! Work/Play 3BR in NE PDX,73444161,1466905792889713892,Oasis Properties,,Boise,45.55101,-122.67349,Entire home/apt,,30,96,2025-11-01,2.11,3,122,4,22-194654-000-00-HO
563003419630799024,Lovely 1BR unit with private patio,1207025,1462539673283993503,Laura,,Northwest District,45.52816,-122.69807,Entire home/apt,,2,55,2024-12-14,1.20,2,0,1,20-210218-000-00-HO
565157987829085890,The Alberta Escape - 2br - Awesome Location!,221421926,1469170152876833747,Descansa Property,,Vernon,45.5602,-122.6509,Entire home/apt,,1,89,2025-07-28,1.99,19,99,5,21-092026-000-00-HO
565233589129171655,Pet Friendly Private ADU for work and play!,57470546,1465939704940242565,Brian,,Kerns,45.5258,-122.63368,Entire home/apt,,2,214,2025-11-22,4.69,1,252,59,21-050754-000-00-HO
565305076210571097,"Roseway Rendezvous: cool, comfy hideaway in NE PDX",14103566,1462930662134260204,Michelle,,Roseway,45.553062438964844,-122.58443450927734,Entire home/apt,,2,69,2025-11-09,1.59,1,308,18,22-163831-000-00-HO
565771536311357698,"Travel Nurses, Digital Nomad, Spacious, Modern! [A",410009654,1469871546085370887,Kenny,,Rose City Park,45.5341,-122.61159,Entire home/apt,,30,9,2025-08-31,0.21,11,365,3,
565958500237128356,"Sunny and spacious 2-br, 2-ba home w/ private yard",2369443,1462593271076750290,Kevin,,North Tabor,45.52497,-122.60901,Entire home/apt,,2,1,2022-07-22,0.02,1,42,0,24ASTR-APP-00134
566689378309988117,Luxury Spa Retreat Studio for 1-2 Guests,47212384,1465711202885917918,Emily,,Overlook,45.56425,-122.69027,Entire home/apt,,2,177,2025-11-24,3.85,1,315,49,22-152789-000-00-ho
567527260414881064,"Modern, central town home with en suite",21645947,1463160396379327156,Brandon,,Hosford-Abernethy,45.50539,-122.65397,Entire home/apt,,30,16,2024-12-01,0.36,1,0,0,16-961041-811-35-HO
568125476819434642,Luxury Richmond Rose Cottage Division & Hawthorne,73418489,1466905547324163867,Lori,,Richmond,45.502232,-122.613274,Entire home/apt,,2,125,2025-11-29,2.86,1,205,39,22-137832-000-00-HO
568403941306210017,Rocky Butte 2 Bedroom Basement Apartment,80819602,1466984033298877507,Regina,,Madison South,45.53445,-122.56938,Entire home/apt,,30,0,,,1,364,0,
568864254943243954,The Del Rey,32149569,1465472296840051489,Ellen,,Irvington,45.53764,-122.65145,Entire home/apt,,30,27,2023-06-09,0.60,1,0,0,
568872341168920357,"Bright, spacious studio in walkable Arbor Lodge",136930286,1468362113479318316,Ethan,,Arbor Lodge,45.57178,-122.68361,Entire home/apt,,3,54,2025-11-29,1.29,1,2,9,24-012276-000-00-HO
570307973283448358,Iconic Portland Bridge View in Downtown St. John’s,8375241,1462766809931298244,Darcy,,Cathedral Park,45.58871,-122.75484,Entire home/apt,,1,30,2024-05-05,0.86,1,0,0,22-194818-000-00-HO
571659881329048306,Portland Hillside Retreat near OHSU & river,51534523,1465806272789266347,Annie,,South Portland,45.46955437507625,-122.6745619155026,Entire home/apt,,2,187,2025-11-30,5.45,1,354,49,24-005677-000-00-HO
572485917343717247,Sunnyside Stay,46855862,1465702477932355821,Kendra,,Sunnyside,45.51481,-122.63458,Entire home/apt,,3,103,2025-11-18,2.36,1,9,23,24-012402-000-00-HO
573419860729907053,Peaceful+Cozy StudioApt-Steps to Central Sellwood,14476211,1462939524714172693,Xica,,Sellwood-Moreland Improvement League,45.46499,-122.65529,Entire home/apt,,2,98,2025-10-20,2.20,1,226,17,22-152756-000-00-HO
574017658254876369,Cozy 1 bedroom with amazing private patio,292874,1462514903292058026,Divine Grace Mamon,,Northwest District,45.53462,-122.71064,Entire home/apt,,30,56,2024-11-30,1.42,1,336,0,14-250074-000-00-HO
574134651877581961,Private 2-Bdrm Guesthouse w/ Kitchenette,40623772,1462685146039168480,Kelly,,Sullivan's Gulch,45.53256,-122.64566,Entire home/apt,,30,29,2023-08-12,0.67,1,0,0,
575966329558944757,Peaceful Retreat With Sauna + Outdoor Spa,3041413,1462616071916228074,Katie,,Kerns,45.52626808406887,-122.63954066295453,Entire home/apt,,2,187,2025-11-29,5.24,1,344,55,23-113879-000-00-HO
576978457059936511,Newly Renovated Beautiful Place for Happy Hearts!,55354381,1465907414347966719,Li,,Glenfair,45.52281,-122.50551,Entire home/apt,,2,58,2025-10-21,1.48,1,262,18,22-168880-000-00-HO
578134728854031308,Forest getaway- walk to trails/Zoo/Rose Gardens,50556182,1465774764324517154,Caryn,,Arlington Heights,45.51804,-122.71221,Entire home/apt,,30,7,2022-05-02,0.16,2,365,0,
578314001050291110,Clean & charming room w/pri bath,120281309,1468224282386832257,Adam,,Hazelwood,45.52135,-122.55071,Private room,,30,0,,,1,362,0,
578756788041470686,"A private stay, tailored to fit your needs ^.^",433110508,1463689837286845292,Riley,,Creston-Kenilworth,45.49653,-122.62872,Private room,,30,2,2022-05-03,0.05,1,269,0,
579054109362360203,Gorgeous Bungalow in the Heart of Restaurant Row,7797921,1462741491944918124,Julie,,Beaumont-Wilshire,45.54754,-122.62495,Entire home/apt,,30,1,2024-08-10,0.06,1,311,0,
579643473431212872,Bright boho style 1 bed + den condo in the Pearl,3116341,1462619322279792564,Joana,,Pearl,45.53058,-122.67983,Entire home/apt,,30,1,2024-02-01,0.04,1,354,0,
579734705963048297,Private Garden Sanctuary,457924,1462511950839495868,Sally,,Boise,45.55054,-122.67716,Entire home/apt,,1,33,2025-10-26,0.75,1,343,12,24ASTR-PER-00501
579917866864698124,Unbeatable 94 Walk Score NE PDX Work/Play 3BR+Yard,73444161,1466905792889713892,Oasis Properties,,Boise,45.54936,-122.67148,Entire home/apt,,30,80,2025-07-23,1.77,3,24,2,22-194654-000-00-HO
580446669835502415,Exec. 3bm condo centrally located to tram 'n shops,64117148,1466791250444482186,Anna,,Arbor Lodge,45.57409,-122.68039,Entire home/apt,,30,4,2025-10-06,0.30,1,269,3,
580619307646526349,Beautiful craftsman in quite SE PDX neighborhood,182476151,1468760604287339768,Julia,,Centennial,45.5003,-122.48726,Entire home/apt,,30,0,,,1,362,0,
581864471348852876,Boutique Williams District Studio - 95 Walk score!,37422309,1462675210656722042,Peter,,Boise,45.55235,-122.665,Entire home/apt,,31,13,2025-09-30,0.30,9,359,3,
583459079377815412,"Pristine, spacious 1 bed apartment in Heart of PDX",449764124,1470025465272615792,Lowell,,Overlook,45.56557,-122.68675,Entire home/apt,,2,84,2025-11-16,1.87,1,234,23,22-117856-000-00-HO
584581362777076880,Timber Frame Guesthouse - 100% Green Construction,169608443,1468640162472921598,Michael,,Woodlawn,45.56942831248423,-122.65142310240644,Entire home/apt,,1,215,2025-12-03,5.27,1,342,49,22-130483-000-00-HO
584742285862979544,"Bright, Modern Home in Sellwood, close to dwntwn",18679173,1463058966778635345,Misha,,Sellwood-Moreland Improvement League,45.47518,-122.64455,Entire home/apt,,30,22,2023-07-19,0.51,1,0,0,
585557687434824703,Enchanting Private Bungalow in Alberta Arts,76847024,1466941743675798741,Xiuhtezcatl,,Vernon,45.56051,-122.64563,Entire home/apt,,3,61,2025-11-29,1.37,1,109,10,21-116566-000-00-HO
586558182228281903,Centrally-located waterfront condo in NW Portland,2775670,1462526228337986021,Dave,,Old Town/Chinatown,45.52906,-122.673,Entire home/apt,,30,0,,,1,180,0,
587973747440793800,Laurel House,29651367,1529316989226644069,Gabrielle,,Cully,45.55996,-122.57972,Entire home/apt,,3,151,2025-11-28,3.54,1,253,34,22-163655-000-00-HO
588293421871372350,Hazelwood getaway in NE Portland #1,426284483,1469932463779937003,Jake,,Hazelwood,45.52525,-122.51898,Private room,,31,6,2025-11-09,0.16,4,338,1,
588313139552208487,The Shire by the Rose Garden,121902321,1468237193590708964,Micha,,Hosford-Abernethy,45.50782,-122.65146,Entire home/apt,,3,67,2025-11-17,1.63,1,121,22,22-167330-000-00-HO
588439239338808599,Charming 2-bed Victorian flat in NW Portland,65827157,1466813966051016869,Leslie,,Goose Hollow,45.52125,-122.69605,Entire home/apt,,3,63,2025-11-12,1.54,1,339,12,24-013964-000-00-HO
588648477122512439,Family Friendly SE Portland Getaway w/2 Bedrooms,12190351,1462882164885677531,Nathaniel,,Woodstock,45.46636,-122.61878,Entire home/apt,,2,98,2025-11-16,2.22,1,243,31,24ASTR-APP-00146
589325732662252628,Charming Historic Portland Home with a Huge Yard,187362053,1468969934830258906,Jiaming,,Madison South,45.53891,-122.57842,Entire home/apt,,30,1,2022-06-18,0.02,1,306,0,
589860024242990984,Sleeps 12 - Exclusive Floor - Great for Groups,190656099,1468989935967301129,Aaron,,Humboldt,45.55894470214844,-122.66803741455078,Entire home/apt,,1,30,2025-08-04,0.69,21,355,3,18-266570-000-00-CO
589887216411304890,"Forest views, hiking, family friendly!",25814596,1465350737505235389,Kate,,Forest Park,45.582741,-122.799477,Entire home/apt,,1,258,2025-11-08,5.75,1,235,84,22-165258-000-00-HO
590345945313503903,Central Cozy 2BR Basement Apartment,13973351,1462588494818015995,Marina,,Hosford-Abernethy,45.50986,-122.64546,Entire home/apt,,2,135,2025-12-01,3.24,1,175,37,22-195143-000-00-HO
591818419575619351,Central PDX 94 Walk Score 6BR Gated Patio / Yard,73444161,1466905792889713892,Oasis Properties,,Boise,45.55132,-122.67216,Entire home/apt,,30,41,2024-05-11,0.97,3,265,0,22-194654-000-00-HO
592914094507369977,The Nest: Garden Oasis in Alberta Arts w/Fireplace,198422777,1463137013387750334,Michelle,,Concordia,45.56086,-122.6415,Entire home/apt,,3,105,2025-11-30,2.68,1,163,38,22-143219-000-00-HO
593423013262443047,Charming Mt. Tabor Flat ~ Near Historic Montavilla,257453618,1469360195859669464,Jacob,,North Tabor,45.52363,-122.5967,Entire home/apt,,1,159,2025-07-15,3.61,1,61,38,24ASTR-APP-00285
594772798810713701,4BR • Sleeps 9 • Spacious Home • Walkable Area,115052133,1468183237236817297,Austin,,Hosford-Abernethy,45.505943298339844,-122.65748596191406,Entire home/apt,,2,24,2025-10-06,0.57,6,358,6,22-124671-000-00-CO
594843688164571339,Canopy Loft PDX,61157693,1466752964469476332,Marleigh,,St. Johns,45.59575,-122.75512,Entire home/apt,,1,138,2025-11-23,4.67,1,288,50,22-136331-000-00-HO
594940170120232078,"Quiet, adorable guesthouse near Grant Park",43004730,1465638542654526140,William And Kieren,,Grant Park,45.54202,-122.63743,Entire home/apt,,2,86,2025-11-11,2.09,1,16,32,24-006531-000-00-HO
595534429111070468,The Lily Pad is a place to come and relax.,452253100,1470035706915046507,Alan,,Sumner,45.55958,-122.57093,Entire home/apt,,1,122,2025-09-21,2.83,1,136,33,24-006584-000-00-HO
595620285810920412,Group-Ready Luxury 6BR - Private Floor - Sleeps 12,190656099,1468989935967301129,Aaron,,Humboldt,45.55894470214844,-122.66803741455078,Entire home/apt,,1,40,2025-08-04,0.92,21,334,8,18-266570-000-00-CO
595680673819411804,Perfect for Groups & Families • 8BR • Sleeps 16,190656099,1468989935967301129,Aaron,,Kerns,45.5262336730957,-122.6335220336914,Entire home/apt,,1,44,2025-09-01,1.07,21,321,9,17-246293-000-00-CO
595980252974395878,Private Room in a Peaceful Home,14821108,1462591744721632806,Calvin,,Maplewood,45.473419189453125,-122.73069763183594,Private room,,5,11,2024-04-18,0.27,3,0,0,22-176036-000-00-HO
596241138749758390,"Zen Escape: King Bed, Hot Tub, Private Yard",2195060,1462522788873924128,Leslie,,Kenton,45.58298,-122.69479,Entire home/apt,,3,165,2025-12-01,3.90,1,219,46,24-012297-000-00-HO
596275878802657758,"Modern, 2 bdr condo w/In unit gym, SW waterfront",247551553,1469313041692343184,Brad,,South Portland,45.49761,-122.66815,Entire home/apt,,31,0,,,1,0,0,
597228897258705840,Cozy Williams District Guest Suite,12269741,1462883877937533896,Aaron,,Eliot,45.54666,-122.66258,Entire home/apt,,1,62,2025-10-18,1.39,1,240,9,24-002263-000-00-HO
598681847355970066,Cheerful and private 1-bedroom Woodstock home,126914888,1468276897888085603,Sophie,,Woodstock,45.48549,-122.60653,Entire home/apt,,30,53,2024-01-15,1.21,1,365,0,
599126587431788128,Comfy Getaway | No cleaning Fee | Private Fenced b,395594834,1468345821867454387,Andrew Craig,,Hazelwood,45.52278,-122.54312,Entire home/apt,,30,0,,,1,364,0,
599163505664898665,Wonderful Victorian Home Alberta/Mississippi,24044328,1465282320118230148,Chris,,Irvington,45.54808,-122.6584,Entire home/apt,,31,8,2024-03-05,0.19,1,49,0,
600657222777287734,Classic Condo w/ Parking 30-day min.,205079895,1469069813133303439,Mike,,Northwest District,45.53296,-122.69342,Entire home/apt,,30,14,2025-11-15,0.33,8,78,5,
600798276271356144,Lovely NE Portland 2 bedroom in Montavilla,217988597,1469146740809068308,Johnathan,,Montavilla,45.52805,-122.56941,Entire home/apt,,30,10,2024-12-03,0.24,2,237,0,
602405826229282738,Room walk-in closet in spacious Mississippi Home,3220022,1462623064989166554,Julie,,Boise,45.55085,-122.67554,Private room,,30,15,2025-11-21,0.35,4,239,4,17-178612-000-00-HO
602990319615833096,Heidi Haus | Walkscore of 92 + Bikescore 100,14970082,1462951164224253632,Graham,,Humboldt,45.55498,-122.67623,Entire home/apt,,30,106,2025-05-02,2.47,4,287,1,Exempt
603075559269922598,Rare & lush 2 BR in heart of the city!,36297855,1465539173011447337,Sam,,South Portland,45.48674,-122.67626,Entire home/apt,,30,50,2025-03-22,1.18,5,126,1,
603162243177021900,Mid Century Modern Garden Oasis,6215522,1462700816338163848,Kara,,Cully,45.55992,-122.60196,Entire home/apt,,30,0,,,1,0,0,
603630561068645237,Private Botique Guest Suite In The Trees.,90876848,1462849927152103786,Yls,,Pleasant Valley,45.47199,-122.54224,Entire home/apt,,21,18,2025-09-17,0.41,4,46,2,21-031443-000-00-ho
605902131279025050,Downtowns Portland's best kept secret.,147096437,1468443036899607026,Sherry,,Portland Downtown,45.5106,-122.67582,Entire home/apt,,30,0,,,1,83,0,
606419833498564750,Spacious Forest Retreat w/ Hot Tub & Views,2293902,1462591245407493061,Garrett,,Ashcreek,45.46555,-122.72735,Entire home/apt,,2,260,2025-11-29,5.90,1,98,78,23-113851-000-00-HO
607369222838905613,Pearl District Art Loft: Urban Luxury with Parking,6690245,1462712838027638651,Eric,,Pearl,45.52816,-122.68602,Entire home/apt,,30,7,2024-12-20,0.17,2,0,1,
607896545147923566,"Happy Valley Home, Game Room, + 8 beds!",211556672,1469104379377772815,Esther,,Lents,45.4599818,-122.5702891,Entire home/apt,,31,63,2025-06-23,1.45,1,348,5,Exempt
608177009445182527,Long-Term Rental in the Heart of Nob Hill District,14438067,1462938587520461977,Alisa,,Northwest District,45.52993,-122.69324,Entire home/apt,,30,19,2025-11-23,0.50,1,164,6,
608954805085707238,Hillsdale Spacious Comfy House,210378179,1469097696142266161,Eric,,Hillsdale,45.47983800713817,-122.68917196349314,Entire home/apt,,2,14,2024-12-01,0.43,1,66,0,17-245103-000-00-HO
610732656877939109,Modern City Apartment with Gym and Parking,409693567,1469870422880505881,Patrick And Sarah,,Pearl,45.53094004091297,-122.68061445745326,Entire home/apt,,1,0,,,15,315,0,59712
611170156873352062,Studio in Walkable Foodie Heaven,2996481,1462614503573652325,Peregrine,,Kerns,45.52435,-122.6396,Entire home/apt,,30,369,2025-11-23,8.86,2,154,106,24ASTR-APP-00380
612966287957061618,Mt Tabor Hygge - Comfort Surrounded in Nature,8878148,1462789294405628280,Laura,,Mt. Tabor,45.52146,-122.59924,Entire home/apt,,3,112,2025-11-13,2.75,1,154,19,24-000260-000-00-HO
613325264407119295,New 2 Bedroom Condo Next To Irving Park,10610412,1462845110159650481,Alcides Eduardo,,King,45.5497,-122.65894,Entire home/apt,,4,57,2023-08-19,1.41,1,0,0,25ASTR-PER-00263
613650619752848541,Classic 1917 Portland Home,77736302,1466952895113032779,Angela And Craig,,Overlook,45.5645,-122.69412,Entire home/apt,,1,124,2025-11-28,3.55,1,248,41,22-117859-000-00-HO
613770853572112801,Charming 3 Br 2 Ba entire house w/ parking and gym,21665606,1463160886476476009,Theodore,,Brooklyn Action Corps,45.49446,-122.64806,Entire home/apt,,30,18,2023-08-24,0.42,1,0,0,
613792959738627888,"Modern SE Portland Private Room, Self Check-In!",260686384,1463325790495550289,Muneeb,,Mt. Scott-Arleta,45.483272552490234,-122.60054779052734,Private room,,1,75,2025-10-26,1.77,4,47,21,22-116613-000-00-HO
613852331302199908,"Spacious Home, Best Area, King Beds, and Roof Deck",37422309,1462675210656722042,Peter,,Eliot,45.54674,-122.66301,Entire home/apt,,2,160,2025-11-30,3.72,9,240,39,21-116298-000-00-LU
613891837460698696,"Small bedroom walkable to 100+ food,drinks,coffee",33081979,1465484385718455676,Elsa,,King,45.55488,-122.66093,Private room,,30,9,2025-10-12,0.21,8,138,4,
614617879754110110,Rose City Hideaway,456375182,1463746421061313964,Michael Joseph,,Overlook,45.557,-122.6824,Entire home/apt,,2,147,2025-11-30,4.13,1,315,56,24-000240-000-00-HO
616012706973411711,This is Downtown Portland. 14th floor 2 BDR/2 Bath,130776600,1468309850364372523,Ann Michele,,Portland Downtown,45.50772,-122.6803,Entire home/apt,,30,4,2025-02-05,0.09,1,364,1,
616076192948187513,Lovely one bedroom with instant access to OHSU!,532092702,1470389482392725702,Connie,,Homestead,45.49749662815634,-122.68800270883605,Entire home/apt,,31,9,2025-10-27,0.55,2,267,7,
617981059317605637,‘The Owl’s Nest’ w/ Hot Tub & Forest Views!,121688409,1462921224513368239,Evolve,,Pleasant Valley,45.47114,-122.53987,Entire home/apt,,2,88,2025-11-17,2.05,27,324,16,22-117986-000-00-HO
618751961512273622,Entire Guest Suite with Private Entrance.,390757744,1469808552270286433,Jessica,,King,45.554653,-122.654266,Entire home/apt,,1,145,2025-11-20,3.40,1,160,22,23-002478-000-00-HO
618932044225125014,Escape to the Roseway Retreat,115728998,1468188330190681382,Rachel,,Roseway,45.550858,-122.586082,Entire home/apt,,2,111,2025-11-26,2.56,1,249,14,22-138268-000-00-HO
619011420802106785,Brand New Alberta Arts District Gem,182289060,1468758946074082994,Dale,,Vernon,45.56235,-122.6489,Entire home/apt,,2,144,2025-11-30,3.38,1,68,35,24-016975-000-00-HO
619057143342997125,Tiny Farmhouse - Walk to Local Shops & Restaurants,273076012,1469441172778921911,Dalouny,,Hosford-Abernethy,45.498741149902344,-122.64140319824219,Entire home/apt,,1,248,2025-11-18,5.69,6,354,34,19-111429-000-00-RS
619059335522670748,The Sunstone • Modern Tiny House • Prime Location,273076012,1469441172778921911,Dalouny,,Hosford-Abernethy,45.498741149902344,-122.64140319824219,Entire home/apt,,1,273,2025-11-11,6.30,6,351,32,19-111429-000-00-RS
619788038237443752,✶ Dreamy Round-Bed Room at Amorcito de Jenny ✶,58415337,1466700083396903576,Jenny,,Mt. Scott-Arleta,45.48838,-122.59946,Private room,,2,49,2025-09-17,1.15,3,360,6,22-104186-000-00-HO
619795601428053735,Eco-Friendly Garden Suite - With Chickens!,22546228,1463182471550043486,Mary Carroll,,Piedmont,45.57389,-122.67118,Entire home/apt,,2,26,2025-06-16,0.95,1,356,7,24-016642-000-00-HO
620067234229371726,Adorable quiet Eco-cottage with a view,5192007,1462674976618150186,Kelly And Rich,,Lents,45.46066,-122.5637,Entire home/apt,,30,2,2024-09-06,0.11,2,198,0,
620292983138025643,The 23rd Avenue Retreat - Walk to Shops & Cafes,33154064,1465485518021546275,Connor,,Northwest District,45.53424835205078,-122.69905853271484,Entire home/apt,,1,145,2025-11-23,3.38,8,347,32,21-027792-000-00-CO
620313859717603008,Historic 6BR - Walk to NW Shops - Sleeps 12,33154064,1465485518021546275,Connor,,Northwest District,45.5342,-122.69907,Entire home/apt,,1,44,2025-07-05,1.05,8,337,6,21-027792-000-00-CO
620397134602973513,"New, Charming & Cozy ~ 5* Location ~ King & Queens",339880364,1469663955415681039,Journey,,Powellhurst-Gilbert,45.48473,-122.54841,Entire home/apt,,30,0,,,1,0,0,
620998257751566526,MODERN masterpiece in Portland! Dwell magazine,18210091,1463038795483427440,Quinn,,Overlook,45.557716369628906,-122.68079376220703,Entire home/apt,,30,5,2024-12-04,0.17,1,270,1,
621902800651198177,The Lanthorn House: Family Oasis in Central PDX,457970492,1470061944249206903,Zachary,,Eliot,45.54311,-122.66451,Entire home/apt,,2,43,2025-12-01,1.09,1,153,11,24-013513-000-00-HO
622055279108459593,Cozy Cottage in the heart of Clinton Division,94891193,1467144123211892515,Patrick,,Hosford-Abernethy,45.50251945096342,-122.64215555464332,Entire home/apt,,7,26,2025-03-15,0.63,1,58,3,24-022928-000-00-HO
622446287862862243,Downstairs 1BR in historic Victorian with fire pit,458090816,1470062486787434733,James,,Brooklyn Action Corps,45.50006,-122.6601,Entire home/apt,,30,3,2025-02-08,0.07,1,336,1,
622498954503960798,"Kid-Tested, Parent-Approved Home with Toys & Books",7869789,1462562792033162981,Mohammad,,Northwest Heights,45.5509033203125,-122.77771759033203,Entire home/apt,,2,5,2023-08-20,0.12,2,28,0,22-124080-000-00-HO
622758599369718630,Comfy Home Base on 1/2 acre in SW Portland,78966103,1466965986074103058,Jodi,,Hayhurst,45.47661,-122.7146,Entire home/apt,,30,0,,,1,89,0,
623109568187912159,Lovely and Serene 2 Bedroom Pearl District Condo,22576469,1463183166034496658,Joshua And Renee,,Pearl,45.53446,-122.68397,Entire home/apt,,30,1,2023-06-30,0.03,2,242,0,
623129553475381123,Downtown 1BR Apartment with City View,409693567,1469870422880505881,Patrick And Sarah,,Pearl,45.53102,-122.68192,Entire home/apt,,1,12,2025-11-21,0.86,15,360,9,59712
623396095685323045,Lovely quiet home near N. Mississippi,131228804,1468313887848771590,Scott,,Overlook,45.55138501839693,-122.68301677186862,Entire home/apt,,2,52,2025-11-27,1.79,1,140,15,23-059800-000-00-HO
623449445769546170,Basement Prime location walk to restaurants & tran,33081979,1465484385718455676,Elsa,,Irvington,45.5392,-122.65565,Entire home/apt,,1,282,2025-11-14,6.51,8,204,71,22-106173-000-00-HO
623578798384222992,"*Sweet Sunshine Suite*- Artistic, cozy, & colorful",199501890,1469039927160860057,Deb,,Cully,45.55014,-122.60174,Entire home/apt,,2,89,2025-11-09,2.08,2,354,22,24ASTR-APP-00558
624053992012208991,Queen Bright  in historic neighborhood walk to MAX,33081979,1465484385718455676,Elsa,,Irvington,45.53906,-122.65548,Private room,,30,8,2025-04-25,0.19,8,4,1,
624067517826295928,"King Prime location walk to foods,drinks",33081979,1465484385718455676,Elsa,,Irvington,45.54074,-122.65524,Private room,,1,297,2025-11-16,6.88,8,52,73,22-106173-000-00-HO
625138968713318567,🧚‍♂️🐅🪞The Gem on Hawthorne🌱🌈 🪩,189105426,1468980308468166130,Deej,,Sunnyside,45.51334,-122.62514,Entire home/apt,,30,4,2022-08-15,0.09,1,365,0,
625140933665613917,New and modern guesthouse with free street parking,26968463,1462639318980383421,Tanya,,Kenton,45.57846,-122.69623,Entire home/apt,,1,199,2025-11-17,4.83,1,331,42,18-170820-000-00-HO
625918158290441750,"Huge, Bright & Modern 5 Bdrm w/Fenced Yard",57930851,1466694508836787736,Tan,,Mt. Tabor,45.51046763911121,-122.61093325958565,Entire home/apt,,30,10,2025-11-20,0.25,1,218,4,
625963136297146006,Cozy Private Alberta Arts Studio - Fast WiFi 100mb,32448313,1465476338446271342,John Paul,,Concordia,45.56189065700736,-122.63544584933126,Entire home/apt,,2,58,2025-11-10,2.46,1,165,23,22-124096-000-00-HO
626068463862576610,"Charm, Space and Comfort near Multnomah Village",37348111,1465558716017370593,Heather,,Multnomah,45.46025,-122.71784,Entire home/apt,,3,114,2025-10-26,2.66,1,202,29,24-002588-000-00-HO
626117053091075620,Elegant Lovely Home in Portland close to everything!,34903010,1465515010241610325,Kerrie,,Sellwood-Moreland Improvement League,45.46734,-122.64559,Entire home/apt,,2,69,2025-11-28,1.70,1,325,23,22-143014-000-00-HO
628298167479598203,Historic Dougan Suites : Suite 2,5726659,1462542038111904924,Bridget,,Laurelhurst,45.52450942993164,-122.62254333496094,Entire home/apt,,1,49,2025-11-01,1.25,4,60,16,20-126857-000-00-HO
629022147577688909,Large GreenRM. PrivateBA. Separate Living Level.,3190134,1462622177989363082,Jenna,,Homestead,45.48759,-122.68901,Private room,,30,0,,,4,365,0,
629625460569836578,Spacious 1 Bedroom Apt in Alberta / Alameda Area,453377594,1470040129359784051,Christopher,,Alameda,45.555264,-122.633476,Entire home/apt,,2,65,2025-11-29,1.51,1,117,16,24-011895-000-00-HO
629962948597395551,Modern 3B/3.5 BATH - Walk score 90!,459821523,1470070434785986089,Harry And Christina,,Cully,45.56755,-122.61915,Entire home/apt,,30,79,2024-06-28,1.83,1,0,0,
630606067983802554,"Fenced Yard! Walk to parks, 3 Bedroom",124142815,1462926309221883010,Shannon,,South Portland,45.4786,-122.67531,Entire home/apt,,30,2,2025-05-28,0.05,1,272,1,
632555496882768441,Stylish NE Speakeasy w/ Coffee Bar & Vinyl,460379593,1470073321093539937,Marsha,,Irvington,45.53611,-122.64313,Entire home/apt,,1,226,2025-11-15,5.30,1,48,74,19-193413-000-00-HO
633301529898470441,"Urban Hub, Alberta Arts",115378511,1468185673712425769,Jonathan,,Concordia,45.56142,-122.63478,Entire home/apt,,30,11,2025-09-15,0.28,1,345,3,
634795112915222477,Hawthorne Get Away,66636612,1466823273338162733,Mary,,Richmond,45.51045,-122.63231,Entire home/apt,,30,14,2023-12-24,0.48,1,364,0,22-152728-000-00-HO
635413907290834919,"Astroranchpdx 
7acres, 20 min from central PDX",7915925,1462744503780618339,Kate,,Pleasant Valley,45.46716,-122.52676,Entire home/apt,,30,1,2022-08-26,0.03,2,333,0,
635605057109350283,The Loft in Hawthorne Tabor,777447,1462514152297527180,Michael,,Sunnyside,45.513363,-122.613922,Entire home/apt,,2,146,2025-11-18,3.40,1,257,38,24-012397-000-00-HO
636940648611894115,Adorbs  1-bedroom in Funky Hip area with parking,4084831,1462646981607193720,Miriana,,Boise,45.55258,-122.67154,Entire home/apt,,2,38,2025-08-10,0.91,2,0,1,22-170604-000-00-HO
637004389047205785,Jeremiah's Rocky Butte Bungalow w/ backyard patio,24152318,1465283838625698028,Jeremiah,,Roseway,45.54787,-122.57968,Private room,,1,128,2025-11-16,3.00,1,179,22,22-170650-000-00-HO
637681336608019045,Charming Industrial 1 Bdrm Loft with Priv. Parking,4830078,1462666333570755288,Wesley William,,Old Town/Chinatown,45.52678,-122.67392,Entire home/apt,,30,9,2024-10-06,0.22,1,110,0,
638467207947223081,Restaurant Row! Vibrant Lauralhurst Studio,6549255,1462709274720842031,Michael,,Kerns,45.5210237,-122.634165,Entire home/apt,,2,97,2025-11-15,2.66,1,269,23,24-013626-000-00-HO
638671075277572670,Lovely 1 bedroom garden apartment in Portland,10928596,1462852922743380390,Benjamin,,Kerns,45.52671,-122.63425,Entire home/apt,,31,10,2025-10-18,0.25,3,47,3,
639182523533368756,"Cozy Apt - Short Walk to Food Carts, Bars & More",109920552,1467329822716242980,Emma And Zoey,,King,45.562103,-122.658989,Entire home/apt,,30,31,2024-03-01,0.75,1,277,0,
639767081128991992,Modern Style In The Pearl,462051434,1463760146543739542,Stephanie,,Northwest District,45.52754,-122.69033,Entire home/apt,,1,105,2025-10-26,2.64,1,9,31,24ASTR-APP-00121
639958185255346855,Downtown Condo Along River w/hottub and parking,4539980,1462660031408135215,Beth,,Old Town/Chinatown,45.52972,-122.67444,Entire home/apt,,30,17,2025-11-08,0.43,2,210,5,
639982051854870330,The Wildflower Cottage,22664095,1463185331599637346,Nicole,,Sellwood-Moreland Improvement League,45.4803,-122.64482,Entire home/apt,,2,69,2025-11-18,1.95,1,290,30,22-194668-000-00-HO
639985681276299200,Natural light. Studio ADU + Loft. Parking on-site,39712312,1465592954668431747,Andres,,Southwest Hills,45.50717,-122.73047,Entire home/apt,,30,10,2025-11-08,0.27,1,365,3,
640131555489190388,Remodeled 1906 Craftsman home in Nob Hill district,181702616,1468753602596536715,Vishnumohan,,Northwest District,45.52599,-122.69995,Entire home/apt,,2,65,2025-11-29,1.54,1,68,11,22-140393-000-00-LU
640328648437453436,Portland Bungalow Apartment,384749573,1469789898398500733,Beth,,Sellwood-Moreland Improvement League,45.4780982,-122.6480115,Entire home/apt,,1,62,2025-11-24,2.51,1,210,28,24-014018-000-00-HO
645176965112632079,Cute one-bedroom apartment w/ work from home space,3299455,1462625215936710464,William,,Montavilla,45.53195,-122.58366,Entire home/apt,,35,17,2023-09-21,0.41,1,0,0,
645768712256126466,Luxurious Laurelhurst Speakeasy,4421469,1462657062662987732,Jeremy,,Laurelhurst,45.52378,-122.62336,Entire home/apt,,3,42,2025-11-10,1.08,1,354,22,24-021140-000-00-HO
646337184971927222,Modern basement apartment steps to Peninsula Park!,109008901,1462893079122652949,Alexa,,Humboldt,45.56642,-122.67231,Entire home/apt,,2,93,2025-11-24,2.23,1,356,25,22-168936-000-00-HO
647439517425107038,Unbeatable Location in NW District w Parking,8525373,1462769568085255426,Cynthia,,Northwest District,45.52611839815479,-122.69670959562063,Entire home/apt,,1,38,2025-11-09,0.90,4,80,1,24-026332-000-00-HO
647715294189889329,Paradise Haven-4 BR/2BA- Near Laurelhurst Park,392859086,1469815004468176754,Thomas,,Kerns,45.5269209,-122.6356058,Entire home/apt,,1,203,2025-11-23,4.82,6,242,53,23-091699-000-00-LU
648444562194984347,Single Level Garden Cottage With a Gated Driveway!,150582690,1462985172774990531,Shay,,Pleasant Valley,45.47786,-122.49605,Entire home/apt,,30,20,2025-03-15,0.48,6,234,1,
648499155330990098,Downtown Apartment w/ Gym & Parking,409693567,1469870422880505881,Patrick And Sarah,,Pearl,45.52893,-122.68017,Entire home/apt,,1,2,2024-10-11,0.14,15,258,0,59712
649405848773318334,Always Sunny 1 Bedroom Flat In Buckman,1213257,1462516627506848298,Dayna,,Buckman,45.51984,-122.64742,Entire home/apt,,30,19,2025-06-30,0.47,8,31,3,22-137836-000-00-HO
650810788579447500,Tabor Treasure Near Everywhere You Want to Be,828654,1462530648172381282,Rochelle & Tom,,Mt. Tabor,45.51169,-122.60935,Entire home/apt,,30,0,,,3,0,0,
651466256285936299,Dragonfly Retreat - launch pad to adventure,2549488,1462598192399241173,Richard,,Centennial,45.49616,-122.51064,Entire home/apt,,1,123,2025-11-09,3.29,1,271,32,24-013871-000-00-HO
652066519151494998,Modern Bright Home in the Hub of SE Portland,1581273,1462519030637829967,Paige,,Hosford-Abernethy,45.50602,-122.65197,Entire home/apt,,2,60,2025-11-09,1.56,1,246,27,23-106846-000-00-HO
653107050420875824,Pet Friendly 1-Bed 2-Bath w/Hot Tub,104388,1462509683235486917,Caitlin,,Cully,45.56273,-122.61433,Entire home/apt,,30,5,2023-10-21,0.12,2,152,0,
653251981489333885,Private Room in walkable SE Portland - UNIT B,64662621,1466799575295773563,Kodi,,Mt. Scott-Arleta,45.48693,-122.59881,Private room,,30,22,2024-07-01,0.55,2,178,0,
653318598593499467,University of Portland private Guest House,946587,1462534019158164402,Janine,,University Park,45.57645,-122.72791,Entire home/apt,,2,127,2025-11-22,3.26,1,98,45,24-009079-000-00-HO
653427872638765940,Hillsdale Private Studio Oasis in Portland,135455712,1468349918941021144,Candace,,Hillsdale,45.4860607,-122.7064172,Entire home/apt,,2,48,2025-10-19,1.38,1,331,18,22-178462-000-00-HO
653593830691077640,Healy Heights Hideaway!,465222953,1470096747489968496,Kevin And Kelly,,Southwest Hills,45.4916451,-122.7021368,Entire home/apt,,30,11,2023-06-29,0.26,1,177,0,
653622742462008239,Upgraded One-Bedroom Apartment w/ Gym & City View,409693567,1469870422880505881,Patrick And Sarah,,Pearl,45.53061,-122.68175,Entire home/apt,,1,2,2024-08-24,0.13,15,358,0,59712
653728352767290385,Cozy downtown SE PDX basement apartment,93224502,1462855273612401347,Erin,,Hosford-Abernethy,45.5021059,-122.6394616,Entire home/apt,,1,85,2025-11-08,2.20,1,329,35,24ASTR-PER-00434
653893942563566757,Modern Mid Century Duplex  Woodstock/Reed College,67230784,1466830791831708786,Emma,,Woodstock,45.48852,-122.62166,Entire home/apt,,30,8,2025-06-30,0.20,1,268,1,
654892861520880350,Waterfront view- the best of downtown living,154270631,1468510146748195119,Tanh,,Portland Downtown,45.50946,-122.6792,Entire home/apt,,30,2,2024-06-07,0.05,1,365,0,
657364725764938172,"PDX Guest Suite w/ Skyline Views, Near Downtown",41397606,1462687496699343420,Cinna,,Goose Hollow,45.514913,-122.6934524,Private room,,1,125,2025-12-01,3.00,1,334,36,22-124126-000-00-HO
658853909872369844,Brand New Tiny Home/Pottery Studio in Cute Village,2027604,1462584515596611872,Logan,,Multnomah,45.4644154,-122.7157624,Entire home/apt,,1,126,2025-11-14,3.02,1,77,64,24ASTR-PER-00280
658933295553087847,Cozy modern ADU in Multnomah Village.,275331592,1469452373583468300,Amy,,Multnomah,45.47045,-122.70394,Entire home/apt,,2,49,2025-10-28,1.19,1,358,17,24-013635-000-00-HO
659400646012326892,Charming 1 bedroom apt+ shared patio and hot tub,54429267,1465886602651476186,Bonnie,,Boise,45.55222,-122.67404,Entire home/apt,,30,40,2024-09-22,1.01,1,365,0,22-202002-000-00-HO
659767601130305492,Open garden studio in the heart of the SE Portland,45108209,1465669569970263309,Benjamin,,Buckman,45.51516,-122.64256,Entire home/apt,,2,216,2025-11-28,5.40,1,272,60,23-113925-000-00-HO
660079319216133534,Charming 1BR 1st-Floor | Patio | Washer/Dryer,111798260,1462899543969300764,Vacasa Oregon,,Boise,45.5486,-122.66341,Entire home/apt,,1,16,2025-10-19,0.41,2,365,5,22-161734-000-00-HO
660108525587383727,KEX Portland-Bunk in a Small Bunk Room-Mixed,325943042,1469621545612614779,Heather,,Kerns,45.52414,-122.66274,Shared room,,1,53,2025-11-17,1.63,10,174,42,07296
660117967354180645,KEX Portland-Small Bunk Shared Bath-Female Only,325943042,1469621545612614779,Heather,,Kerns,45.52488,-122.6624,Private room,,1,1,2025-11-12,1,10,132,1,07296
660254329450875513,Stylish 3 Bedroom w/Spa + Yard,219457190,1469157114759779206,Myani,,Kenton,45.5782255483838,-122.69755339552424,Entire home/apt,,30,0,,,1,110,0,
660470564616496766,Cozy & Private Alberta Arts Backyard Cottage,27983728,1465413137301710087,Cris,,Sabin,45.5538,-122.64776,Entire home/apt,,30,17,2023-10-30,0.44,1,0,0,
661211103109997839,"Modern 2BR Alberta Arts w/ Kitchen, Yard & Laundry",179283335,1463071988785417008,Joanna,,Vernon,45.5603574,-122.65068,Entire home/apt,,2,196,2025-11-03,4.75,1,162,52,24-001062-000-00-HO
661892578124228196,Happy To Be Home,102800396,1467233478681221058,Lizhen,,Powellhurst-Gilbert,45.48972,-122.54361,Entire home/apt,,1,134,2025-11-13,3.23,1,340,33,24-002975-000-00-HO
663295482632521527,Boho Chic Secret Garden Suite w/Hot Tub | Portland,16870156,1462599559480404597,Kelly,,Mill Park,45.50742,-122.54743,Entire home/apt,,2,108,2025-11-30,3.20,2,124,27,24-006272-000-00-HO
663800915593630505,Cozy 2-bedroom cottage in Historic Irvington PDX,20542428,1463121707909501988,AnJulia,,Irvington,45.54253,-122.65669,Entire home/apt,,30,0,,,1,52,0,
664087898786528202,Charming Private Yellow Cottage,47895705,1465723522324541026,Dawn,,Piedmont,45.57080360764506,-122.67005955621464,Entire home/apt,,2,190,2025-09-29,5.67,1,152,42,24-000161-000-00-HO
664388309210242596,Artsy Mid-Century Bungalow - Walk to Alberta,1618,1462506270734230415,Elaine,,Vernon,45.56367,-122.65251,Entire home/apt,,4,31,2025-09-05,0.76,2,136,8,23-001807-000-00-HO
664690740524633440,Garden view 1-bedroom B&B with indoor fireplace.,1450850,1462546177978052589,Tatiana,,Ashcreek,45.45344,-122.73488,Private room,,1,33,2025-07-27,0.85,1,87,12,22-143110-000-00-HO
665283275138352573,Cozy and Modern Lower-Level Apartment,1696816,1462519784793517188,Rochelle,,Portsmouth,45.58736,-122.72914,Entire home/apt,,1,140,2024-08-11,3.60,1,0,0,19-111504-000-00-HO
666750717055505359,Bright & Spacious 2br/2ba w/ Skylights,78620294,1462822637052719850,Sasha,,University Park,45.57767,-122.72115,Entire home/apt,,31,20,2023-07-19,0.51,1,203,0,
668206718092663882,"Modern Home in Walkable Neighborhood, BBQ + Patio!",53371722,1465867269051506672,Alex,,Vernon,45.5602578,-122.6509649,Entire home/apt,,30,135,2024-12-01,3.60,2,279,0,20-116785-000-00-HO
668314893844780906,"Portland Getaway – Walkable, Welcoming, Cozy Stay!",23251845,1465270686742321753,Paige,,Sellwood-Moreland Improvement League,45.48153,-122.64248,Entire home/apt,,30,5,2025-08-27,0.35,1,365,4,
669305353590719807,"Modern, Upgraded Apartment -  free parking!",466495851,1470102929739873252,Joan And Juliana,,Pearl,45.528785926699896,-122.68201929650164,Entire home/apt,,30,0,,,2,365,0,
669317123420077294,Great Spacious Apartment - Free Parking!,466495851,1470102929739873252,Joan And Juliana,,Pearl,45.53098,-122.68025,Entire home/apt,,30,0,,,2,365,0,
669506825858487742,Peaceful 2-Bedroom home with off-street parking,14821108,1462591744721632806,Calvin,,Maplewood,45.47331664993261,-122.73063383996485,Entire home/apt,,6,16,2025-06-23,0.43,3,0,1,22-176036-000-00-HO
669599855382680760,"Spacious, bright garden studio on Peninsula Park",88152288,1467058829618374585,Daniel,,Piedmont,45.56888,-122.67473,Entire home/apt,,2,228,2025-11-29,5.70,1,127,68,24ASTR-PER-00120
669609421306508434,Spacious home w/outdoor sauna near bars & eateries,6739097,1462714082974886569,Holly,,Overlook,45.563640206763154,-122.68885608762503,Entire home/apt,,3,130,2025-11-24,3.18,2,0,25,22-124102-000-00-HO
670511637834568872,Spacious 4BR Home for Long Stays,371974160,1469753933893329483,Hermiela K,,Hazelwood,45.5070601,-122.5252662,Entire home/apt,,30,15,2024-07-31,0.37,2,364,0,
671219502584869415,Sleek Urban Oasis - Remodeled 2BR in Popular FoPo!,60630727,1466746779020854012,Olivia,,Foster-Powell,45.4955801540111,-122.59356552754186,Entire home/apt,,35,1,2025-09-24,0.42,1,79,1,
673987542017094388,The Happy Place - 2BD Sellwood Creative Retreat,2526625,1462597534199221312,Kim,,Sellwood-Moreland Improvement League,45.46505,-122.65025,Entire home/apt,,2,130,2025-12-02,3.21,1,181,25,24ASTR-PER-00475
674092406780609521,"Cheerful 2-bedrooms, parking, private entry.",85798968,1462838720725137190,Lorena,,Lents,45.48573,-122.57477,Entire home/apt,,30,18,2025-10-23,0.44,1,0,1,
674550968953011743,"Heron Cottage, Urban Retreat-King Bed",32630833,1465478623872891404,Darro,,North Tabor,45.5285727,-122.6001984,Entire home/apt,,2,132,2025-12-01,3.22,1,338,46,22-127085-000-00-HO
674585418783526567,"Lovely 1-bedrom rental unit Portland, OR",189964332,1468985659720926981,Karim,,Arbor Lodge,45.57425,-122.68213,Entire home/apt,,30,57,2024-09-24,1.39,1,270,0,Exempt
674708571417397325,Close-in Spacious Boho-Glam 1br Apartment by Park,22682285,1463185778784000196,Isa,,Humboldt,45.56488467627353,-122.67573566138553,Entire home/apt,,30,14,2025-04-18,0.41,1,238,4,
674794424442832669,University Park Hideaway,9013078,1462792716616352960,Neysa,,University Park,45.58098,-122.7336,Entire home/apt,,2,111,2025-01-23,2.72,1,0,6,22-169294-000-00-HO
674857657126531323,"Cheerful historic Victorian w A/C, patio, firepit",114720959,1462905788416939937,Hanna,,Eliot,45.5383,-122.6623,Entire home/apt,,1,7,2023-08-27,0.18,2,0,0,23-075570-000-00-HO
675614298438060598,Charming Basement Suite in Historic Laurelhurst,46669750,1462704191192230801,Brittini,,Laurelhurst,45.53256,-122.6288,Entire home/apt,,1,60,2025-10-19,1.59,1,354,15,24ASTR-PER-00345
675615805836588490,Cozy 2 bedroom house w/ patio and backyard!,36297855,1465539173011447337,Sam,,Brooklyn Action Corps,45.49133,-122.64044,Entire home/apt,,30,32,2025-09-20,0.80,5,248,2,
676290252106871031,"Lovely 1 bedroom, 1 bath. Blocks to parks and cafe",13109128,1462903337970723854,Forest,,Buckman,45.52154,-122.63799,Entire home/apt,,30,2,2022-09-21,0.05,1,90,0,
676978545437829993,Private Room (#2/2) in a Peaceful Home,14821108,1462591744721632806,Calvin,,Maplewood,45.47331030197611,-122.73071866482498,Private room,,7,23,2023-11-26,0.56,3,0,0,22-176036-000-00-HO
679008417453494488,The One With The View ~4bd/3ba incredible location,6541481,1462709070691232659,Sara,,Overlook,45.55878,-122.68903,Entire home/apt,,30,3,2023-11-06,0.11,1,363,0,
679164191653063506,Beautiful Apartment near OHSU & Downtown,17932869,1463032329824686715,Adam,,South Portland,45.48953,-122.67866,Entire home/apt,,30,0,,,2,0,0,
679899563389035921,Adorable Portland Retreat,469663895,1470118004474061929,Yvonne,,Hosford-Abernethy,45.5063,-122.65417,Entire home/apt,,1,147,2025-10-27,3.62,1,304,37,24-013503-000-00-HO
680385292342148785,Spacious Group Retreat - 5BR - Sleeps 12,68847451,1466851334558384480,Kendra,,Kerns,45.5255815,-122.6446653,Entire home/apt,,1,183,2025-11-20,4.59,5,350,43,23-026113-000-00-CO
680386853395826077,Comfy & Eclectic Craftsman Home; inner SE Portland,32168092,1462657634479490170,Stuart,,Hosford-Abernethy,45.50214380000001,-122.6363929,Entire home/apt,,2,43,2025-11-26,1.10,1,171,11,19-185405-000-00-HO
680519123710389251,Fantastic Kitchen! 31+ days & save occupancy tax,3228077,1462623268072451416,Jura,,Piedmont,45.57327,-122.66912,Entire home/apt,,30,8,2025-10-06,0.24,1,218,2,
680549349971316539,Sweet two-bedroom home in a great NE PDX location,205093579,1469069876901968750,Ryan,,Rose City Park,45.531014,-122.6081749,Entire home/apt,,30,3,2022-10-30,0.08,1,0,0,
681735879647474008,Classic two bedroom home in portland proper,92277999,1467115744958030472,Felix,,Lents,45.48343,-122.5733,Entire home/apt,,1,178,2025-11-25,4.39,1,242,62,22-175847-000-00-HO
681789275269508432,Natural Light 3 bedroom on Alberta,1676487,1462564789278822920,Robyn,,Vernon,45.55939,-122.65002,Entire home/apt,,30,0,,,1,365,0,
684223698083782025,Getaway in the city,40159913,1465598969363801850,Kathlin,,Lents,45.48684011420278,-122.56271148625777,Entire home/apt,,30,0,,,1,363,0,
684605727203576160,"Tasteful, clean, and quiet 2 bedroom in inner NE.",19393124,1463077663242345350,George,,King,45.55128,-122.65818,Entire home/apt,,360,7,2023-07-12,0.18,1,0,0,22-155224-000-00-HO
684876250591721835,"Soul District Hideaway | Near Bars, Cafés & More",118237877,1468208123743315919,Connor,,Eliot,45.5420689,-122.6621303,Entire home/apt,,1,230,2025-11-25,5.70,6,300,47,21-073012-000-00-CO
685483860908649441,"Charming, Convenient, Modern, one-bedroom studio.",149555015,1468462107975576357,Rachel,,North Tabor,45.52421,-122.60808,Entire home/apt,,90,0,,,1,365,0,
686055616461675524,Alberta Arts 3 Bedroom with Gas Fireplace & A/C,35847109,1465530962920192692,Robert,,Vernon,45.56479,-122.65158,Entire home/apt,,30,5,2025-08-29,0.14,1,338,3,
688037050970730157,One Mississippi Ave - Adventures in Portland!,120621079,1468226971032618607,Frank,,Boise,45.55325,-122.67451,Entire home/apt,,1,90,2025-11-29,2.33,1,303,29,22-163717-000-00-CO
689093778107204387,"Bright, Modern, Artsy 1-Bed Condo (New)",473884242,1470136915621267475,Isaiah,,King,45.55443,-122.66159,Entire home/apt,,2,122,2025-10-25,3.11,1,348,24,22-179725-000-00-HO
689893975568882564,"The very heart of Inner SE Portland, @Division St",714512,1462513717489291010,Dan,,Richmond,45.50552,-122.62906,Entire home/apt,,30,14,2023-08-07,0.36,4,365,0,
690032639501196206,Bohemian Oasis,329081,1462515837915008090,Anna,,Sumner,45.555766272154614,-122.5759619101882,Entire home/apt,,2,16,2025-09-04,0.98,1,261,8,40384
690736115780736885,#LiebeHausPDX - Historic space near Reed College,24496266,1465305326602071113,Kelsey,,Woodstock,45.48861,-122.62041,Entire home/apt,,1,34,2025-10-04,2.01,1,317,21,24ASTR-PER-00199
691287608005268426,Unique & Cozy Tiny Home in SE Portland,139193165,1468380138841402778,Will,,Lents,45.49301,-122.57086,Entire home/apt,,30,0,,,1,0,0,
691630283730337389,Modern 1BR - Bright - Private - Perfectly Located,113868705,1468175165319642168,Darise,,Irvington,45.5351728,-122.646788,Entire home/apt,,1,186,2025-11-09,4.62,10,316,9,25-006186-000-00-CO
691641386738308989,Renovated Studio - Walk to Shops - Private Retreat,113868705,1468175165319642168,Darise,,Irvington,45.53533,-122.64679,Entire home/apt,,1,215,2025-11-23,5.35,10,345,16,25-006186-000-00-CO
691647482676473128,Modern Studio - Sullivan’s Gulch - Walkable Stay,113868705,1468175165319642168,Darise,,Irvington,45.5352689,-122.6468737,Entire home/apt,,1,202,2025-11-21,5.06,10,361,13,25-006186-000-00-CO
691653043817367360,Renovated Studio • Dining Nearby • AC • Fast WiFi,113868705,1468175165319642168,Darise,,Irvington,45.53527,-122.64687,Entire home/apt,,1,165,2025-10-22,4.11,10,358,12,25-006186-000-00-CO
693112757301137926,Casa Midori - a Charming Cottage w/ Garden Sauna,57431738,1465939049823767815,Heather,,Woodlawn,45.56911,-122.64633,Entire home/apt,,3,33,2025-02-02,0.87,1,83,3,24-004076-000-00-HO
693705266685374609,Sunlit Portland Bungalow: No Cleaning Fee,59068154,1466711336075311903,Dana,,Roseway,45.5479,-122.58192,Entire home/apt,,30,10,2023-01-29,0.28,1,0,0,
693921413298925106,3BR Birkendene Nature Escape w/ EV Charger M#41532,126824075,1462932282414455753,Yongxiang,,Northwest Heights,45.54131,-122.77665,Entire home/apt,,30,0,,,5,365,0,
694138607283893076,Modern and Serene Woodstock Home Close to PDX,473913292,1470137094659508623,Christina,,Brentwood-Darlington,45.46395,-122.60552,Entire home/apt,,2,51,2025-11-11,1.32,1,354,12,22-176651-000-00-HO
694768663129527003,"Private, stylish Guesthouse - heart of NE PDX!",10612299,1462845140854533345,Teylour,,Roseway,45.553295546552306,-122.59449999779463,Entire home/apt,,30,98,2025-06-20,2.45,1,276,3,
695748705493977786,Cozy bedroom (and more) in a quiet neighborhood,5742402,1462688300303768067,Mark,,Richmond,45.510096,-122.6302839,Private room,,30,0,,,1,173,0,15-190453-000-00-HO
695941831223105713,Cheerful home with fireplace!,68306541,1466844231132835084,Melissa,,Russell,45.53482,-122.53154,Entire home/apt,,2,189,2025-11-29,4.83,3,184,25,24-004782-000-00-LU
696332289610523301,Historic Charm in Fun PDX Neighborhood!,6240473,1462701445507547912,Marisa,,Richmond,45.50377,-122.62426,Entire home/apt,,30,25,2025-10-31,0.65,1,186,2,50016
697044074129270239,City View Apartment with Gym and Parking,409693567,1469870422880505881,Patrick And Sarah,,Pearl,45.53077,-122.68037,Entire home/apt,,1,8,2023-04-30,0.20,15,227,0,59712
697154165338580302,~RARE FIND~ Gorgeous Nature Getaway in the City!,87103452,1462841504477437504,Louis,,Southwest Hills,45.50574,-122.70899,Entire home/apt,,2,137,2025-11-20,3.50,1,320,48,24-020301-000-00-HO
697272777138664442,"Bright, Stylish Portland Bungalow in Walkable Area",49779724,1465760352067727039,Michael,,Boise,45.55204,-122.66904,Entire home/apt,,1,144,2025-11-19,3.64,3,144,42,23-005500-000-00-HO
697911506470630392,"Spacious, Newly Renovated NOPO 1BR Apartment!",154338,1462511124029657409,Christina,,Kenton,45.58136,-122.69945,Entire home/apt,,31,5,2025-02-05,0.13,1,364,2,
698558069197590135,Lovely space with cozy fireplace in N. Portland.,1125772,1462537712167207348,Eileen,,Kenton,45.58459,-122.70211,Entire home/apt,,2,222,2025-11-29,5.67,1,177,61,00458
699159043720569981,Charming Nopo Basement Apartment,95543760,1467151302872173451,Nicholas,,Humboldt,45.55883523441427,-122.66963404739207,Entire home/apt,,1,28,2025-06-29,0.92,1,361,5,24-005708-000-00-HO
699288055158710228,Walk Everywhere Belmont Gem,186427705,1468964638281795690,Dina,,Buckman,45.5166201,-122.6395412,Entire home/apt,,30,0,,,1,212,0,
699341738040482524,"Overlook,
3Bedroom,
large fenced Yard,Dog Friendly",6568816,1462546210880091443,Marilyn,,Overlook,45.5622072,-122.6876004,Entire home/apt,,30,4,2024-09-03,0.13,1,365,0,
699387049020307615,Modern Bedroom in Classic SE Portland Home,459788767,1470070308862002509,Jojo,,Reed,45.48724120000001,-122.6230437,Private room,,30,6,2023-05-27,0.15,1,364,0,
699866077857802475,Cozy private Montavilla studio with loft bed,20082274,1463098908423711214,Shannon,,Montavilla,45.5156568,-122.5742302,Private room,,2,26,2025-10-12,0.82,1,0,9,22-116602-000-00-HO
700076801537012842,Julio's,101246805,1467214759740966535,Aguendine,,Northwest District,45.52413,-122.68947,Entire home/apt,,30,11,2025-11-02,0.29,1,217,4,
700788397628875688,4BR Pet-Friendly Monthly | Yard + Office,1828909,1462579469313981653,Shona,,North Tabor,45.52611,-122.60812,Entire home/apt,,30,0,,,9,331,0,
701211181701375210,Luxury Condo with Home Gym next to OHSU,354869636,1469708978587084497,Timothy,,South Portland,45.49756,-122.66936,Entire home/apt,,30,4,2025-11-01,0.12,1,362,1,
701409621986014410,Lovely Condo on the Spectacular Willamette River,26929359,1462639187783176161,Edward,,Old Town/Chinatown,45.5292,-122.67327,Entire home/apt,,31,7,2025-03-03,0.19,2,90,1,
702006264063079852,Modern home blocks from trendy Mississippi Ave,49218021,1465749335140146337,Brian,,Humboldt,45.55473,-122.67159,Entire home/apt,,3,100,2025-11-11,2.71,1,352,27,23-036086-000-00-LU
702226271303268350,2 Bedroom Daylight Basement fully stocked,382375965,1469783056574299276,Yuriy,,Powellhurst-Gilbert,45.48424,-122.5151,Entire home/apt,,31,2,2025-07-10,0.07,2,365,1,20-151846-000-00-LU
703526855016323050,Mallory Hideout an Artistic Oasis w 2 Soaking Tubs,65087856,1466804828392649578,Patrick,,Piedmont,45.5756481,-122.6635805,Entire home/apt,,1,124,2025-11-10,3.22,1,256,30,25ASTR-APP-00213
703857434750615410,Cheery (3+ bdr) home - Woodstock and Foster Powell,222472596,1469177798053332720,Vanessa,,Mt. Scott-Arleta,45.4810474,-122.5905601,Entire home/apt,,30,3,2022-12-11,0.08,1,0,0,
703860952484953528,Cozy Elegance in Historic Portland,4332497,1462653983141521839,C. Nicole,,King,45.55385,-122.6597,Entire home/apt,,30,0,,,2,87,0,
703884095725381952,Spectacular Kitchen - Comfy Bed - 85” TV - Plants!,27168187,1462640073277252396,Timoney,,Sunnyside,45.5151967,-122.6205382,Entire home/apt,,3,57,2025-10-13,1.45,2,301,27,21-030599-000-00-HO
704889798849761800,"Modern Studio for Two in Portland, OR",12568111,1462890720453427750,Antoinette Mitchell,,Old Town/Chinatown,45.51978,-122.6722,Entire home/apt,,30,0,,,6,365,0,
704889812370958112,"Modern Studio Deluxe for Two in Portland, OR",12568111,1462890720453427750,Antoinette Mitchell,,Old Town/Chinatown,45.52157,-122.67228,Entire home/apt,,30,0,,,6,365,0,
704889826586453922,"Modern and Spacious 1 Bedroom in Portland, OR",12568111,1462890720453427750,Antoinette Mitchell,,Old Town/Chinatown,45.51997,-122.67231,Entire home/apt,,30,0,,,6,365,0,
704889844860126407,"Modern 1 Bedroom Penthouse in Portland, OR",12568111,1462890720453427750,Antoinette Mitchell,,Old Town/Chinatown,45.52149,-122.67187,Entire home/apt,,30,0,,,6,365,0,
704889862475133972,"Modern 1 Bedroom Presidential in Portland, OR",12568111,1462890720453427750,Antoinette Mitchell,,Old Town/Chinatown,45.51967,-122.67154,Entire home/apt,,30,0,,,6,365,0,
704889875639887651,"Modern and Spacious 2 Bedroom Unit in Portland, OR",12568111,1462890720453427750,Antoinette Mitchell,,Old Town/Chinatown,45.52139,-122.67026,Entire home/apt,,30,0,,,6,365,0,
705036702905097007,Gorgeous 1907 Home in Alphabet District,2349650,1462592724045015979,Corbett,,Northwest District,45.52447,-122.69257,Entire home/apt,,90,0,,,2,156,0,
705610452366070396,Cute SE Portland House with Yard,5617147,1462685135219511853,Sadie,,Creston-Kenilworth,45.49042461555897,-122.60713018476962,Entire home/apt,,60,0,,,1,0,0,
705731625164984473,Room in Buckman,952325,1462534153073481684,Robert,,Sunnyside,45.51401,-122.63068,Private room,,1,107,2025-11-22,3.04,1,61,48,24ASTR-PER-00443
706075161785155593,Brand New Bright 1 Bedroom Guest House w Sun Deck,23400410,1465272798778963533,Bryan,,Richmond,45.50159,-122.63446,Entire home/apt,,31,14,2025-11-20,0.37,4,316,4,19-198980-000-00-HO
707186955313004841,Free Parking/Gym/Rooftop/Pearl District/Downtown,183340435,1463081116926564597,Kiaro Atlas,,Pearl,45.52691,-122.68485,Entire home/apt,,2,134,2025-11-10,3.78,4,179,40,53248
707340252216896039,PDX Studios: 101C - Long-Term Stays Welcome!,472195025,1463783544840228094,Joe,,Boise,45.550203,-122.668244,Entire home/apt,,30,8,2023-12-20,0.21,6,242,0,
707408575405836615,Walk to everything * Your Portland Adventure,7637370,1462737247540630239,Allison,,Sunnyside,45.51310700000001,-122.626305,Entire home/apt,,30,45,2024-12-27,1.50,1,269,1,19-122665-000-00-HO
708000592674343335,Charming 2BD/1BA. Classic Ranch. Close to airport,477999674,1470153799633683460,Steve,,Cully,45.56674,-122.6183,Entire home/apt,,2,9,2023-02-28,0.23,2,284,0,25-000418-000-00-HO
708930346473369883,Northeast Portland Home with Private Outdoor Space,471726253,1470127567685908340,David,,Humboldt,45.5561,-122.66886,Entire home/apt,,30,99,2025-11-24,2.53,1,248,21,22-169263-000-00-HO
709341407596059553,NE Portland Bungalow,35982517,1465533851743715314,Kerry,,Sabin,45.55031117925501,-122.65362952500638,Entire home/apt,,1,77,2025-10-06,2.53,1,65,31,24ASTR-PER-00066
709491776525884425,Light-filled Cottage Studio in Sellwood,60432956,1466743886151802822,Jessica,,Sellwood-Moreland Improvement League,45.45881,-122.6505,Entire home/apt,,2,136,2025-11-13,3.49,1,143,33,24-001098-000-00-HO
711123286067557303,Bright Two Bedroom Cozy Home in FoPo / SE Portland,590514,1462522852283479618,Jayne Jensen,,Foster-Powell,45.49575,-122.59492,Entire home/apt,,30,9,2025-04-30,0.24,1,84,1,
712207156229114625,Foodie Haven - 2 bd in Mississippi / Williams,4084831,1462646981607193720,Miriana,,Boise,45.54929,-122.67126,Entire home/apt,,2,10,2025-05-05,0.26,2,10,5,22-170604-000-00-HO
712940761331432701,Lovely Quiet Neighborhood In NW/Alphabet District,83619132,1462833908573033363,Eddie,,Northwest District,45.52921,-122.68909,Entire home/apt,,30,13,2025-10-29,0.35,2,334,5,
713713943238218805,"Luxurious, Cozy Bungalow w/ Private Yard + Hot Tub",25301565,1465339886501265301,Jessica,,Beaumont-Wilshire,45.55384,-122.62948,Entire home/apt,,2,39,2025-11-16,1.03,1,37,2,25ASTR-PER-00287
714472984424625043,Private Studio near Alberta Arts District,184323147,1468952654786890680,Jason,,Concordia,45.5680963,-122.6309045,Entire home/apt,,30,5,2022-12-18,0.14,1,31,0,22-194007-000-00-HO
714914707519927515,Wonderful den with private bedroom & bathroom,464680245,1463766336894336350,Evan,,Piedmont,45.58236,-122.67574,Private room,,30,4,2023-08-05,0.10,1,365,0,
715878924416858489,Quirky 1 Bedroom Near Reed College,54662569,1465892159771469463,Hans,,Eastmoreland,45.47808,-122.63511,Entire home/apt,,2,120,2025-11-15,3.36,1,84,35,24-016655-000-00-HO
716148753790021423,Vintage Cottage in NE Portland,40115262,1462683586881934281,Cynthia,,Concordia,45.56421,-122.62415,Entire home/apt,,1,60,2025-12-01,3.93,1,152,44,24ASTR-APP-00286
716858136132859567,Midcentury Modern- 3BR/2BA - Near The Grotto,392859086,1469815004468176754,Thomas,,North Tabor,45.52295333059905,-122.6088613232788,Entire home/apt,,1,183,2025-11-13,4.68,6,251,62,24-048271-000-00-LU
716870129902164837,The Writer’s Den,205079895,1469069813133303439,Mike,,Sunnyside,45.51475,-122.62852,Entire home/apt,,30,11,2025-06-01,0.33,8,59,1,
718752889700836447,Two-Story Condo w/ Pool & more!,2292620,1462591221746255032,Elizabeth,,Old Town/Chinatown,45.5302,-122.67565,Entire home/apt,,31,5,2025-08-11,0.18,1,285,2,
719087935871649418,Cozy Bungalow in Ladd’s Addition • Walk/Dine/Shop,20985428,1463143604088814211,Will,,Hosford-Abernethy,45.50527374286095,-122.6514853915651,Entire home/apt,,1,157,2025-11-12,4.22,1,248,42,24-007336-000-00-HO
719092368603119038,Cozy East Side Duplex with Gorgeous Downtown Views,480100048,1470162424238692911,Scott,,Hosford-Abernethy,45.5024917,-122.6423911,Entire home/apt,,2,114,2025-11-24,2.97,1,83,48,24-003497-000-00-HO
719138831057020494,Nicki’s Million Dollar View Suite @Pdx Downtown,103330725,1462878450017128863,Nickisbnb,,Goose Hollow,45.51576,-122.69405,Private room,,1,200,2025-11-17,5.25,4,77,40,22-116574-000-00-HO
719485711018080784,Guest house in quiet neighborhood near downtown,462390230,1470083252622113305,Forrest,,Irvington,45.54519,-122.65747,Entire home/apt,,1,218,2025-11-12,6.14,1,256,59,22-200803-000-00-HO
720326559523871476,Charming guest studio with private deck.,16602363,1462990573006348969,Jacob,,Cully,45.55179,-122.61105,Entire home/apt,,30,1,2022-10-31,0.03,1,151,0,
722558423246890995,PDX Studios: 2C - Short & Long-Term Stays Welcome!,472195025,1463783544840228094,Joe,,Boise,45.5501729,-122.6682332,Entire home/apt,,30,16,2024-01-02,0.41,6,242,0,
722559167308339557,Peaceful Garden Oasis,3588025,1462530755550062847,Oliver,,St. Johns,45.59432,-122.74282,Entire home/apt,,30,1,2025-04-06,0.12,2,144,1,17-155605-000-00-HO
723123992700581697,Northeast Portland Charm 2 Bdrm,10783143,1462849542423141103,Lenore And Mateo,,Piedmont,45.56758,-122.66338,Entire home/apt,,30,0,,,1,177,0,
723356983483276813,Bright 1 bedroom in the heart of the Pearl,112457577,1467357759586049165,Michelle,,Pearl,45.52984,-122.68444,Entire home/apt,,30,2,2022-11-25,0.05,1,0,0,
724199906177888151,Hillside 2 Bedroom Apt-across from OHSU,234902210,1463247813882535514,Gladis A,,Homestead,45.497277645663615,-122.68991412821802,Entire home/apt,,3,47,2025-10-24,1.46,4,324,29,24-025719-000-00-HO
724209134376964588,Cozy Private Apartment,19700666,1463089066105172911,Brian,,Reed,45.4901487,-122.6265373,Entire home/apt,,2,79,2025-11-30,2.25,1,247,29,24-013506-000-00-HO
725289662533833257,Spacious & Serene w/ Private Backyard + Treadmill,481269461,1470167285077751580,Barb,,Cully,45.55632453963853,-122.61510740965605,Entire home/apt,,2,93,2025-11-29,2.43,1,342,31,22-194134-000-00-HO
726007270625250685,Stylish apartment with a loggia by the river,348361462,1469691850320798334,Tia,,Bridgeton,45.60127,-122.65926,Entire home/apt,,30,0,,,1,364,0,
726051602296797640,Welcoming 4BR/3.5BA - Steps from Mt. Tabor Park,159947287,1468556269182517321,Brenson,,Mt. Tabor,45.50891,-122.60309,Entire home/apt,,1,167,2025-11-30,4.32,1,178,52,24-019205-000-00-LU
726114668174057348,"Pristine Renovation w/ Epic Location, Hot Tub",62261998,1462750061747177206,ITrip Vacations,,Boise,45.55341,-122.67574,Entire home/apt,,2,60,2025-11-23,1.56,19,322,19,22-124182-000-00-LU
728393926601096854,Private Room in walkable SE Portland -UNIT A,64662621,1466799575295773563,Kodi,,Mt. Scott-Arleta,45.48843,-122.59888,Private room,,30,27,2023-10-06,0.70,2,178,0,
728588726670272139,"Restful, simple, and clean room",51102839,1465793475498771742,Colton,,Argay,45.54976769854734,-122.52138465642929,Private room,,1,34,2024-11-18,1.23,1,0,0,23-109653-000-00-HO
729265811685215463,2bd Home | Dog Friendly | Central Location,23113393,1465268803213612864,Stephanie,,Cully,45.55852,-122.58334,Entire home/apt,,2,63,2025-11-13,1.69,1,251,28,23-073383-000-00-HO
729761991989336932,The Ascentuary,379187817,1469774757635675287,Dana,,Pleasant Valley,45.46642,-122.53713,Entire home/apt,,30,2,2022-11-13,0.05,1,90,0,
729851001241949301,One bedroom suite in historic Isam White House,51263542,1465797738676626255,Richard,,Northwest District,45.52514619999999,-122.6926936,Entire home/apt,,1,148,2025-11-12,3.95,3,353,39,18-204029-000-00-HO
730362279039582528,Beautiful Two Bedroom Pearl District Condo,27603436,1465407686199395275,Sophie,,Pearl,45.52966989999999,-122.6821796,Entire home/apt,,30,0,,,1,365,0,
731137342154059342,Great Mississippi Location w/ Secure Parking!,10920081,1462852743151604342,Maureen,,Boise,45.553111,-122.674762,Entire home/apt,,2,127,2025-11-29,3.38,1,253,40,24-016186-000-00-HO
733406666073449255,Comfortable 2 Bedroom with a spectacular view,482781851,1470173963821591354,Benjamin,,University Park,45.58041,-122.73862,Entire home/apt,,45,3,2023-10-14,0.08,1,263,0,
734682333185993354,Lovely Condo Alphabet District,927951,1462533501727270815,Debra,,Northwest District,45.52802324516975,-122.70110687419566,Entire home/apt,,31,0,,,1,270,0,
734802604830008560,Stylish tranquil Southwest Portland getaway,6243014,1462701528901090529,Pierre,,Crestwood,45.4566849,-122.7311356,Entire home/apt,,2,121,2025-11-23,3.18,1,79,34,24-005702-000-00-HO
734994207908547884,Private and Elegant Condo - Most Central Location!,457161382,1470057886069739532,Mike,,Goose Hollow,45.52127,-122.68735,Entire home/apt,,60,0,,,2,358,0,
735420134908965150,Fabulous Spacious Condo in the heart of Portland,457161382,1470057886069739532,Mike,,Northwest District,45.52736,-122.7002,Entire home/apt,,150,2,2023-07-01,0.06,2,358,0,
735631897148630149,Historically Refurbished 1909 Duplex in the Trees,72716191,1466897595794714996,Adam,,Overlook,45.55936,-122.68624,Entire home/apt,,31,0,,,2,90,0,
735664483136331173,Cozy up in our 1 bd ADU near Pips & Prince Coffee,20743858,1463137389206687930,Tiffany,,Beaumont-Wilshire,45.55098,-122.61931,Entire home/apt,,1,130,2025-11-17,3.56,1,163,36,22-164205-000-00-HO
736192445533725483,Cozy 1-Bed / Full Kitchen Near it ALL!,82014340,1466995797017317348,Pedro,,Buckman,45.52185,-122.63844,Entire home/apt,,2,22,2025-09-29,0.58,1,8,15,25ASTR-PER-00047
736286948060532000,Beautiful downtown studio vacation home with patio,483342821,1470176311612455577,Essayas.Martha,,Southwest Hills,45.5090147,-122.6877937,Entire home/apt,,30,0,,,1,365,0,
736514022686748633,Hazelwood getaway in NE Portland #2,426284483,1469932463779937003,Jake,,Hazelwood,45.52519,-122.51912,Private room,,31,5,2025-05-29,0.14,4,353,1,
736883389466466771,Cheerful and Comfy Two Bedroom with Free Parking,389532413,1469804890409853224,Craig,,Cully,45.5676015692827,-122.61413752186593,Entire home/apt,,2,27,2025-11-10,2.28,1,1,27,24ASTR-APP-00489
738488406586540247,Cozy 2 bedroom Home Near Mississippi St,483735464,1470178046767984092,Kimberly,,Humboldt,45.55854,-122.67576,Entire home/apt,,30,20,2025-02-16,0.53,1,217,1,24-012551-000-00-HO
738682585451111470,Convenient NE PDX | comfort modern living,264587074,1469399632330930924,Virginia,,Piedmont,45.57146,-122.66422,Entire home/apt,,1,299,2025-11-30,8.18,1,355,88,23-087640-000-00-HO
739859122134328071,Cozy room in unique Victorian close to nightlife,114720959,1462905788416939937,Hanna,,Eliot,45.53842,-122.66293,Private room,,1,13,2023-11-11,0.34,2,0,0,23-075570-000-00-HO
739973521873812669,Private studio in SE Portland!,13613391,1462916619412433145,Christopher,,Lents,45.4754753,-122.5700172,Entire home/apt,,30,49,2025-11-30,1.44,1,268,4,
740049473507358706,Lovely 1-Bedroom condo with river view!,289572266,1463390955898065057,Frank,,South Portland,45.4853947,-122.6733703,Entire home/apt,,30,0,,,1,364,0,
741164837264194419,PDX Studios: 3B- Short & Long-Term Stays Welcome!,472195025,1463783544840228094,Joe,,Boise,45.55046,-122.66929,Entire home/apt,,30,22,2024-07-02,0.58,6,365,0,
743397552725911399,"Classic Bungalow, Great Area",22737017,1463187080171479287,Bill,,Richmond,45.50072,-122.63093,Private room,,30,0,,,1,364,0,
745135858601770356,Entire home! Charming two bedroom private house!,120784744,1468228293798889322,Ani,,Concordia,45.57407,-122.63698,Entire home/apt,,30,9,2024-06-08,0.28,1,364,0,
745170507580930579,"Colorful, Light-Filled Bungalow in Inner NE PDX",143151,1462510760046514297,Margaret,,Sabin,45.5543685,-122.6522102,Entire home/apt,,2,47,2025-09-30,1.34,1,43,8,23-029185-000-00-HO
746312821268637420,Backyard Guesthouse in Quiet Neighborhood,7331012,1462729186226186997,Elizabeth,,Arbor Lodge,45.57027396271563,-122.69057877338346,Entire home/apt,,2,29,2025-10-03,1.10,1,0,24,23-012246-000-00-HO
747026997784201029,Modern + Cozy 1br in the heart of SW Portland,375783,1462516906199126975,Lyndsey,,Hillsdale,45.47096,-122.69237,Entire home/apt,,2,35,2025-09-01,0.96,1,123,3,24-005988-000-00-HO
747323959182331555,Quiet Redwood Retreat,5839728,1462690938310181845,Robin,,North Tabor,45.52316,-122.60256,Entire home/apt,,3,70,2025-11-17,2.03,1,301,28,24-026275-000-00-HO
748044805266769206,"Modern, Cozy & Bright Home in SW Portland",37853275,1465566430162219136,Mina,,Far Southwest,45.4366,-122.73915,Entire home/apt,,2,4,2025-10-13,0.23,1,262,3,25ASTR-PER-00021
749493346472349392,Free Parking/Gym/Rooftop/Pearl District/Downtown,183340435,1463081116926564597,Kiaro Atlas,,Pearl,45.52721,-122.68534,Entire home/apt,,2,136,2025-11-28,3.64,4,166,33,53248
749604589248680927,NW Portland Oasis walkable to DT Shops & Dining,17654502,1463025890656834883,Lade,,Northwest District,45.5274,-122.68942,Entire home/apt,,1,123,2025-11-28,3.32,1,346,33,24-002115-000-00-HO
750105963970945538,Cozy Daylight Basement Apartment,56527701,1462734767581048437,Ariel,,Montavilla,45.50891,-122.57476,Entire home/apt,,4,31,2025-08-28,0.90,1,261,10,24-006561-000-00-HO
750231205752146268,Cozy family friendly ranch close to amenities,485855141,1470187125499491818,Danny,,Overlook,45.55911,-122.68195,Entire home/apt,,2,112,2025-11-30,3.01,1,243,35,32517
750260372351835719,The Loft; N. Portland,6358589,1462704410093329059,Connor,,Portsmouth,45.58611,-122.72383,Entire home/apt,,2,128,2025-11-28,3.64,2,347,47,18-218604-000-00-HO
750340629024400008,I offer the best service you’re welcome,485867552,1463815141898260841,Daniel,,Portsmouth,45.59164579999999,-122.7273948,Private room,,30,8,2023-06-30,0.21,1,364,0,
750901238372577461,Private Studio In The Heart Of SW Portland!,150582690,1462985172774990531,Shay,,South Portland,45.48735,-122.67858,Private room,,2,29,2025-09-04,0.82,6,2,4,22-168906-000-00-HO
751305215989667691,Inviting 2 bedroom home w/ garden and free parking,82716541,1467002946989142602,Christine,,Woodlawn,45.56993,-122.64955,Entire home/apt,,30,6,2024-04-01,0.16,1,0,0,
751406487906734054,The Auric Door Inn on Mississippi,221421926,1469170152876833747,Descansa Property,,Boise,45.55247771079813,-122.67533924520204,Entire home/apt,,1,60,2025-11-19,1.61,19,174,13,24-016112-000-00-HO
751466143120941858,Monthly Rental - The Artist's Garden,221421926,1469170152876833747,Descansa Property,,Woodstock,45.48946,-122.61887,Entire home/apt,,30,31,2025-04-30,0.83,19,275,2,
753338173161413470,Daylight Dreaming. Exceptional New 2-Bedroom Condo,41102088,1465611602136957000,Natalya,,Powellhurst-Gilbert,45.50351,-122.52063,Entire home/apt,,30,0,,,1,363,0,
754232993941617458,Charming SE Portland - Prime Location,1872896,1462520895695395564,John,,Hosford-Abernethy,45.50872,-122.64086,Entire home/apt,,30,2,2023-05-20,0.06,1,365,0,
755150674288332173,"Freshly renovated, swanky duplex.",486782124,1470191027554023747,David,,Brooklyn Action Corps,45.496198861100375,-122.65108708198137,Entire home/apt,,30,33,2025-11-15,0.94,1,229,11,22-206409-000-00-HO
756032983528475416,Lovely 2 bedroom 2 bath apartment!,138656740,1468375988045474346,Mykajah,,East Columbia,45.60244,-122.67626,Entire home/apt,,30,1,2022-11-11,0.03,1,0,0,
757186695951578047,Adorable Portland Retreat < 8 Mi to Downtown!,121688409,1462921224513368239,Evolve,,Brentwood-Darlington,45.4663,-122.59999,Entire home/apt,,30,5,2024-12-31,0.14,27,0,1,
757494742161675641,Mid-Century Modern Gem Near Multnomah Village,96898246,1467167230193803136,Amy,,Crestwood,45.4508026,-122.7319382,Entire home/apt,,30,2,2023-10-21,0.06,1,61,0,
757943341506854184,Spacious 2 BR /1 bath w/ Gas fireplace & laundry,487307218,1470193245806036038,Theresa,,Parkrose,45.5478157,-122.5423223,Entire home/apt,,30,2,2025-09-22,0.07,1,364,1,
760163436599997694,Cozy Boho NoPo — Long Stays,192117374,1468998767182525299,Clarissa,,Piedmont,45.576243343473635,-122.66737432564253,Entire home/apt,,30,63,2024-03-17,1.86,4,0,0,Exempt
760953576527081522,Artsy apartment in NE PDX (montly min),487868768,1470195579512787908,Barbara,,Concordia,45.56086,-122.64247,Entire home/apt,,30,0,,,1,179,0,
761159231447024130,Your Portland Home Away From Home,127449972,1468281339491716011,Joanna,,Brentwood-Darlington,45.471669307713356,-122.59304996308427,Entire home/apt,,30,7,2025-06-10,0.22,1,218,2,
761722528688946815,The Humboldt Abode,488015807,1463820461766306107,John,,Boise,45.55251,-122.66483,Private room,,2,41,2025-10-20,1.29,2,341,12,24ASTR-PER-00033
761723198428833974,Comfy Rustic Modern Tiny House,488015807,1463820461766306107,John,,Boise,45.5531736,-122.6654255,Entire home/apt,,2,182,2025-11-17,5.01,2,324,50,24ASTR-PER-00033
763138676352579110,"Soulful Vintage Studio, Steps from Portland’s Best",340860910,1469667694578977065,Francois,,Northwest District,45.52322230000001,-122.6870309,Entire home/apt,,30,12,2025-10-31,0.34,1,281,4,
763278557466324285,A Modern Sanctuary in Woodland Garden,5386496,1462679639717538397,I-Hua,,Ashcreek,45.46727,-122.72975,Entire home/apt,,1,64,2025-11-04,2.29,1,254,27,24-012556-000-00-HO
765129266078344425,Historical Portland Home < 2 Mi to Downtown!,121688409,1462921224513368239,Evolve,,Irvington,45.5369,-122.64974,Entire home/apt,,1,31,2025-10-20,0.87,27,359,10,03-169043-000-00-LU
765154119553277992,Historic Portland 2 Bedroom Hideaway,147708508,1468448013404626277,Deborah,,Sunnyside,45.5158672,-122.6335861,Entire home/apt,,30,5,2023-12-01,0.14,4,334,0,
765421272081685934,HOT TUB & SAUNA >10 min from city center  PDX,488672037,1463822056774199862,Dar,,Ashcreek,45.45898,-122.72085,Entire home/apt,,1,249,2025-12-02,8.91,1,340,78,24-001913-000-00-HO
768931760655186587,Centrally located 1 Bed Home on Hawthorne-New AC,33928647,1465495871283088426,Eric,,Richmond,45.51126,-122.62928,Entire home/apt,,1,151,2025-11-15,4.19,1,73,43,24-012184-000-00-HO
769200425606834444,La Casita,38738358,1465579083064785041,Natalie,,St. Johns,45.59236,-122.74091,Private room,,30,0,,,1,0,0,
769640157609873966,Spacious Suite in Urban Farmhouse,128635441,1468291172812417313,Anna,,Brentwood-Darlington,45.46182544992708,-122.58463028465576,Private room,,30,10,2023-02-12,0.28,1,0,0,16-177456-129-12-HO
770273458151493831,PDX Pad on Clinton,43639745,1465647960975108082,Brendan,,Hosford-Abernethy,45.50264,-122.64113,Entire home/apt,,2,94,2025-11-25,2.88,1,241,37,25ASTR-PER-00187
771116464191677446,Portland Getaway!  Visit the Alberta Arts District,128445968,1468289595506232072,Micaela,,Concordia,45.5567,-122.63776,Entire home/apt,,30,111,2025-10-27,3.10,2,358,26,22-200809-000-00-HO
771171342966033406,Hazelwood getaway in NE PDX #4,426284483,1469932463779937003,Jake,,Hazelwood,45.52327,-122.51894,Private room,,30,5,2025-07-31,0.16,4,365,2,
771183966925479816,"Location, Location, Location & Comfort",8525373,1462769568085255426,Cynthia,,Northwest District,45.52659,-122.69563,Private room,,1,85,2025-10-27,2.33,4,268,31,24-026332-000-00-HO
771361361062690139,Boho Chic Townhouse Unit: The Ideal Portland Base,23534283,1465274559208244171,Stephen,,North Tabor,45.525298,-122.607747,Entire home/apt,,90,2,2023-03-20,0.06,1,132,0,
772624272005415799,Studio Apartment in NW Portland,2820851,1462609613388119680,Northwest Portland Hostel,,Northwest District,45.52497,-122.6902,Entire home/apt,,1,7,2025-08-07,0.20,8,352,3,52640
772719108396426474,Quiet comfortable home,145813310,1468432483376627933,Clarissa,,Pleasant Valley,45.472038139225496,-122.52717692157329,Entire home/apt,,30,6,2023-04-23,0.17,1,0,0,
772740366403108396,Luxury in Portland's Alberta Arts District,128445968,1468289595506232072,Micaela,,Alameda,45.55498,-122.63788,Entire home/apt,,2,76,2025-11-02,2.12,2,341,18,22-200809-000-00-HO
773178418746550450,2 Bedroom Forest Views Guest Suite for Long Term,11194078,1462859210997473153,Jessica Rose,,Powellhurst-Gilbert,45.5013476,-122.5625991,Entire home/apt,,30,1,2025-03-31,0.12,3,345,1,
774063414377223440,Cozy retreat in SE Woodstock,174855751,1468696089768659263,Kai,,Woodstock,45.48261,-122.60798,Entire home/apt,,3,84,2025-11-30,2.39,1,333,33,24-013095-000-00-HO
774633870709578792,Ladd's Addition Guest Suite,9313887,1462810947028928169,Kate,,Hosford-Abernethy,45.51104,-122.65025,Entire home/apt,,30,123,2025-09-15,3.45,1,356,26,10944
777146570094229248,Solo Traveler's Pied-á-Terre w Free Parking,8525373,1462769568085255426,Cynthia,,Northwest District,45.526771686880345,-122.69745857240159,Private room,,1,36,2024-09-09,1.02,4,80,0,24-026332-000-00-HO
777779337849698837,Charming Luxury/SE Portland/MtTabor/Montavilla/MCM,930613,1462533583509548492,Gregg,,Montavilla,45.50844,-122.5839,Entire home/apt,,3,51,2025-11-09,1.58,1,330,15,24-002323-000-00-HO
778265000364762909,Charming Craftsman Close to Restaurants & Shops,3851254,1462640992485161432,Chelsie,,Northwest District,45.52842,-122.69654,Entire home/apt,,30,3,2025-07-05,0.11,2,122,1,
780551511100085524,The Perch PDX - Modern Studio on Division,491213027,1470211672726993539,Samantha,,Hosford-Abernethy,45.5038,-122.63954,Entire home/apt,,1,210,2025-09-29,5.80,1,0,41,19-115621-000-00-HO
781419064368125577,17Wood,108866481,1467318616903326569,Zachary,,Hosford-Abernethy,45.50227798272519,-122.64835875481367,Entire home/apt,,30,8,2025-10-16,0.23,2,315,4,12-998809-363-55-HO
781849783860879847,Cozy Suite in the heart of Portland,491435195,1463828819627550393,Kingdom Capital,,Hosford-Abernethy,45.5074,-122.65295,Entire home/apt,,30,22,2025-08-23,0.63,2,361,3,
782598662676728927,Willamette River Perch,191758910,1468996646856687357,Laura,,Old Town/Chinatown,45.5302089,-122.6746408,Entire home/apt,,30,6,2025-12-01,0.18,1,97,2,
783003086108763319,A cozy mid-century modern house in lake Oswego,18704603,1463059420922974186,Shiva5623,,Arnold Creek,45.4335855,-122.6976303,Entire home/apt,,30,11,2025-11-25,0.34,1,247,5,
783475961349345030,Guesthouse with Fenced Yard in NE Portland,101992842,1467223987496738775,Eric,,Woodlawn,45.567023683097055,-122.65580523721611,Entire home/apt,,3,110,2025-11-30,3.15,1,333,31,23-107434-000-00-HO
784288992276908856,Retro artist's loft on Belmont,15054186,1462953151476749764,Luna,,Sunnyside,45.51709286890107,-122.62658230203078,Entire home/apt,,1,389,2025-11-28,11.34,1,248,134,24-005998-000-00-HO
784321325760026956,Cozy Forest Hideaway,30171544,1465444222719691771,Susan,,South Burlingame,45.46868630328087,-122.67943656068637,Entire home/apt,,1,7,2025-02-16,0.63,1,241,7,24ASTR-APP-00448
785568217785068491,Cozy retreat close to all the fun!,14992703,1462951707029673004,Malinda,,Richmond,45.5074038,-122.6344712,Entire home/apt,,30,5,2025-07-10,0.15,1,354,1,
785600127297331197,#StayInMyDistrict Overlook Backyard Tiny Suite,3142393,1462528276679400180,Amy,,Overlook,45.55452,-122.68898,Entire home/apt,,1,77,2025-11-01,2.16,21,173,27,22-194237-000-00-HO
786916255377210028,Modern Suite in NE Portland,492280709,1470216653263327116,Tara,,Vernon,45.562403805421354,-122.64669004173163,Entire home/apt,,30,2,2023-03-18,0.06,1,177,0,
787715368146460329,Mount Tabor Loft With Hot Tub,59070590,1462741734128512621,Adam,,South Tabor,45.50243838232859,-122.5863766674591,Entire home/apt,,1,212,2025-11-24,6.03,2,344,55,23-113345-000-00-HO
787963769614817698,Mississippi District Retreat,263333566,1469392705952735532,Lamont,,Humboldt,45.55936586239735,-122.67230147637686,Entire home/apt,,30,1,2025-10-12,0.56,1,341,1,
788551599739384798,"Stylish, comfortable, private.",514724040,1529334630326761942,Palarcello,,Crestwood,45.4572223,-122.7260131,Entire home/apt,,2,74,2025-11-28,2.41,1,327,23,23-022697-000-00-HO
789374284887176491,Urban Minimalist Home,54667782,1462729507984998614,Fatima,,Mill Park,45.50776,-122.53647,Entire home/apt,,30,79,2025-10-13,2.25,11,307,30,24-010591-000-00-HO
791443989413789589,The Arthur Tiny House @Tiny Digs Hotel- Train Vibe,84008197,1467015859370925441,Pamela Beth,,Kerns,45.5263229,-122.6382411,Entire home/apt,,1,2,2025-09-22,0.06,11,350,1,16-137210-000-00-CO
791444003630106601,Bamboo Tiny House @ Tiny Digs Hotel- Far East Vibe,84008197,1467015859370925441,Pamela Beth,,Kerns,45.52632,-122.63824,Entire home/apt,,1,5,2025-08-17,0.15,11,361,2,16-137210-000-00-CO
791444017963915453,The Barn Tiny House @ Tiny Digs Hotel- Farm Vibe,84008197,1467015859370925441,Pamela Beth,,Kerns,45.5263229,-122.6382411,Entire home/apt,,1,5,2025-10-05,0.20,11,355,3,16-137210-000-00-CO
791444033577506130,The Beach Tiny House @ Tiny Digs Hotel- Beach Vibe,84008197,1467015859370925441,Pamela Beth,,Kerns,45.5263229,-122.6382411,Entire home/apt,,1,2,2023-02-21,0.06,11,355,0,16-137210-000-00-CO
791444049755178449,The Boho Tiny House @Tiny Digs Hotel Bohemian Vibe,84008197,1467015859370925441,Pamela Beth,,Kerns,45.52632,-122.63824,Entire home/apt,,1,1,2023-07-18,0.03,11,355,0,16-137210-000-00-CO
791444063076996328,The Cabin Tiny House @Tiny Digs Hotel- Rustic Vibe,84008197,1467015859370925441,Pamela Beth,,Kerns,45.5263229,-122.6382411,Entire home/apt,,1,9,2024-09-22,0.30,11,363,0,16-137210-000-00-CO
791444076835709769,Cottage Tiny House@Tiny Digs Hotel- Victorian Vibe,84008197,1467015859370925441,Pamela Beth,,Kerns,45.52632,-122.63824,Entire home/apt,,1,5,2025-10-20,0.28,11,352,2,16-137210-000-00-CO
791444091092198786,Finlandia Tiny House@Tiny Digs Hotel- Finnish Vibe,84008197,1467015859370925441,Pamela Beth,,Kerns,45.5263229,-122.6382411,Entire home/apt,,1,5,2023-07-16,0.14,11,345,0,16-137210-000-00-CO
791444103112530563,Merlot Tiny House @ Tiny Digs Hotel- Vineyard Vibe,84008197,1467015859370925441,Pamela Beth,,Kerns,45.52632,-122.63824,Entire home/apt,,1,6,2025-05-25,0.17,11,358,3,16-137210-000-00-CO
791444116520507464,The Modern - Custom Tiny Home w/ Modern Vibe,84008197,1467015859370925441,Pamela Beth,,Kerns,45.5263229,-122.6382411,Entire home/apt,,30,0,,,11,187,0,Exempt
791444143388475757,The Zen - Custom Tiny Home w/ Zen Vibe,84008197,1467015859370925441,Pamela Beth,,Kerns,45.52632,-122.63824,Entire home/apt,,1,2,2023-09-23,0.07,11,350,0,Exempt
791947684416198562,3BR • Sleeps 6 • King Bed • Prime SE Location,177257126,1468716186632578141,James,,Buckman,45.51523,-122.65305,Entire home/apt,,1,113,2024-11-03,3.17,9,351,0,24-106588-000-00-RS
796332063442924370,"Sapphire Rm - Central 2 dt, Sink/Vanity, Desk.",493461219,1470221697870395558,Nathan,,Arbor Lodge,45.576989814629805,-122.70117697817005,Private room,,30,5,2025-09-10,0.16,11,365,1,
796359857640032064,Mid-Century Apt - walk to Reed,182966,1462511981103848339,Ian,,Reed,45.4889364,-122.6317289,Entire home/apt,,2,40,2025-11-30,1.21,1,225,9,22-129635-000-00-HO
797129982142519818,Penthouse with mountain views!,554332,1462521541198214260,Pamela,,Portland Downtown,45.5212,-122.68472,Entire home/apt,,2,22,2024-11-10,0.65,1,0,0,24-013364-000-00-HO
797791392938976390,Cute Remodeled Two Bed Townhouse,8680367,1462773603258153746,Michael,,Richmond,45.50000388240757,-122.63344938459156,Entire home/apt,,30,1,2023-08-01,0.04,9,269,0,
797950305927604069,Sky in Portland Studio-across from OHSU,234902210,1463247813882535514,Gladis A,,Homestead,45.49940658100719,-122.68897329970427,Entire home/apt,,30,8,2024-01-12,0.24,4,0,0,
798524810822950384,Woodlawn Cottage,494658346,1470226684360073858,Mark,,Woodlawn,45.57418130023464,-122.64967889756147,Entire home/apt,,1,218,2025-11-23,6.83,1,145,74,23-023371-000-00-HO
799640108538362464,Classy Irvington Living Space,90342574,1467093009939360983,Anna,,Irvington,45.54661651887042,-122.65669768761386,Entire home/apt,,3,68,2025-11-17,2.39,1,338,27,23-103208-000-00-HO
800756909716372191,Beautiful Bedroom/Bath near OHSU - Women Only,163637443,1468592301889756143,Nichole,,South Portland,45.48037370000001,-122.6751608,Private room,,2,60,2025-11-22,1.84,1,232,27,24-018833-000-00-HO
803571153281560582,"Emerald Rm-Quiet, desk, laundry/kitchen parking",493461219,1470221697870395558,Nathan,,Kenton,45.57909,-122.7027,Private room,,30,8,2025-10-26,0.27,11,365,4,
803952947489162560,Overlook Lodge,81958224,1466995313091852746,Juan,,Overlook,45.5647,-122.67866,Entire home/apt,,1,193,2025-11-24,8.13,1,160,76,23-020432-000-00-HO
805405446279599174,Charming & Quiet 2BD/2BA w/Records+Books+Huge Yard,496303106,1470233332122873363,Emma,,Russell,45.53446285337235,-122.53542935997147,Entire home/apt,,1,18,2023-08-16,0.53,1,0,0,23-010554-000-00-HO
805946732909641426,Garden Apartment Gem,32309322,1465474545795056179,Nancy,,Piedmont,45.57338738706116,-122.66498043560593,Entire home/apt,,2,53,2025-11-29,1.56,1,232,21,22-212922-000-00-HO
806082819587857357,Artistic Downstairs Apt in Charming Craftsman Home,540047456,1470420751434459551,Jessy,,Buckman,45.51488,-122.64252,Entire home/apt,,2,60,2025-11-17,1.73,1,163,16,21-079391-000-00-HO
806411274976645470,The Cully Cottage,42794582,1465635697386548788,Laurie,,Cully,45.5541874416336,-122.60719355195761,Entire home/apt,,1,0,,,1,297,0,25ASTR-APP-00211
806457860498752743,"Pyrite Rm-Quiet, Wi Fi, Laundry, kitchen, transit",493461219,1470221697870395558,Nathan,,Kenton,45.57863348578177,-122.70225236090026,Private room,,30,7,2025-10-15,0.22,11,365,2,
806509557115505125,"Lapis Rm-Secure, Wi-Fi, kitchen, dining/transit",493461219,1470221697870395558,Nathan,,Kenton,45.57825,-122.70055,Private room,,30,10,2025-11-02,0.29,11,364,3,
806550807101306582,"Kunzite Rm-Quiet, petite rm, near dining & transit",493461219,1470221697870395558,Nathan,,Arbor Lodge,45.57685132640317,-122.70220688672136,Private room,,30,9,2025-09-11,0.26,11,337,2,
806681576882471567,"Intimate Casita W/ Hot tub, Movie loft & Chiminea!",4901178,1462667952608821793,Christopher,,Woodstock,45.48272949971901,-122.60806818465576,Entire home/apt,,1,203,2025-11-28,6.73,4,345,67,20-133552-000-00-HO
806784521595861261,Creston & Chill Suite,16963809,1462999097029917362,Valentino,,Creston-Kenilworth,45.49177052862891,-122.61514094396473,Entire home/apt,,2,37,2025-10-31,1.13,2,262,23,24-024634-000-00-HO
807167221557469880,"Azurite Rm, Quiet twin, Wi-Fi on Transit mins 2 DT",493461219,1470221697870395558,Nathan,,Kenton,45.57826,-122.70067,Private room,,30,5,2025-10-24,0.18,11,353,3,
807235981511526608,Luxury Apartment with Laundry in Best Neighborhood,37422309,1462675210656722042,Peter,,King,45.55226380419144,-122.66284541613825,Entire home/apt,,2,108,2025-11-18,3.15,9,168,36,24ASTR-APP-00364
807336196107263310,Laurelhurst Dream on Restaurant Row ~ 97 WalkScore,88253867,1467059947580489724,Jordan,,Kerns,45.52661,-122.63557,Entire home/apt,,30,159,2024-10-22,4.58,15,250,0,96064
807378255689177641,fifty windows | light filled getaway,12300845,1462884570870608085,Maria,,Overlook,45.558,-122.69332,Entire home/apt,,3,67,2025-11-29,2.06,1,206,35,21-117205-000-00-LU
807538018934047113,Charming and Bright 1 Bedroom Alberta Arts Loft,16400193,1462597749019949506,Tri,,Concordia,45.55704880532659,-122.63600802819364,Entire home/apt,,1,12,2025-09-20,0.36,2,349,3,24-010176-000-00-HO
808217780785206973,Bright & Peaceful Retreat in the heart of NE PDX,27309396,1462640575779196967,Nicollette,,Concordia,45.56768,-122.64077,Entire home/apt,,4,99,2025-11-29,3.07,1,269,35,23-111905-000-00-HO
808877446369414170,Cozy Mt. Tabor Bungalow,8232906,1462752487873185971,Kevin,,Mt. Tabor,45.509736007987506,-122.58878726259036,Entire home/apt,,31,4,2025-06-20,0.13,1,256,1,
809534874053543750,"Cutie NoPo Guesthouse, Private + Dog-Friendly!",12303711,1462884661006374078,Erica,,Piedmont,45.57997,-122.67496,Entire home/apt,,1,161,2025-11-16,5.44,1,250,64,24-012311-000-00-HO
809699986136549281,Studio apartment,125074133,1468261418788640664,Lydia,,Montavilla,45.51416,-122.57487,Entire home/apt,,30,28,2025-11-01,0.82,1,23,5,
810316437853659117,Piedmont Pied-à-terre (Basement Unit),33654666,1465492151815006015,Hallie,,Humboldt,45.56485,-122.66866,Entire home/apt,,2,137,2025-11-18,4.17,1,253,52,23-113876-000-00-HO
810747872671612653,PDX  Condo indoor/outdoor Pools A/C 1 bedroom,477663,1462519387805018078,Joelle,,Portland Downtown,45.507560465898024,-122.68011728902255,Entire home/apt,,31,2,2025-07-19,0.06,4,288,1,
810807731475232907,Walk to Williams District: Home w/ Hot Tub & Patio,121688409,1462921224513368239,Evolve,,King,45.56623,-122.66293,Entire home/apt,,2,46,2025-11-16,1.33,27,325,12,14-238657-000-00-LU
810827559615326553,Storybook Tudor Studio-Iconic Woodstock Neighborhd,145095859,1462972737347513344,Grace,,Woodstock,45.48161093032738,-122.60823236574736,Entire home/apt,,30,4,2025-03-20,0.25,1,305,2,21-029178-000-00-HO
811068227606969700,"Burnside manor, perfect location (Room A2)",45217575,1465671131115588098,Joel,,Kerns,45.5237586,-122.6361379,Private room,,31,5,2025-03-01,0.18,5,310,2,
811241015065386514,Elite Guest Studio,54667782,1462729507984998614,Fatima,,Mill Park,45.50622415869013,-122.5360873988638,Entire home/apt,,30,50,2025-09-25,1.50,11,195,11,24-010591-000-00-HO
811712450504707558,Urban Apartment With Parking,409693567,1469870422880505881,Patrick And Sarah,,Pearl,45.531041825215404,-122.68135216167049,Entire home/apt,,1,5,2023-03-19,0.14,15,357,0,59712
812547650130131187,"Burnside Manor, ideal location! (Room A3)",45217575,1465671131115588098,Joel,,Kerns,45.52376,-122.63614,Private room,,31,14,2025-07-09,0.43,5,242,4,
813684425473155078,"Larimar Rm-Wi-Fi, mins 2 dt, dining and transit",493461219,1470221697870395558,Nathan,,Kenton,45.5780432,-122.7015336,Private room,,30,9,2025-11-01,0.34,11,364,3,
814459776909440627,New Home Near it All on Division w/ EV Charger,2601420,1462599907566887970,Brent,,Hosford-Abernethy,45.50404,-122.64937,Entire home/apt,,2,226,2025-11-15,6.70,1,190,77,23-005552-000-00-HO
814749346573841630,Breathtaking Views,35288585,1487887313685984021,Corissa,,Hillside,45.52479328800589,-122.70333090374922,Entire home/apt,,30,4,2025-07-05,0.23,1,348,2,
814875331087261525,Top Floor Vintage Studio,105280373,1467269670419555542,Alea,,Northwest District,45.52304519394259,-122.69017007028594,Entire home/apt,,30,0,,,1,0,0,
815965357659669746,"Modern, warm convenience",64817798,1466801530694806757,Sadie,,Montavilla,45.51202,-122.57393,Private room,,30,3,2023-02-18,0.09,1,0,0,
816129853440603598,Crossroads Vintage Funk Penthouse - 94 WalkScore,187761372,1468972369410644224,Bob Scott,,Hosford-Abernethy,45.504678,-122.644168,Entire home/apt,,2,134,2025-11-17,3.91,6,330,39,21-006135-000-00-RS
816137710092450605,The Division Street Funk Flat - 94 WalkScore,187761372,1468972369410644224,Bob Scott,,Hosford-Abernethy,45.504678,-122.644168,Entire home/apt,,1,102,2025-08-24,2.98,6,335,25,21-006135-000-00-RS
816145492959772426,Private Rooftop Flat - 14 Guests - 94 WalkScore,187761372,1468972369410644224,Bob Scott,,Hosford-Abernethy,45.504678,-122.644168,Entire home/apt,,1,39,2025-11-13,1.17,6,323,5,21-006135-000-00-RS
817365434188925584,Muse Portal,7488253,1462561095965712255,Zach,,Powellhurst-Gilbert,45.49995,-122.56934,Private room,,30,1,2023-03-06,0.03,1,88,0,Exempt
818955070142751800,Quiet Piedmont Bungalow for Extended Stays,94702,1462509455858222038,Edwin,,Piedmont,45.57435329587462,-122.66519120185065,Private room,,31,2,2024-08-01,0.06,2,0,0,17-155569-000-00-HO
819741373264776639,Woodstock Charmer!,32425053,1465476033548550095,Alison,,Woodstock,45.48573986298348,-122.61276644783952,Entire home/apt,,30,4,2024-08-09,0.12,1,0,0,
819874655855874968,"Cozy, private unit walkable to Williams Ave",499594361,1470246999412460968,Allie,,Boise,45.55064,-122.66601,Entire home/apt,,1,142,2025-11-09,4.27,1,164,66,24-016093-000-00-HO
820971896462892704,1898 House,116888183,1462910498137841258,Dina,,Eliot,45.54824,-122.66373,Entire home/apt,,1,175,2025-11-30,5.21,1,359,40,24-004849-000-00-HO
821789815962369995,Cozy Room in Quiet Piedmont Bungalow,94702,1462509455858222038,Edwin,,Piedmont,45.57401765226076,-122.66514860425363,Private room,,30,1,2023-02-20,0.03,2,0,0,17-155569-000-00-HO
822720380485026187,The Cortland: Designer Home- Steps to 23rd Ave!,500247539,1470249783576748415,Jeff,,Northwest District,45.52815,-122.69774,Entire home/apt,,30,8,2025-11-08,0.32,4,365,5,
822721593214185071,The Sonya: Luxury Flat- Just Steps from NW 23rd!,500247539,1470249783576748415,Jeff,,Northwest District,45.52815,-122.69774,Entire home/apt,,30,5,2025-06-20,0.17,4,211,1,
822723346349351172,The Baldwin: Luxury Penthouse- Steps from 23rd!,500247539,1470249783576748415,Jeff,,Northwest District,45.5281228,-122.6977627,Entire home/apt,,30,6,2025-09-13,0.19,4,258,1,
823260561009170650,Adorable St. Johns House w/Porch,16581727,1462990028680817838,Deborah Brockway,,Cathedral Park,45.59161254818027,-122.76100939029166,Entire home/apt,,7,51,2025-10-26,1.51,1,239,12,61792
823279377987913554,Watts Landing - a city escape,4153980,1462648849338801626,Dani,,Kenton,45.58159410925733,-122.68294152965618,Entire home/apt,,1,63,2025-11-10,1.85,1,160,15,23-013607-000-00-HO
823349273592783197,Explore Portland from a Modern Private Suite,491435195,1463828819627550393,Kingdom Capital,,Hosford-Abernethy,45.505626238987986,-122.6530231790166,Private room,,30,23,2025-06-11,0.68,2,354,2,23-075677-000-00-HO
824680577411840329,Month long stay in the city,123105551,1468246239276072784,Derek,,Woodlawn,45.56842409886617,-122.64813640913172,Entire home/apt,,31,0,,,1,0,0,
824712137951653421,Charming 3bed Home w/ Yard - Walk Score 91!,500642386,1470251417191272935,Jeremy,,King,45.549044,-122.659371,Entire home/apt,,30,7,2025-06-01,0.22,1,221,1,
825301611376268303,Gabriel Park/Multnomah Village Area,87322583,1467050078852109150,Kenya,,Hayhurst,45.482844596755,-122.73179188370705,Entire home/apt,,31,1,2023-06-13,0.03,2,185,0,
825404929540260422,Quiet Writer’s Sanctuary in Alberta Arts District,166884183,1468616822080374930,Kate,,Concordia,45.562702908383564,-122.6337511383442,Entire home/apt,,13,40,2024-07-09,1.21,1,335,0,23-020414-000-00-HO
825727995686716580,2 Bed/1 Bath in NE - Close to Mississippi Ave,500850476,1470252256411383862,Adam,,Boise,45.5518977,-122.6649269,Entire home/apt,,2,54,2025-09-29,1.63,1,86,10,21-092014-000-00-HO
826160162155753901,The Vibey Treehouse Nest Apt.,24000631,1465281683055704198,Jason,,Buckman,45.519432526377926,-122.65167623346892,Entire home/apt,,30,35,2025-04-25,1.03,1,0,3,
826946368538072330,Historic Victorian Artist's Lair,109508502,1467325518085087904,Amanda,,Hosford-Abernethy,45.50465,-122.65207,Entire home/apt,,4,60,2025-11-17,1.80,1,0,20,24-011506-000-00-HO
826972597892783809,Classic Portland Craftsman with AC near Beaumont,12273725,1462883977891525231,Allison,,Roseway,45.54407271511198,-122.5942692308273,Entire home/apt,,30,7,2024-07-31,0.23,2,270,0,
827509220018608218,Rose City Retreat,20940822,1463142515728728603,Ben,,Rose City Park,45.54589910028744,-122.5995420108459,Entire home/apt,,3,76,2025-11-24,2.32,1,246,32,24-001920-000-00-HO
827681729317697370,Pacific Northwest Cozy,4935076,1462668826534374685,Devin,,Sunnyside,45.51323,-122.63321,Entire home/apt,,2,39,2025-10-11,1.15,2,152,6,24-008303-000-00-HO
828294789666308206,Cozy Artsy St Johns Bungalow,13263099,1462907206322473025,Suzy,,St. Johns,45.58817,-122.74489,Entire home/apt,,28,0,,,4,365,0,16-231596-000-00-HO
828978241312428962,Spacious Private & Beautiful SW Hills Oasis in PDX,116596023,1468195174000821233,Melissa,,Hillsdale,45.4939673,-122.711362,Entire home/apt,,4,46,2025-10-10,1.42,1,332,11,23-020349-000-00-HO
830552382387723890,Sunny Sabin Guesthouse | Private Studio Portland,227683766,1469212533099064550,Olivia,,Sabin,45.551519,-122.6530289,Entire home/apt,,3,62,2025-11-15,2.04,1,259,21,24ASTR-PER-00020
831116378786205246,Wyndham Portland Waterfront Park Resort | Studio,442029804,1469994633972574697,Live Suite,,Old Town/Chinatown,45.5206203,-122.6712424,Entire home/apt,,30,0,,,10,363,0,
831116394929909304,Wyndham Portland Waterfront Park Resort | Studio,442029804,1469994633972574697,Live Suite,,Old Town/Chinatown,45.5206203,-122.6712424,Entire home/apt,,30,0,,,10,363,0,
831116691154846430,Wyndham Portland Waterfront Park Resort | Studio,442029804,1469994633972574697,Live Suite,,Old Town/Chinatown,45.5206203,-122.6712424,Entire home/apt,,30,0,,,10,363,0,
831116897218059379,Wyndham Portland Waterfront Park Resort | Studio,442029804,1469994633972574697,Live Suite,,Old Town/Chinatown,45.5206203,-122.6712424,Entire home/apt,,30,0,,,10,363,0,
831117091792109695,Wyndham Portland Waterfront Park Resort | Studio,480237365,1470163028396009638,LiveSuites,,Old Town/Chinatown,45.5206203,-122.6712424,Entire home/apt,,30,0,,,7,363,0,
831117096493556345,Wyndham Portland Waterfront Park Resort | Studio,442029804,1469994633972574697,Live Suite,,Old Town/Chinatown,45.5206203,-122.6712424,Entire home/apt,,30,0,,,10,363,0,
831117468982589289,Wyndham Portland Waterfront Park Resort | Studio,480237365,1470163028396009638,LiveSuites,,Old Town/Chinatown,45.5206203,-122.6712424,Entire home/apt,,30,0,,,7,363,0,
831117543826972956,Wyndham Portland Waterfront Park Resort | Studio,480237365,1470163028396009638,LiveSuites,,Old Town/Chinatown,45.5206203,-122.6712424,Entire home/apt,,30,0,,,7,363,0,
831117629227521034,Wyndham Portland Waterfront Park Resort | Studio,480237365,1470163028396009638,LiveSuites,,Old Town/Chinatown,45.5206203,-122.6712424,Entire home/apt,,30,0,,,7,363,0,
831120806711654172,Wyndham Portland Waterfront Park Resort | Studio,442029804,1469994633972574697,Live Suite,,Old Town/Chinatown,45.5206203,-122.6712424,Entire home/apt,,30,0,,,10,363,0,
831127707078918670,Wyndham Portland Waterfront Park Resort | Studio,482174715,1469660373206117500,Suite Life,,Old Town/Chinatown,45.5206203,-122.6712424,Entire home/apt,,30,1,2023-04-27,0.03,6,363,0,
831127710001660943,Wyndham Portland Waterfront Park Resort | Studio,482174715,1469660373206117500,Suite Life,,Old Town/Chinatown,45.5206203,-122.6712424,Entire home/apt,,30,0,,,6,363,0,
831127712090964883,Wyndham Portland Waterfront Park Resort | Studio,482174715,1469660373206117500,Suite Life,,Old Town/Chinatown,45.5206203,-122.6712424,Entire home/apt,,30,0,,,6,363,0,
831127714517627058,Wyndham Portland Waterfront Park Resort | Studio,482174715,1469660373206117500,Suite Life,,Old Town/Chinatown,45.5206203,-122.6712424,Entire home/apt,,30,1,2023-04-28,0.03,6,363,0,
831127741694790188,Wyndham Portland Waterfront Park Resort | Studio,482174715,1469660373206117500,Suite Life,,Old Town/Chinatown,45.5206203,-122.6712424,Entire home/apt,,30,0,,,6,363,0,
831128149304025579,Wyndham Portland Waterfront Park Resort | Studio,482174715,1469660373206117500,Suite Life,,Old Town/Chinatown,45.5206203,-122.6712424,Entire home/apt,,30,0,,,6,363,0,
831128561454930902,Wyndham Portland Waterfront Park Resort | Studio,389697794,1463590130203798911,David,,Old Town/Chinatown,45.5206203,-122.6712424,Entire home/apt,,30,0,,,7,363,0,
831128630991367490,Wyndham Portland Waterfront Park Resort | Studio,389697794,1463590130203798911,David,,Old Town/Chinatown,45.5206203,-122.6712424,Entire home/apt,,30,0,,,7,363,0,
831128838396536041,Wyndham Portland Waterfront Park Resort | Studio,389697794,1463590130203798911,David,,Old Town/Chinatown,45.5206203,-122.6712424,Entire home/apt,,30,0,,,7,363,0,Exempt
831129112971480487,Wyndham Portland Waterfront Park Resort | 1BR/1BA,389697794,1463590130203798911,David,,Old Town/Chinatown,45.5206203,-122.6712424,Entire home/apt,,30,0,,,7,335,0,
831129190609108485,Wyndham Portland Waterfront Park Resort | 1BR/1BA,389697794,1463590130203798911,David,,Old Town/Chinatown,45.5206203,-122.6712424,Entire home/apt,,30,0,,,7,335,0,
831129344738314930,Wyndham Portland Waterfront Park Resort | 1BR/1BA,389697794,1463590130203798911,David,,Old Town/Chinatown,45.5206203,-122.6712424,Entire home/apt,,30,0,,,7,335,0,Exempt
831129510340807365,Wyndham Portland Waterfront Park Resort | 1BR/1BA,389697794,1463590130203798911,David,,Old Town/Chinatown,45.5206203,-122.6712424,Entire home/apt,,30,0,,,7,335,0,Exempt
831130416999510721,Wyndham Portland Waterfront Park Resort | 1BR/1BA,442029804,1469994633972574697,Live Suite,,Old Town/Chinatown,45.521579279352544,-122.67180287859367,Entire home/apt,,30,0,,,10,335,0,
831130503031922101,Wyndham Portland Waterfront Park Resort | 1BR/1BA,442029804,1469994633972574697,Live Suite,,Old Town/Chinatown,45.52111021772294,-122.6703263616096,Entire home/apt,,30,0,,,10,335,0,
831130595007198273,Wyndham Portland Waterfront Park Resort | 1BR/1BA,442029804,1469994633972574697,Live Suite,,Old Town/Chinatown,45.52162,-122.67098,Entire home/apt,,30,0,,,10,335,0,
831130787237483468,Wyndham Portland Waterfront Park Resort | 1BR/1BA,442029804,1469994633972574697,Live Suite,,Old Town/Chinatown,45.52029657786811,-122.67212546421986,Entire home/apt,,30,0,,,10,335,0,
831131131227795691,Wyndham Portland Waterfront Park Resort | 1BR/1BA,480237365,1470163028396009638,LiveSuites,,Old Town/Chinatown,45.5206203,-122.6712424,Entire home/apt,,30,0,,,7,335,0,
831131233729131749,Wyndham Portland Waterfront Park Resort | 1BR/1BA,480237365,1470163028396009638,LiveSuites,,Old Town/Chinatown,45.5206203,-122.6712424,Entire home/apt,,30,0,,,7,335,0,
831131511804955420,Wyndham Portland Waterfront Park Resort | 1BR/1BA,480237365,1470163028396009638,LiveSuites,,Old Town/Chinatown,45.5206203,-122.6712424,Entire home/apt,,30,0,,,7,335,0,
831782549297378683,"LG Home/Room/Bath/NWilliams Trendy, Food,Bars,Yard",6242935,1462544637616368399,Leslie,,Humboldt,45.5553146,-122.6677392,Private room,,30,2,2024-12-14,0.07,2,269,1,
831984323475302535,Modern City Loft with Garage Parking!,439103919,1469983433554286835,Justine,,Pearl,45.5269042,-122.6795883,Entire home/apt,,2,104,2025-11-29,3.15,4,141,40,24-000785-000-00-HO
832130778073618434,Apt w/ Sauna in Craftsman,434680279,1469966790135314562,Jamie,,Irvington,45.54228,-122.6501,Entire home/apt,,30,6,2024-01-03,0.18,1,21,0,
832890797069658898,Cozy Suites (apt w/private entrance),202400439,1469056088999500009,Bradley,,Wilkes,45.53160460000001,-122.5068561,Entire home/apt,,1,158,2025-11-12,4.70,2,10,50,19-111504-000-00-HO
833008820425318111,Vibrant 1950s Mt Scott Home,502209389,1470258080345024280,Pat,,Mt. Scott-Arleta,45.4793569,-122.5984902,Entire home/apt,,2,48,2025-11-02,1.48,1,81,15,18-196880-000-00-HO
833353819875092168,Quiet Portland Guest House,41313924,1465614248736548357,Emily,,Cully,45.5508821,-122.6034969,Entire home/apt,,2,71,2025-12-01,2.31,1,327,27,24-011002-000-00-HO
833521729084949016,9 Queen Beds/3.5 Baths/2 Kitchens,123968362,1462925948291924954,Arvell,,Irvington,45.53651980440951,-122.65006609373528,Entire home/apt,,2,2,2024-07-03,0.11,4,365,0,18-172358-000-00-LU
834080355583718471,Stylish retreat great for entertaining,4747418,1462537111936156435,Jen,,Kenton,45.578495329483694,-122.68815975467736,Entire home/apt,,2,18,2025-02-25,1.23,1,0,10,24-013649-000-00-HO
834256182681884821,"Midcentury Haven, plus a doggo!",59627203,1466722079786364006,Majd,,Parkrose Heights,45.53848,-122.54427,Private room,,1,52,2025-10-06,1.70,1,160,24,24-015842-000-00-HO
835074424419955172,"Modern Private Full Suite, Central Location.",356648186,1469712824178575106,Joe,,Creston-Kenilworth,45.4911513,-122.6141778,Entire home/apt,,1,67,2025-11-30,2.01,1,248,46,24ASTR-APP-00186
835122195318139103,Charming *30+Day* Suite! 2 Min Walk From OHSU,35669572,1465526946705921543,Sam,,Homestead,45.498495798635396,-122.6901537441803,Entire home/apt,,30,4,2025-09-06,0.14,1,363,2,
835717666863461578,"Modern 2 Bed, 2 Bath in Alberta Arts",502965969,1470261277727450349,Matthew Mark,,Sabin,45.557123852660645,-122.6470528468176,Entire home/apt,,2,143,2025-11-28,4.32,1,283,44,22-194694-000-00-HO
836310915166337383,Light and Bright Daylight Basement Apartment,17946344,1463032553723992631,Jane,,Mill Park,45.51516804875882,-122.53153668912469,Entire home/apt,,30,2,2023-08-10,0.07,1,267,0,
836545238567689756,Luxury 2 BDR in the Pearl with Rooftop!,2066351,1462585520766187891,Gregory,,Portland Downtown,45.5223848,-122.6841138,Entire home/apt,,2,7,2025-11-29,0.21,1,39,1,25ASTR-APP-00400
838341411200410821,Walkable Portland Studio < 1 Mi to Dtwn!,121688409,1462921224513368239,Evolve,,Goose Hollow,45.51914,-122.69458,Entire home/apt,,2,34,2025-11-11,1.06,27,345,18,22-126684-000-00-HO
838461309206940083,Historic 2BR | Walk to NW 23rd Shops & Eats,88253867,1467059947580489724,Jordan,,Northwest District,45.52472,-122.69458,Entire home/apt,,1,149,2025-11-23,4.50,15,312,46,18-241563-000-00-CO
838470354781704787,NW Portland 8BR • Perfect for Large Groups,88253867,1467059947580489724,Jordan,,Northwest District,45.5247163,-122.6945748,Entire home/apt,,1,41,2025-09-21,1.31,15,288,7,18-241563-000-00-CO
839115035159081196,Portland Floating Home Getaway w/ Sauna!,121688409,1462921224513368239,Evolve,,Bridgeton,45.60277,-122.66501,Entire home/apt,,2,56,2025-11-17,1.70,27,353,18,19-227031-000-00-HO
839443927931107991,Vintage Bungalow w/ Porch in Sellwood,121688409,1462921224513368239,Evolve,,Sellwood-Moreland Improvement League,45.46915,-122.64788,Entire home/apt,,31,1,2023-08-01,0.04,27,242,0,
840233470616755202,Private Room and Full Bath + Private Pool Access,212998892,1469113075690311733,Maria Guadalupe,,Powellhurst-Gilbert,45.50182,-122.56374,Private room,,1,54,2025-02-02,1.63,1,89,3,24-020220-000-00-HO
841428982778722801,Peaceful basement studio,16029200,1462596309952630105,Natalie,,Kerns,45.5199,-122.63442,Entire home/apt,,30,15,2023-09-06,0.47,1,365,0,
842055674731103760,"Truly Magical SE Location w/ Porch, Deck & Yard",4006487,1462533042004966053,Kathleen,,Hosford-Abernethy,45.50266,-122.63829,Entire home/apt,,120,9,2025-07-23,0.29,2,249,4,
842813725493393910,Foodie Heaven Bungalow,76761573,1466940906336533948,Demetri,,Kerns,45.521608895457476,-122.63615986399476,Entire home/apt,,3,75,2025-11-26,2.30,1,235,24,25ASTR-APP-00112
843427001852952453,Portland Historic Landmark #3 Free Parking,95203243,1462859634137788283,Ryan,,Hosford-Abernethy,45.50967,-122.65381,Entire home/apt,,2,59,2025-11-09,2.06,2,267,38,Exempt
843459903907068727,"Private Apartment-Walk to shops, bars, restaurants",411850,1462511672552265583,Yichel,,Humboldt,45.555491290305,-122.670463857011,Entire home/apt,,2,107,2025-11-24,3.50,1,256,33,23-071947-000-00-HO
843557718047015051,Casa Nena,504645540,1470268701667159713,The Casa,,North Tabor,45.526301974337194,-122.59962606296594,Entire home/apt,,1,178,2025-11-30,5.39,2,350,65,23-111390-000-00-HO
844148741703712256,Spacious light-filled 1600 sf 2 Bed Home on MAX,15248312,1462593374754752664,Chris,,Arbor Lodge,45.56689,-122.68427,Entire home/apt,,2,20,2025-04-28,0.62,1,0,6,24-019333-000-00-HO
844223362514264939,PDX Studios: 3C- Short & Long-Term Stays Welcome!,472195025,1463783544840228094,Joe,,Boise,45.55118,-122.66857,Entire home/apt,,30,13,2024-12-14,0.39,6,217,1,
844861849804685816,Light-Filled Apartment,41664793,1465619688209810201,Laura,,Concordia,45.56563824350929,-122.64295771475872,Entire home/apt,,14,13,2025-10-27,0.42,1,336,3,24-023384-000-00-HO
845844713260815993,Cozy retreat in wooded neighborhood.,505113577,1470270661178390771,Scott,,Maplewood,45.47096,-122.73123,Entire home/apt,,2,81,2025-10-18,2.45,1,79,24,24-012561-000-00-HO
845853041745497264,Stylish and cozy home in Portland,3334615,1462626095724452327,Dana,,Mt. Scott-Arleta,45.47697,-122.58467,Entire home/apt,,1,18,2025-07-26,0.54,1,352,1,24-010990-000-00-HO
846331310163630868,Longterm rental next to OHSU,10977609,1462854111494917420,Sam,,Homestead,45.49713,-122.69412,Entire home/apt,,30,1,2023-08-09,0.04,1,365,0,
846543031665509353,"Comfort, Quiet, Convenience in 3-room Oasis",9583289,1462817969318190562,Pamela,,Markham,45.4521226,-122.7027993,Private room,,30,46,2023-10-10,1.40,1,83,0,
849430780621296700,Architect's Contemporary Cottage,50684661,1465777620262541433,Elizabeth,,Humboldt,45.56566,-122.66727,Entire home/apt,,1,55,2024-11-30,2.11,1,0,0,23-090239-000-00-HO
850642213054811357,"Eastmoreland Guesthouse | Quiet, Cozy & Inviting",17328031,1463007592268628804,Elizabeth,,Eastmoreland,45.469095370418906,-122.62978546211201,Entire home/apt,,2,33,2025-11-17,3.40,1,251,33,25ASTR-PER-00014
850795469124431230,Restored Farmhouse & Backyard Tiny House Village,273076012,1469441172778921911,Dalouny,,Hosford-Abernethy,45.49874,-122.6414,Entire home/apt,,1,30,2025-10-08,1.05,6,337,7,19-111429-000-00-RS
851419394796144737,Little Green Garden Apartment,58277473,1466698512976632175,Lori,,Sabin,45.55430688185383,-122.65426090352022,Entire home/apt,,30,54,2025-09-21,1.83,1,365,12,23-044578-000-00-HO
851437745027355952,Bright artist’s condo in Pearl (Daimler ok),57539574,1465940931529814519,Alisa,,Pearl,45.5261744,-122.681954,Entire home/apt,,30,10,2025-08-02,0.34,1,357,3,
852174998208945495,Convenient duplex close to airport,69574685,1466861054891043522,Douglas,,Wilkes,45.549103715456084,-122.50967111438513,Entire home/apt,,30,3,2025-07-31,0.13,1,247,1,
852202953451833825,Charming Historic Portland Home Near Downtown,121688409,1462921224513368239,Evolve,,Madison South,45.53956,-122.5775,Entire home/apt,,30,0,,,27,0,0,
852460521953545346,Modern Spanish 3BR | Steps to Mississippi,36435346,1465541268264295250,David,,Boise,45.55311,-122.67579,Entire home/apt,,1,151,2025-11-16,4.62,9,349,33,20-177674-000-00-CO
852477677487336792,Experience Urban Living in the Pearl District!,72711647,1462808743792248776,Christopher Raymond,,Pearl,45.531402487834654,-122.6819119171843,Entire home/apt,,30,6,2025-05-24,0.20,1,327,3,
852782113131509831,River Front Home on Bike Path,931231,1462533596485107244,Katharine,,South Portland,45.47184132745055,-122.67072805931001,Entire home/apt,,30,13,2025-10-10,0.44,1,156,1,
852847637766720251,Historic Nob Hill 2BR | Prime Walkable Spot,88253867,1467059947580489724,Jordan,,Northwest District,45.5247163,-122.6945748,Entire home/apt,,1,116,2025-11-17,3.65,15,315,41,18-241563-000-00-CO
853145330798317295,Modern Boho Subunit in Stunning Sellwood-Moreland,506655551,1463857413251579334,Corbin,,Sellwood-Moreland Improvement League,45.4741574856053,-122.64646344105216,Entire home/apt,,2,52,2025-11-01,1.75,1,347,29,24ASTR-APP-00150
854276125903354595,Modern Home with Cedar Sauna & Outdoor Patio,33760108,1465493557224631401,Jessica,,Cully,45.5508321,-122.6017186,Entire home/apt,,3,126,2025-11-22,4.02,1,255,52,24-003360-000-00-HO
854425035138978032,"The Yellow Cottage - Private, Peaceful, & Near PDX",154094191,1468508721861908584,Ian,,Hazelwood,45.5300113,-122.5501485,Entire home/apt,,1,155,2025-11-23,4.91,1,254,55,24-013148-000-00-HO
855692533793103757,Hawthorne Schoolhouse,98199385,1467181762276280746,Samuel,,Richmond,45.51142,-122.63217,Entire home/apt,,2,153,2025-11-11,4.77,3,266,55,24ASTR-APP-00260
855762641762098497,Rose City Modern Loft,21382575,1463153838450537627,Whitney,,Boise,45.554063,-122.675313,Entire home/apt,,3,89,2025-11-15,2.81,1,256,31,23-029507-000-00-CO
856660054921966822,NEW! Cozy Garden Apt. on 28th Ave's Restaurant Row,1839219,1462579751761389328,Derric,,Kerns,45.527597225584024,-122.6361298173844,Entire home/apt,,2,86,2025-11-20,3.22,1,330,34,23-089609-000-00-HO
856809773339671182,Oregon apartment across OHSU,234902210,1463247813882535514,Gladis A,,Homestead,45.497568194815436,-122.68908095819702,Entire home/apt,,30,17,2025-01-09,0.56,4,365,1,
856811017433604364,Unique-Studio Apt. Across OHSU Hospital,234902210,1463247813882535514,Gladis A,,Homestead,45.49744,-122.69023,Entire home/apt,,30,2,2024-09-22,0.07,4,365,0,
858806723683921843,Upscale •Balcony •Gym •Rooftop +Amenities,459606784,1463754295897912647,Sonia,,Portland Downtown,45.52156,-122.68322,Entire home/apt,,1,98,2025-11-16,3.06,6,258,34,41760
859265393425040165,Japanese Craftsman Abode - Miss Historic District,181205324,1468748872261488350,Matthew William,,Boise,45.5466,-122.67692,Entire home/apt,,2,34,2025-07-20,1.09,1,236,13,22-194226-000-00-HO
859348828157007152,Cozy Portland Studio w/ Electric Fireplace,121688409,1462921224513368239,Evolve,,Irvington,45.5369,-122.64974,Entire home/apt,,1,17,2025-10-18,0.58,27,361,14,03-169043-000-00-LU
859717456092128576,Private Room in 50s Mid-Century MOD Designer Home,8762773,1462786352012023287,Elizabeth,,Reed,45.48458,-122.62414,Private room,,30,16,2023-12-27,0.52,1,178,0,
860214215485218128,Enjoy a Hassle-Free and Suiting Stay! Pets Allowed,501999278,1468058277289999419,RoomPicks,,Buckman,45.5192011,-122.6610542,Entire home/apt,,1,2,2025-08-14,0.34,27,347,2,90821
860840967402524592,North Portland Studio,5758142,1462688778961573630,Victoria,,University Park,45.577750597125394,-122.7161860517577,Private room,,30,2,2023-09-17,0.07,1,88,0,
861609058406347193,Renewed Classic Craftsman in SE - 95 WalkScore,177257126,1468716186632578141,James,,Buckman,45.5151816,-122.6534939,Entire home/apt,,1,98,2024-12-18,3.03,9,284,1,24-106588-000-00-RS
861665109475998019,Creative Nest in the Pearl,41949398,1465624540341235102,Natalie,,Pearl,45.530241550682256,-122.68691581839813,Entire home/apt,,31,0,,,1,337,0,
862445680815798514,"Classic, Newly Restored Portland Home.",879819,1462532122957265153,Michelle And Erik,,South Burlingame,45.465267231373176,-122.68868530698788,Entire home/apt,,31,1,2023-06-03,0.03,1,335,0,
862455832416419352,Arnold Creek Hidden Gem,102637138,1467231533497812534,Ruben,,Marshall Park,45.44688379999999,-122.699408,Entire home/apt,,2,38,2025-11-17,1.19,1,331,9,23-022681-000-00-HO
862921843725921525,Bright and cozy craftsman,7284060,1462728005200301582,Maja,,Woodlawn,45.5694515,-122.6554396,Entire home/apt,,30,1,2024-02-22,0.05,1,53,0,
863278276027894402,King Size Bed in Portland for Monthly Lease,23087686,1465268445478238996,Luke,,Buckman,45.51847908107404,-122.6396800131576,Entire home/apt,,30,0,,,1,358,0,
864485328754597191,Cute on a budget!,4935076,1462668826534374685,Devin,,Sunnyside,45.51316,-122.63259,Entire home/apt,,2,72,2025-08-27,2.23,2,183,16,24-008303-000-00-HO
865096351459731670,Super Walkable Hillsdale Home,29819283,1465439582698458272,Cole,,Hillsdale,45.480011249214705,-122.69655977114381,Entire home/apt,,30,0,,,1,0,0,
865926000216939252,Art-Deco Inspired Guest Suite,25667842,1465348227603101680,Jonathon,,Richmond,45.50015980375358,-122.63256302371714,Entire home/apt,,2,102,2025-11-10,3.29,1,244,27,23-083008-000-00-HO
865945198947434343,Entire Beautiful Victorian in Overlook! 30 day min,509275508,1470289413213268256,Robert,,Overlook,45.55964,-122.68472,Entire home/apt,,30,9,2025-09-29,0.32,1,362,4,
867538135621907399,Sadie's Slice of Portland Charm,158074447,1468540422411831312,Sarah,,Richmond,45.50276383717362,-122.63294084348637,Entire home/apt,,31,8,2025-11-08,0.27,14,364,2,
867593258576533950,Modern cozy heaven - full independent appartment,20275483,1463103240250877751,Norbert,,Overlook,45.56223,-122.68857,Entire home/apt,,20,17,2025-10-19,0.54,1,23,4,23-029156-000-00-HO
867654779094903220,Queen Anne Cottage A+ SE PDX Neighborhood,52252008,1465841655084974931,Amanda,,Hosford-Abernethy,45.50322860000001,-122.6458944,Entire home/apt,,30,55,2025-08-05,1.76,1,141,2,18-244211-000-00-HO
869131332756468753,El Oasis,504645540,1470268701667159713,The Casa,,North Tabor,45.52626306580342,-122.59995764133348,Entire home/apt,,1,125,2025-11-16,3.92,2,353,54,23-111390-000-00-HO
870316809473416299,Windows Galore - Heart of Pearl!,41852577,1465622663320056344,Andrew,,Pearl,45.5287869,-122.6846317,Entire home/apt,,31,7,2025-10-07,0.39,21,238,5,
870604175096902996,Historic Nob Hill | Steps to NW 23rd | Fast WiFi,510247615,1470294173633315470,Sarah,,Northwest District,45.52841098777242,-122.69422764603272,Entire home/apt,,30,5,2025-10-04,0.18,1,269,3,
871238042431556186,The Kenilworth Guest House,510394122,1470294850393919976,Sukey,,Creston-Kenilworth,45.49307352738117,-122.63394898973804,Entire home/apt,,2,140,2025-11-18,4.57,1,206,53,23-027506-000-00-HO
872522486098656781,Nob Hill 2BR | Central Location | Washer/Dryer,40890310,1465608647090810454,Vacasa Oregon,,Northwest District,45.53411231806355,-122.69466920608272,Entire home/apt,,1,30,2025-11-19,1.26,4,342,25,92799
872532356620495462,Central location 2BR Q21 | Patio | Firepit,40890310,1465608647090810454,Vacasa Oregon,,Northwest District,45.53249,-122.69604,Entire home/apt,,1,21,2025-10-27,0.91,4,361,15,92799
872532641276910626,Sleek 2BR Q21 | Patio | Firepit,40890310,1465608647090810454,Vacasa Oregon,,Northwest District,45.53328748130159,-122.69598937288413,Entire home/apt,,1,27,2025-10-03,1.14,4,361,21,92799
873243889083287685,Amazing Entire House + Parking,270612196,1469429304836985248,Ghazal,,South Tabor,45.49831,-122.5982,Entire home/apt,,2,63,2025-11-01,1.98,2,35,14,24-013313-000-00-HO
873361518310613092,Private room w/ dedicated bathroom,452555665,1470036857975982961,Demetria,,Sumner,45.55975902269244,-122.57215873657387,Private room,,30,1,2023-08-12,0.04,1,88,0,
873455517566890127,Bright Portland Bungalow 3Beds/2Bath/Office,4139334,1462648456659430665,Kristine,,Foster-Powell,45.49271,-122.59247,Entire home/apt,,2,24,2025-10-26,1.09,1,166,13,19-192517-000-00-HO
873877255708787914,Spacious 3BR Q21 | Elevator | Washer/Dryer,40890310,1465608647090810454,Vacasa Oregon,,Northwest District,45.53226,-122.69478,Entire home/apt,,2,21,2025-11-02,0.91,4,358,16,92799
873918210376496557,Halsey Abode in Rose City Park (with parking),24118107,1465283367276001208,Brenda,,Rose City Park,45.53282,-122.60501,Entire home/apt,,2,76,2025-11-02,2.46,1,197,32,23-022674-000-00-HO
874156225451139627,Suburban Sanctuary PDX,27701355,1465409020760611061,Traci,,Centennial,45.495231,-122.4882116,Entire home/apt,,30,7,2024-09-15,0.22,1,88,0,
874692954316448703,Guesthouse in Historic Kenton,20899071,1463141454417048034,Carmen,,Kenton,45.57760592212727,-122.69010103902905,Entire home/apt,,30,2,2025-01-12,0.15,1,151,1,
874787906960807152,Sweeeeet Home Alberta 3BR/1BA,384690762,1469789767359170346,Zach,,Vernon,45.56124,-122.65124,Entire home/apt,,30,78,2024-07-24,2.46,4,0,0,Exempt
875622827519972255,Historic Haven 1bd/1ba in Brooklyn Portland SE,5054191,1462671746548152756,Lindsey,,Brooklyn Action Corps,45.49564293493494,-122.65190790847439,Entire home/apt,,2,21,2024-10-11,1.04,1,0,0,24ASTR-PER-00006
876051321284691129,"The Leo I Bridlemile I Portland, OR",47581293,1462707108527868932,Kevin,,Hayhurst,45.4840678,-122.7286103,Entire home/apt,,30,2,2025-08-15,0.10,12,365,1,
876755080078350164,Family-Friendly Home • 3BR • Great Location,177257126,1468716186632578141,James,,Buckman,45.5152622,-122.653503,Entire home/apt,,1,69,2024-11-04,2.18,9,343,0,24-106588-000-00-RS
876804719870419767,Renewed Classic Craftsman 6 Bed ~ 95 WalkScore,177257126,1468716186632578141,James,,Buckman,45.5152622,-122.653503,Entire home/apt,,1,2,2024-04-28,0.09,9,334,0,24-106588-000-00-RS
877736133901244428,"Luxury Living on NW 23rd Ave, Walk Score 99",286367128,1469495735625296927,Kevin,,Northwest District,45.5289126,-122.69902,Entire home/apt,,1,117,2025-11-08,3.71,5,335,36,23-001950-000-00-CO
877771899994133091,Auna's Place and Garden,3948888,1462643364371126360,Dederia,,Sellwood-Moreland Improvement League,45.462759747604416,-122.65516600697298,Entire home/apt,,2,41,2025-12-01,1.52,4,360,12,24-018430-000-00-HO
878278378268415086,"Burnside Manor, best location, full 1bd (Unit B)",45217575,1465671131115588098,Joel,,Kerns,45.5237586,-122.6361379,Entire home/apt,,31,13,2025-10-30,0.46,5,303,5,
878409986177596890,Perfect Retro-Modern Bungalow,162158,1462511354592858514,Paul,,Foster-Powell,45.49463,-122.60253,Entire home/apt,,30,0,,,2,237,0,
879827947604573552,plant sanctuary,13526464,1462913325262250113,Meagan,,Montavilla,45.524990457797756,-122.5709564883053,Entire home/apt,,2,27,2025-08-04,0.93,2,106,8,19-203888-000-00-HO
880412830796813344,Stay Wildwood,3604636,1462634041008802664,Marion,,Linnton,45.5826,-122.77425,Entire home/apt,,2,22,2025-11-28,0.80,1,345,18,24ASTR-PER-00334
880823389662096486,Arbor Den - N Portland Cozy Downstairs Hideaway,35575489,1465525606066951568,Ryanne,,Arbor Lodge,45.56984124311999,-122.69572162742097,Entire home/apt,,30,22,2025-11-11,0.72,1,324,2,
881189619149329653,Maplewood Retreat,512501431,1470304892727799027,Carla,,Maplewood,45.47041272870189,-122.72534653544425,Entire home/apt,,5,2,2024-08-06,0.08,2,322,0,23-036217-000-00-HO
881431276327906589,Modern condo in North Tabor,281637273,1469479618343212207,Thu,,North Tabor,45.52592724833489,-122.60619054578856,Entire home/apt,,30,2,2024-01-07,0.07,3,299,0,
881431286255017318,Modern condo in North Tabor,281637273,1469479618343212207,Thu,,North Tabor,45.52516,-122.60674,Entire home/apt,,30,1,2023-10-01,0.04,3,210,0,
881889716889991407,The Canary,501414071,1463848523559216414,Sorcha,,Mt. Scott-Arleta,45.4811685,-122.5839037,Entire home/apt,,30,15,2025-09-02,0.48,25,0,2,24-024621-000-00-HO
882133205079344979,Central & Peaceful walk to transit & restaurants,33081979,1465484385718455676,Elsa,,Irvington,45.54064343767531,-122.65439817789337,Private room,,1,136,2025-11-11,4.35,8,21,35,22-106173-000-00-HO
882516112627638676,Modern Apartment in Portland's Pearl District,234801624,1469250302754113868,Thomas,,Pearl,45.5292249,-122.6857045,Entire home/apt,,31,5,2024-09-25,0.23,1,251,0,
882551413492261260,Private room + private bath in new home - Room B,230664404,1469230030910622342,Peter,,Powellhurst-Gilbert,45.48677,-122.53756,Private room,,30,15,2024-09-04,0.49,1,122,0,
882737451887617905,Alberta Arts District Retreat,455346786,1470048824566440173,Gail,,Concordia,45.5668625,-122.6363025,Entire home/apt,,31,12,2025-11-04,0.44,1,35,5,
883518232938647263,Cozy pied-à-terre in NE PDX,38713113,1465578746668501380,Beth,,Concordia,45.5622879,-122.6345323,Entire home/apt,,30,9,2025-11-25,0.29,1,179,3,
884864258204779775,Cozy & Elegant 1-bdr Condo.,203219784,1469060465165307059,Valery,,Goose Hollow,45.5214879,-122.6885296,Entire home/apt,,31,12,2025-08-30,0.40,1,331,4,
884900553639737710,Modern Apt | Close to Everything,89222626,1467081705977075168,Randall,,Boise,45.5513657,-122.6650087,Entire home/apt,,1,186,2025-11-22,6.15,1,134,66,22-101329-000-00-HO
885124970398557753,Cozy Sellwood District Studio,39378828,1465588328316366718,Jennifer,,Sellwood-Moreland Improvement League,45.46079,-122.64234,Entire home/apt,,1,118,2025-11-28,5.03,3,276,48,24-000925-000-00-HO
886952564101590976,"Garnet Rm-Sunny room, walkable, transit, dining",493461219,1470221697870395558,Nathan,,Kenton,45.57916254335364,-122.70050743406806,Private room,,30,9,2025-08-15,0.30,11,365,3,
887673173819916858,Private city retreat; Cozy Studio w/backyard.,81740738,1466993178402119647,Isabella,,Laurelhurst,45.5303221,-122.6297347,Entire home/apt,,2,123,2025-11-17,4.00,2,266,44,24-008679-000-00-HO
887745300179116212,2 bdrm Lovely Peace of Paradise w/ secure parking,56229591,1465920825204386269,Susan,,Portland Downtown,45.5103912,-122.6782267,Entire home/apt,,30,10,2025-08-01,0.40,1,132,4,
888355193556146850,Upscale Relaxing Retreat 2 BR/1 BA ~ Sleeps 4,239624495,1469274595562567074,Pat,,Lents,45.47436642349438,-122.5680455288583,Entire home/apt,,30,34,2024-04-21,1.09,1,267,0,
888467456581934420,Cedar House: A Quiet Retreat,2576419,1462525054715338220,Maura,,Roseway,45.55278115240964,-122.58634507656097,Entire home/apt,,30,16,2025-07-31,0.53,3,332,1,
888684393175448358,"Great location! Full guest suite, private entrance",36901481,1465549686764050672,Hayley,,Hosford-Abernethy,45.507272693354835,-122.65379810000002,Entire home/apt,,2,136,2025-11-10,4.53,1,335,35,23-111395-000-00-HO
889347365329464731,N Portland Adventure Basecamp!,3105723,1462618515662100717,Mark,,Kenton,45.5829113,-122.6928081,Private room,,2,45,2025-09-29,1.45,1,140,16,24-016152-000-00-HO
889780629145553306,"Private 2 Bedroom with Backyard, Fire-pit, parking",28263687,1465417259672284577,Vanessa,,East Columbia,45.60181,-122.66957,Entire home/apt,,1,52,2025-11-23,1.72,1,90,19,24ASTR-PER-00180
891703444010811592,Craftsman Subterranean Retreat,12273725,1462883977891525231,Allison,,Roseway,45.54595,-122.59405,Entire home/apt,,30,2,2025-07-31,0.07,2,89,1,
892200612531088895,Hillsdale Retreat,95030930,1467145656417589158,Martin,,Hillsdale,45.47379981836275,-122.69149059207321,Entire home/apt,,30,11,2024-11-20,0.36,1,269,0,
893799897736979995,FamilyFriendly 2 BR Spacious Apt,515297813,1470317925375077542,Boruch,,Hillsdale,45.4739,-122.69491,Entire home/apt,,2,27,2025-11-10,0.89,1,213,8,24-020269-000-00-HO
895608030748887075,Back to Black | Modern Stylish Alberta Arts Home,6418369,1462705927957641464,Josh,,Concordia,45.564,-122.63679,Entire home/apt,,1,100,2025-11-06,3.31,1,285,42,24-014931-000-00-HO
895711833921636990,A Gorgeous River View Modern Suit.,148853179,1468279862352406342,Lixin,,Linnton,45.5970855,-122.7880667,Entire home/apt,,30,1,2023-07-30,0.03,2,4,0,
895738378282073345,Sellwood Yellow Bungalow,6492281,1462707799392681416,Shannon,,Sellwood-Moreland Improvement League,45.46764916175612,-122.64570729284013,Entire home/apt,,31,8,2025-10-26,0.28,1,174,3,
896345924356452882,Mountain & River View ‧ Spacious ‧ Modern Home!,148853179,1468279862352406342,Lixin,,Linnton,45.59654,-122.78891,Entire home/apt,,2,131,2025-11-21,4.36,2,323,43,24-009843-000-00-HO
897256146402650825,"The Empire: Cozy luxury studio, steps to 23rd!",500247539,1470249783576748415,Jeff,,Northwest District,45.5281441,-122.6977315,Entire home/apt,,30,4,2025-08-22,0.20,4,265,1,
897258314573927843,The Hygge Room,20673854,1463135676168614336,Harry,,Buckman,45.51511,-122.64924,Private room,,1,174,2025-11-23,6.07,3,64,53,19-253657-000-00-HO
897391468276692529,"The Black Studio: Modern, Private Guesthouse",215058058,1469126878214460992,Joshua,,Beaumont-Wilshire,45.54807,-122.62987,Entire home/apt,,2,109,2025-11-17,3.55,15,349,39,22-143113-000-00-HO
898059556478835853,95 Walk Score /AC+Heat+Laundry /Shops+Restaurants,400237209,1469837914251552751,Victor,,Eliot,45.54806118356353,-122.6635605718257,Entire home/apt,,30,33,2025-05-01,1.09,1,335,1,
898483410783527884,"Dog-friendly 2BR, walk to Division & Hawthorne",111797012,1467350632798598756,Vacasa Oregon,,Hosford-Abernethy,45.50565925423474,-122.64317946442208,Entire home/apt,,30,3,2023-09-24,0.10,1,365,0,92416
898510051189308762,Pet-Friendly 3-Bedroom House,39043794,1465583120943301266,Megan,,Lents,45.48044230140445,-122.56288669116665,Entire home/apt,,30,0,,,1,87,0,
898921729130447606,Guest Suite - SW PDX Hillsdale,153132135,1487931416850218637,Jackqueline,,Hillsdale,45.47864,-122.7001,Entire home/apt,,2,95,2025-11-01,3.11,2,243,36,23-113508-000-00-HO
899603714273138617,Lofted Eastmoreland Guesthouse,516607928,1470324084136620837,Theresa,,Eastmoreland,45.4764071,-122.628567,Entire home/apt,,2,6,2024-08-30,0.21,1,357,0,24ASTR-APP-00210
901645800107754984,The Martins Street Retreat Full House,88737989,1467076794021076909,Timothy,,Mt. Scott-Arleta,45.47857,-122.58547,Entire home/apt,,30,26,2024-07-26,1.15,1,0,0,53568
904346162900783284,"Cozy PDX Hideout, Ideal Location",2032871,1462584644985836745,David,,Boise,45.55162,-122.66903,Entire home/apt,,1,75,2025-11-16,2.46,1,359,25,22-138567-000-00-HO
905231363687603998,"Duplex Upper Unit, prime locale",497612770,1470238595252504715,Corey,,Kerns,45.52368696522956,-122.63276181111449,Entire home/apt,,2,26,2025-11-30,0.87,1,83,1,24ASTR-APP-00329
906033198265947735,Roomy Townhouse near Portland,377397572,1469770221259302135,Abraham,,West Portland Park,45.4516484916237,-122.72300481679858,Private room,,30,0,,,1,365,0,
907311141960761779,Vintage Charm & Modern Appeal in Downtown NW,3380883,1462627258738278132,Marc,,Northwest District,45.52418,-122.68764,Entire home/apt,,31,11,2025-10-03,0.39,1,112,4,
908014927769295067,Tabor Hideaway,167270,1462511539860930301,Brianna,,South Tabor,45.5020404,-122.5865534,Entire home/apt,,2,84,2025-11-14,2.82,1,242,28,24-014995-000-00-HO
908304649068689178,Garden studio in Laurelhurst,12727712,1462894231117539214,Joselyn,,Sunnyside,45.51744,-122.63133,Entire home/apt,,2,115,2025-11-29,3.83,2,333,43,23-061034-000-00-HO
908743277651383231,Modern ADU near Penninsula Park,188588035,1468977320788646778,Watson,,Woodlawn,45.5720316253388,-122.66111357503759,Entire home/apt,,30,5,2025-10-13,0.18,1,244,1,
909392262743592919,Tasteful bungalow in quiet area,6647211,1462711773766031861,Tally,,Beaumont-Wilshire,45.5571,-122.62324,Entire home/apt,,30,6,2025-11-01,0.22,1,24,2,
909480263886281046,Luxurious king bed suite! Free Garage Parking,439103919,1469983433554286835,Justine,,Pearl,45.527640491191974,-122.67910999434578,Entire home/apt,,2,100,2025-11-29,3.33,4,132,41,24-000785-000-00-HO
910045500215544034,"Coral Rm–XL rm, Wi-Fi, sink/vanity, walk in closet",493461219,1470221697870395558,Nathan,,Kenton,45.57907,-122.70256,Private room,,30,3,2025-07-10,0.11,11,360,1,
911907936546162036,"BEST Location! Upscale, beautiful Slabtown home!",33434004,1465489287244047927,Kara And Dana,,Northwest District,45.531661,-122.6907526,Entire home/apt,,2,101,2025-11-16,3.42,1,352,39,24-019499-000-00-HO
912543945106086277,Posh Victorian Studio (31 day min-no tax),98202133,1467181779898110981,Toney,,Northwest District,45.53878402617625,-122.69713664838298,Entire home/apt,,31,5,2025-10-03,0.25,6,26,1,
912548820450963364,Comfy 2 bed Victorian Apt (31 day min-no tax),98202133,1467181779898110981,Toney,,Northwest District,45.53685,-122.6986,Entire home/apt,,31,0,,,6,0,0,
913267448023771763,Whole Unit with Free Parking,380057237,1463567339057295367,Yon,,Montavilla,45.515363585776576,-122.5744073266605,Entire home/apt,,2,35,2025-11-24,1.19,6,358,4,21-080355-000-00-HO
913360251548614489,Private Room/Desk,380057237,1463567339057295367,Yon,,Montavilla,45.51397649914338,-122.57542108271159,Private room,,31,6,2025-06-01,0.20,6,337,2,
914079025465819763,The Little Gem,154340661,1468510720902903154,Andrea,,Hosford-Abernethy,45.5022318,-122.6471159,Entire home/apt,,1,37,2025-10-22,1.30,1,160,11,24ASTR-PER-00027
915963764943538408,"Impeccable Home, Pet Friendly, BBQ, Next to Park",62261998,1462750061747177206,ITrip Vacations,,Bridlemile,45.49201026126763,-122.72658361661505,Entire home/apt,,30,16,2025-01-21,0.55,19,274,3,24-012499-000-00-HO
916199820963776027,Unit B ~ Victorian-style home ~ very walkable,32095859,1465471486956578221,Michelle,,Buckman,45.51684,-122.65132,Entire home/apt,,2,146,2025-11-17,5.17,3,121,51,24ASTR-APP-00013
916995874474822725,"Bedroom w/En Suite Bath near OHSU, Lewis & Clark",29056793,1465428319896575591,Juliana,,West Portland Park,45.451666035018604,-122.71432551033207,Private room,,2,33,2025-11-23,1.16,1,50,16,24-019450-000-00-HO
917481835900528362,Charming Guest Suite in the Heart of Hawthorne,80824107,1466984059403641832,Toni,,Richmond,45.5070966,-122.6211928,Private room,,2,80,2025-11-30,2.75,1,341,45,24-009724-000-00-HO
918090546520538102,"Serene Oasis: Swim Spa, Sauna, huge deck and grill",249997321,1469325237646435260,Raja,,Southwest Hills,45.5072149,-122.70848,Entire home/apt,,2,102,2025-11-21,3.84,2,157,52,24ASTR-APP-00293
918455436573148298,Stunning Floating Home on the Willamette River!,258097276,1469363620668224929,Dustin,,South Portland,45.4678464,-122.6684666,Entire home/apt,,30,4,2024-07-12,0.16,2,356,0,
920269277018184160,The Black House Studio Unit #1 (North Portland),38007422,1465568734541060982,Angela,,Overlook,45.5567599,-122.6831454,Entire home/apt,,1,34,2025-11-09,1.18,2,241,21,23-023979-000-00-HO
922076577301419678,Southwest PDX Casita near Max/Airport &  I84/205,368211725,1469743203192684439,Thomas,,Parkrose,45.55759,-122.56262,Entire home/apt,,30,11,2024-01-01,0.41,1,365,0,
922089321634259778,Alberta Arts Blue Bungalow,320016841,1469606149506555574,Jarred And Emily,,Concordia,45.56097,-122.63215,Entire home/apt,,30,1,2023-10-12,0.04,2,278,0,
923162268964691788,Farmhouse Studio,715222,1462527107501189894,Tiffany,,Eliot,45.5425634,-122.6634739,Entire home/apt,,30,35,2024-03-09,1.18,1,179,0,
923267881103406541,The Little Blue ADU,1795866,1462578628945286778,Louis,,Concordia,45.56437023140178,-122.63113126158714,Entire home/apt,,2,190,2025-11-29,6.51,1,238,82,25ASTR-APP-00329
923995127784439421,Updated & Cozy Portland Home,22331368,1463177193775896849,Margueritte,,St. Johns,45.59308079666039,-122.73890439675418,Entire home/apt,,2,5,2025-01-02,0.32,1,181,2,24-020255-000-00-HO
924785367893536388,A modern guest room in the peaceful neighborhood,10548064,1462843538134908869,Seungyeon,,North Tabor,45.5257072100483,-122.6067995563646,Private room,,30,0,,,1,34,0,
924891373027461452,BEST location (99 walk score!) low clean fee,3823371,1462640249717080075,Zoe,,Northwest District,45.52805598359648,-122.68949317628912,Entire home/apt,,3,84,2025-11-29,2.86,2,346,34,24-013816-000-00-HO
925471616132982698,1-BR Condo w/ Private Parking,29332333,1465432037548330963,Lindsay,,South Portland,45.47375,-122.67391,Entire home/apt,,30,3,2025-04-17,0.12,1,152,1,
930641485021623765,"Immaculate and Private Space, Walk to Everything",62261998,1462750061747177206,ITrip Vacations,,Laurelhurst,45.52537510911049,-122.62453098183595,Entire home/apt,,2,41,2025-10-19,1.50,19,322,32,25ASTR-APP-00290
931302173378290933,Maplewood ADU Garden Retreat,512501431,1470304892727799027,Carla,,Maplewood,45.47031639999999,-122.7252604,Entire home/apt,,5,3,2025-10-14,0.11,2,322,1,23-036217-000-00-HO
931418244950696318,"Cozy Sunnyside 2BD/1BA w/ AC, full kitchen",3114360,1462618753547278844,Rob,,Sunnyside,45.51412800806845,-122.63421742508545,Entire home/apt,,2,20,2024-10-20,0.93,1,0,0,23-102675-000-00-HO
932912790261502097,The 1911 on Fremont,245586843,1469302902182140079,Adrian,,Roseway,45.545822959704,-122.58121365893915,Private room,,2,66,2025-11-30,2.34,1,22,28,24-000616-000-00-HO
934111763448689801,Floatopia Getaway,6243698,1462701540391873337,Kyle,,Sellwood-Moreland Improvement League,45.47359,-122.6617,Entire home/apt,,30,9,2025-11-01,0.32,1,179,3,
934153785651922901,"Mt Tabor Tree House, Hidden Urban Retreat",23545520,1462625679977503598,Jia,,Mt. Tabor,45.51715,-122.59431,Entire home/apt,,1,172,2025-11-16,6.01,2,224,72,24ASTR-PER-00515
935631617595917441,"Fantastic Woodstock Townhouse, Pet Friendly",62261998,1462750061747177206,ITrip Vacations,,Woodstock,45.488956767994125,-122.62030882537222,Entire home/apt,,2,14,2025-11-09,0.62,19,341,11,21-097982-000-00-LU
937147556749225708,room w/ private bath avail near OHSU,6913528,1462718626411694428,Jane,,South Portland,45.490857491023675,-122.67389639979613,Private room,,30,1,2024-07-27,0.06,2,358,0,
938655486483273224,Amazing location in SE Portland,181345657,1468750264688283336,Mark,,Hosford-Abernethy,45.50798,-122.6546,Entire home/apt,,1,127,2025-11-16,4.40,1,347,45,Exempt
939382785339327685,Cathedral Park Chateau/ Office & Private Yard,20055534,1463098317898139613,Joey,,Cathedral Park,45.58724,-122.74861,Entire home/apt,,3,39,2025-02-24,1.42,1,0,4,23-113519-000-00-HO
939816739441592530,Mid-Century Modern Gem in PDX/LO,25435078,1465342537866728425,Nicolette,,Far Southwest,45.43340226867938,-122.74170630875027,Entire home/apt,,2,67,2025-10-06,2.38,1,349,23,
940691745482668307,Cozy Studio with Private Patio,158035389,1468540154005991524,Jesper,,Goose Hollow,45.519849331656545,-122.69531280483658,Entire home/apt,,31,0,,,1,365,0,
940724499677091303,Quirky N Portland gem,527144978,1470370375880506754,Tobin,,Portsmouth,45.58361229381164,-122.72122912400854,Entire home/apt,,2,80,2025-11-15,2.83,1,71,21,24-013028-000-00-HO
940745277869635715,The Plex PDX,497305993,1470237393704172978,Anah,,Kerns,45.52095,-122.63251,Entire home/apt,,1,107,2025-11-28,3.79,1,221,42,24-013528-000-00-HO
941455725289167595,Modern Home — Prime Alberta Arts,2179254,1462588402993413428,David,,Vernon,45.561116867135325,-122.64737143929112,Entire home/apt,,2,93,2025-11-02,3.27,1,60,34,23-034192-000-00-HO
942352505794589081,The Willamette House,79759220,1466973746046530661,Daniel,,Cathedral Park,45.58643,-122.75062,Entire home/apt,,31,1,2023-09-30,0.04,2,179,0,
942383793527622418,Privacy and peace to relax.,198328059,1469033336552139022,Marieta,,Brentwood-Darlington,45.4683399,-122.5975812,Entire home/apt,,30,8,2023-10-09,0.28,1,365,0,
942873336541176566,Quiet & bright NW private room w/ bath,41117487,1465611808388209896,An,,Northwest District,45.53482332039998,-122.70292928733669,Private room,,30,28,2024-04-22,0.98,1,298,0,
943601291050028057,Portland Waterfront Park Studio,240078487,1469276937908183519,Steven,,Old Town/Chinatown,45.52102,-122.67067,Entire home/apt,,30,0,,,1,72,0,
944177182671893320,"Massive Nob Hill Craftsman ~ 99 WalkScore, 8 beds",415317125,1469889435063398485,Megan,,Northwest District,45.52758,-122.68835,Entire home/apt,,1,147,2025-11-16,5.73,9,175,79,23-000389-000-00-CO
944296532897820040,Hobbit Hideaway 1bd w laundry near 6 Hospitals,16083734,1462977869999848177,Nathan Richard,,Hayhurst,45.48252254061741,-122.72283867001535,Entire home/apt,,30,6,2025-08-09,0.34,2,179,5,
944565109548195613,Forest Studio Oasis - Mile from Multnomah Village,469644788,1470117932987417144,Trevor,,Ashcreek,45.45576355169503,-122.7198657,Entire home/apt,,1,179,2025-11-24,6.29,3,351,61,24-106204-000-00-RS
944584641965855879,Serene Forest Studio - Walk to Multnomah Village,469644788,1470117932987417144,Trevor,,Ashcreek,45.4557485,-122.7198657,Entire home/apt,,1,177,2025-11-20,6.19,3,361,47,24-106204-000-00-RS
945628340551167140,Homey private suite,18300162,1463040761768000333,Katelyn,,Montavilla,45.53373,-122.5895,Entire home/apt,,1,91,2025-11-29,3.61,1,155,43,23-083852-000-00-HO
947763236924837269,Portland Vacation Rental: 3 Mi to Downtown!,121688409,1462921224513368239,Evolve,,Boise,45.55273,-122.6717,Entire home/apt,,30,0,,,27,363,0,
947875521964741891,Portland Waterfront Park Studio,111817270,1467350860758165353,Ahmet,,Old Town/Chinatown,45.52001305203638,-122.67056266603421,Entire home/apt,,30,0,,,1,72,0,
948588166133141058,Urban Fern Bungalow ~ steps to shops/MAX/food!,11182438,1462859008092688807,Brooke,,Overlook,45.565316321716445,-122.68671160304713,Entire home/apt,,1,14,2025-09-27,0.61,3,298,5,19-110162-000-00-HO
948722280357366372,King Beds. Games. AC. Best Area w/ 95 Walk Score.,37422309,1462675210656722042,Peter,,Boise,45.54975,-122.6691,Entire home/apt,,2,83,2025-11-17,3.19,9,253,37,19-268628-000-00-LU
949148236424023110,Quiet Room in Quiet Neighborhood,96996221,1462863777089055674,David,,Woodstock,45.48635384650204,-122.61227047925644,Private room,,2,7,2025-09-22,0.26,1,360,4,16-141272-000-00-HO
950142189466710669,*Sunny Room in Comfy Boho Loft + Huge Deck*,529731294,1470380577424532942,Tessa,,Madison South,45.54654,-122.56858,Private room,,1,126,2025-11-26,4.47,2,254,48,24ASTR-PER-00357
950204985400764289,Peaceful Portland Studio,14636342,1462943321938299173,Sara,,Brooklyn Action Corps,45.49812,-122.65662,Entire home/apt,,2,69,2025-10-25,2.62,2,166,27,24ASTR-APP-00326
950244984066737378,*Comfy Room in Sunny Boho Loft w/Huge Deck*,529731294,1470380577424532942,Tessa,,Madison South,45.54563359245309,-122.56684065908847,Private room,,1,121,2025-11-30,4.27,2,0,56,24ASTR-PER-00357
950444551338776284,High-end 4BR Bartholomew Home E#41001,414420881,1467924896318365906,Eric,,Northwest Heights,45.5396933932916,-122.76932122561568,Entire home/apt,,30,1,2023-11-03,0.04,5,365,0,
950766433856164781,Condo in a vibrant harborside,49352828,1465752219048518522,Qiurong,,Portland Downtown,45.50865,-122.67274,Entire home/apt,,30,1,2025-08-02,0.24,1,88,1,
951042244918602409,Stylish Urban Retreat,3936317,1462643022924089345,Jocelyn,,Kerns,45.52442,-122.64659,Entire home/apt,,30,9,2025-11-06,0.35,2,246,4,
951717761693896847,The Drop INN,82348342,1466999267725997282,Ced,,St. Johns,45.59318864574072,-122.73194954600096,Entire home/apt,,1,9,2025-09-27,0.32,1,108,2,24-021117-000-00-HO
952219185508515736,Airstream oasis w/ hot tub,5786616,1462689632856496606,Brandon,,Foster-Powell,45.487040576516996,-122.58639349575789,Entire home/apt,,30,23,2025-05-29,0.88,1,364,1,
953268457098917806,"Charming 2-Bed Minutes to OHSU, Fenced Yard! (18B)",410009654,1469871546085370887,Kenny,,Homestead,45.49730001332016,-122.69100913904626,Entire home/apt,,30,0,,,11,151,0,
954592780029610769,Cozy Bedroom in Walkable NE Portland,4844054,1462666640569851938,Erica,,Montavilla,45.52868701107266,-122.57893437577906,Private room,,30,5,2025-06-26,0.18,1,245,1,
955223896557162511,"Private, peaceful treetop studio in Alberta Arts",3064751,1462617398192653057,Emily,,Concordia,45.56485,-122.64281,Entire home/apt,,2,64,2025-11-17,2.32,1,238,24,23-073379-000-00-HO
955331771782942396,New studio in Foster Powell -Unit C,38193018,1465571523954229539,Justina,,Creston-Kenilworth,45.49325318828033,-122.60566011905583,Entire home/apt,,2,78,2025-11-17,2.89,2,342,32,24-001410-000-00-HO
955346639642318313,Clean and Cozy New Studio - Unit B,38193018,1465571523954229539,Justina,,Creston-Kenilworth,45.493166721981474,-122.60627836955261,Entire home/apt,,2,77,2025-11-16,2.78,2,330,27,24-001410-000-00-HO
956126149466173650,Spacious SE Bungalow - WFH Bliss,7660282,1462737881146841555,Sait,,Foster-Powell,45.49628360508767,-122.60103951343721,Entire home/apt,,3,102,2025-11-30,3.72,1,255,44,24-001370-000-00-HO
956544720912406604,1 bedroom between Mississippi and Williams Ave,141693638,1468400591116386426,Christopher,,Boise,45.55427,-122.66986,Entire home/apt,,2,52,2025-11-09,1.87,1,252,9,24-005507-000-00-HO
957233776998175657,Cozy House Food Carts Mississippi Av,127919376,1468285254241361491,Michelle,,Boise,45.55341908102529,-122.67712126106211,Entire home/apt,,1,95,2025-11-27,3.78,1,246,45,24-025360-000-00-HO
957368130732232173,Peaceful NoPo House - Fast WIFI - 5 Beds,82507993,1462831450255878014,Freja,,Portsmouth,45.586243036007005,-122.71537889457291,Entire home/apt,,1,75,2025-11-15,2.70,2,257,38,19-236881-000-00-HO
957565663596363579,City Views + Deck | 3BR Hillside Retreat,531726605,1470388039960421205,Jin,,Southwest Hills,45.50701268699304,-122.68687427281043,Entire home/apt,,30,33,2024-12-18,1.20,2,307,2,23-055356-000-00-HO
957982295911121191,Modern home w/spacious loft BR in NE Alberta Arts,108772508,1467317541632410108,Victoria,,Vernon,45.56271,-122.64989,Entire home/apt,,2,23,2025-10-21,1.15,1,82,14,23-068422-000-00-HO
958121097873778733,Sunny in Sellwood,90355699,1467093145509893473,Mark,,Sellwood-Moreland Improvement League,45.46805,-122.65456,Entire home/apt,,30,13,2025-06-30,0.47,1,258,3,
958145188311797410,The Madrona House,7308236,1462728588250028286,Carolyn Renee,,Overlook,45.56310764494909,-122.69526683965665,Entire home/apt,,30,2,2025-06-23,0.08,1,246,1,
958326698629083779,City Views + Deck | 3BR Hillside Retreat,531726605,1470388039960421205,Jin,,Southwest Hills,45.50535205189099,-122.6870578083767,Entire home/apt,,30,32,2024-12-08,1.21,2,115,1,23-061514-000-00-HO
958750368664910206,Private room in Overlook,12802704,1462895966282965617,Olivia,,Overlook,45.56547802428813,-122.68932582274407,Private room,,30,0,,,1,173,0,
960941123120620430,5 Mi to Dtwn Portland: Walkable Studio Suite,121688409,1462921224513368239,Evolve,,Sellwood-Moreland Improvement League,45.46917,-122.6479,Entire home/apt,,31,0,,,27,363,0,
961805621796757529,25’ trailer studio w/AC and pool,657231,1462525198362077205,Laura,,Pleasant Valley,45.47176420656024,-122.5332281879432,Entire home/apt,,30,1,2025-10-05,0.49,2,72,1,
961998938626131629,Very clean room in house in great neighborhood,531534146,1470387313050389648,Sean,,Creston-Kenilworth,45.494758992779786,-122.61063789739688,Private room,,30,1,2024-07-19,0.06,1,87,0,
962336354960085035,Spacious Corporate Haven,82507993,1462831450255878014,Freja,,Portsmouth,45.588078443893956,-122.71662147732951,Entire home/apt,,30,3,2025-08-17,0.23,2,352,1,
963166265899727509,Cozy home in heart of Portland,116576921,1468195033322921689,Angie,,Arbor Lodge,45.57299,-122.68781,Entire home/apt,,7,8,2025-12-01,0.70,1,185,8,23-077986-000-00-HO
963285507942021743,Park Blocks Condo in The Pearl,205079895,1469069813133303439,Mike,,Pearl,45.52509404311631,-122.67910380040922,Entire home/apt,,30,5,2025-01-21,0.20,8,0,2,
964511911828115052,Alberta Arts Luxe 2 bed 2 bath with AC,7718653,1462739419236876418,Andrew,,King,45.556455564680526,-122.65488863739661,Entire home/apt,,2,96,2025-11-07,3.59,1,243,42,24-002595-000-00-HO
964795565024109995,Tiny Home Haven in Montavilla,1337759,1462543125380497336,Ana,,Montavilla,45.52885924609834,-122.58005383751711,Entire home/apt,,30,28,2025-11-16,1.01,1,350,4,
964850040753513916,Charming Apt in NE Portland,40800680,1465607454749644933,Sarah,,North Tabor,45.52496,-122.60463,Entire home/apt,,2,68,2025-11-22,2.48,1,305,29,24-013622-000-00-HO
965312717236966183,Zen Cottage 800sq ft/ High End,20090994,1463099073159430408,Lill,,Beaumont-Wilshire,45.555238,-122.628415,Entire home/apt,,28,0,,,2,324,0,17-118035-000-00-HO
965917701407953784,2BR Minutes Walk from OHSU! (18A),410009654,1469871546085370887,Kenny,,Homestead,45.49585233318758,-122.69198415328852,Entire home/apt,,30,3,2025-11-22,0.11,11,187,2,
966731493012568759,Modern! Views! Heart of The Pearl,41852577,1465622663320056344,Andrew,,Pearl,45.52994594754892,-122.68378615565187,Entire home/apt,,31,4,2025-10-25,0.18,21,364,3,
967359970285819072,Serene Bungalow in Heart of PDX,77981704,1466955558659848298,Matt,,Sunnyside,45.51707,-122.6323,Entire home/apt,,30,3,2024-08-30,0.13,1,179,0,
967384399592804456,"Spacious 3BR/2BA w/ Steam Shower, Gated Parking &",534173163,1470397457383091158,Brad,,Buckman,45.5163047,-122.6519507,Hotel room,,1,22,2025-11-13,0.82,6,333,14,18-197510-000-00-CO
967439876932338612,Pip's Place,95307476,1467148685173404895,Thom,,Concordia,45.55709966586497,-122.63594657278304,Entire home/apt,,1,150,2025-10-22,5.80,1,0,63,23-094763-000-00-HO
968040232556866373,#StayInMyDistrict Arbor Lodge The Ainsworth,3142393,1462528276679400180,Amy,,Arbor Lodge,45.5665696,-122.6857367,Entire home/apt,,1,57,2025-11-06,2.08,21,60,21,18-190592-000-00-HO
968090629222705357,Portland - WP Studio Deluxe,9296727,1462810529280513963,Jesse,,Old Town/Chinatown,45.52172,-122.67172,Entire home/apt,,1,0,,,3,67,0,Exempt
968133154582454297,Portland - WP 1 Bedroom,9296727,1462810529280513963,Jesse,,Old Town/Chinatown,45.51964762487937,-122.67190597375871,Entire home/apt,,30,0,,,3,0,0,Exempt
968147615007098010,Portland - WP 1 Bedroom PH,9296727,1462810529280513963,Jesse,,Old Town/Chinatown,45.51992,-122.67057,Entire home/apt,,30,0,,,3,0,0,Exempt
968380651569439343,St. John’s Townhouse quiet neighborhood,528153813,1470374464925910604,Justin,,St. Johns,45.59394,-122.73442,Entire home/apt,,30,9,2025-12-01,0.34,3,269,3,
968397916814310248,SE Portland/Sellwood good Neighborhood,528153813,1470374464925910604,Justin,,Sellwood-Moreland Improvement League,45.45975652684277,-122.64557098635417,Entire home/apt,,30,5,2025-01-09,0.24,3,187,1,
968742014925537030,Northwest Nob Hill!  Free Parking! Walk to it all!,45609473,1465677733652724988,Rebecca Malen,,Northwest District,45.5362908,-122.7013965,Entire home/apt,,2,35,2025-11-08,1.32,5,352,16,97536
968759063348468915,Northwest Nob Hill! Updated Spacious Home!,45609473,1465677733652724988,Rebecca Malen,,Northwest District,45.536362,-122.701559,Entire home/apt,,2,46,2025-11-29,1.78,5,323,27,26624
968955759201440812,Bright & Bold 2BR/2BA w/ Vaulted Ceilings + Laundr,534173163,1470397457383091158,Brad,,Buckman,45.5163047,-122.6519507,Hotel room,,1,12,2025-09-28,0.44,6,360,4,18-197510-000-00-CO
968957740832247538,"Colorful 2BR/2BA w/ King Bed, Local Art + Secure P",534173163,1470397457383091158,Brad,,Buckman,45.5163047,-122.6519507,Hotel room,,1,22,2025-11-28,0.81,6,358,5,18-197510-000-00-CO
968960713848236432,Quiet End-Unit Studio w/ Full Kitchen + Natural Li,534173163,1470397457383091158,Brad,,Buckman,45.5163047,-122.6519507,Hotel room,,1,8,2025-08-04,0.29,6,337,3,18-197510-000-00-CO
969042011644657376,High end Urban Retreat! Free garage parking!,439103919,1469983433554286835,Justine,,Pearl,45.5269042,-122.6795883,Entire home/apt,,2,85,2025-10-26,3.10,4,131,38,24-000785-000-00-HO
971092511345161024,Hawthorne Bungalow,320949994,1469607851654626894,Emerson,,Richmond,45.51166117804823,-122.62811773982959,Entire home/apt,,120,1,2024-03-02,0.05,1,269,0,
971673863552654417,City Forest Retreat,28015540,1465413835898184522,Heather,,Southwest Hills,45.5056956517736,-122.71096674762889,Entire home/apt,,2,98,2025-11-28,3.60,1,169,41,23-087626-000-00-HO
973148273721602085,3 bd/2bath Perfect location!,18590525,1463057272989305070,Thomas,,Richmond,45.51112047706101,-122.63295771711725,Entire home/apt,,2,9,2025-04-21,0.45,5,0,2,17-280804-000-00-LU
974108770045896073,Cute Room w/ Pool on the Roof,445417507,1470007369833376782,Jason,,Buckman,45.5226453,-122.6623776,Entire home/apt,,30,2,2023-09-24,0.07,1,365,0,
974257294889296131,My Little Jewel Box,299702617,1469539754258761401,Debbie,,Northwest District,45.5232268,-122.6870496,Entire home/apt,,30,1,2024-03-31,0.05,1,162,0,
975442305072551533,The Owl Room - Upstairs Room in a Hillsdale,153132135,1487931416850218637,Jackqueline,,Hillsdale,45.47926534793807,-122.69961852670515,Private room,,1,70,2025-11-10,2.63,2,83,29,23-113508-000-00-HO
975800646823202883,Charming Roseway House,127445547,1468281282619887868,William,,Roseway,45.54893067266575,-122.58171658962965,Entire home/apt,,30,4,2025-03-25,0.19,1,0,3,
976889855332538771,Modern Apartment,130967908,1468311535351251926,Jessica,,King,45.553029617519464,-122.66109406668701,Entire home/apt,,1,323,2025-11-23,12.70,1,245,138,23-108736-000-00-HO
977627258752009484,Cozy forest facing studio,330392959,1469634721790667992,Carlin,,Northwest Heights,45.54016114275542,-122.78238940984009,Entire home/apt,,30,0,,,1,179,0,
977636435342317633,Rooms at Always Sunny Manor,1213257,1462516627506848298,Dayna,,Buckman,45.51773,-122.6485,Private room,,2,7,2025-10-20,0.79,8,0,7,25ASTR-APP-00083
977855333525415738,"Rustic home in Multnomah village, Portland",9377224,1462812576232297959,Georgi,,Multnomah,45.46399,-122.70683,Entire home/apt,,28,8,2025-09-15,0.34,2,326,4,19-153436-000-00-ho
978577475168686072,Portland City Landmark #1 Free Parking,95203243,1462859634137788283,Ryan,,Hosford-Abernethy,45.51008,-122.65286,Entire home/apt,,2,49,2025-12-01,1.84,2,253,36,Exempt
978887542628794026,Petite Palazzo VlLLA ~ Small+Stylish,4884977,1462667503558889992,Shane,,Mt. Tabor,45.52304,-122.5955426,Entire home/apt,,1,148,2025-11-24,5.63,4,104,80,14-237773-000-00-LU
978906954246756391,1928 Craftsman | 88 Walkscore,3508484,1462530315278775656,Joshua,,St. Johns,45.59063,-122.74785,Entire home/apt,,5,20,2025-05-05,0.79,6,41,6,21-072758-000-00-HO
978983600664347803,Oak Street Retreat,146445726,1468437601004881049,Liz,,Buckman,45.5198683,-122.6458589,Private room,,30,0,,,1,269,0,
980724230458451699,Craftsman Style Home,151457231,1468487612970316420,Landon,,Humboldt,45.55894,-122.67658,Entire home/apt,,30,8,2025-08-04,0.30,1,173,2,
981118808708297933,The Betty - A Pet Friendly 1920s Vintage Bungalow,1782525,1462520330468960053,Nicole,,Buckman,45.51765555084311,-122.65301946866215,Entire home/apt,,1,107,2025-11-23,4.26,1,335,56,24-001702-000-00-LU
981307394211319494,spacious beautiful home,182137080,1468757525295775557,Roba,,Hazelwood,45.512814,-122.5524091,Entire home/apt,,30,13,2024-08-18,0.59,1,365,0,Exempt
982596981779167077,Urban Oasis in the Heart of the Pearl District,123106801,1468246248351212526,Grethel,,Pearl,45.52613505720129,-122.68025642846163,Entire home/apt,,31,7,2025-09-26,0.29,1,236,4,
983278640222145228,Portland Modern,52327539,1465845834908358235,Camron,,Multnomah,45.46362,-122.72367,Entire home/apt,,2,131,2025-11-17,5.10,2,267,58,23-108383-000-00-HO
984043712273390826,Peaceful Inner Southeast Studio!,537908933,1470412574536371757,Charles,,Buckman,45.522375,-122.649791,Entire home/apt,,1,111,2025-11-30,4.15,2,359,51,17-116101-000-00-HO
984099718263107224,Spacious Division Convenient,84376678,1467019333415230656,Minh,,Mill Park,45.5044562,-122.532025,Entire home/apt,,30,18,2025-11-18,0.69,1,212,3,Exempt
984163163924885758,Two Bedrooms available now!,90138486,1467090968021978798,Richelle,,Centennial,45.5026719,-122.4926704,Private room,,30,1,2023-11-03,0.04,2,267,0,
984167458407555619,Ivon Street Dual Suite Rowhome,158074447,1468540422411831312,Sarah,,Hosford-Abernethy,45.50519,-122.65021,Entire home/apt,,31,6,2025-09-30,0.25,14,37,3,
984274338904473188,Benji and Friends,36400059,1465540652396655210,Cody,,Rose City Park,45.53846273385286,-122.6112401085755,Private room,,2,117,2025-11-17,4.47,1,72,41,23-087629-000-00-HO
984339351067450587,Fremont Cottage,205079895,1469069813133303439,Mike,,Cully,45.55213579689565,-122.60897610762471,Entire home/apt,,30,3,2023-11-09,0.11,8,0,0,24-013498-000-00-HO
985516440770760904,Noble Old Geezer squatting in Slabtown,538252368,1470413957797644835,Paul,,Northwest District,45.533374,-122.695876,Entire home/apt,,2,82,2025-11-17,3.15,1,0,38,22-207740-000-00-HO
987058114053477172,PDX Urban Garden Apartment,12384248,1462886539919488198,Devon,,Reed,45.487369641942,-122.63523158550822,Entire home/apt,,2,21,2025-11-30,0.85,1,250,16,23-099341-000-00-HO
987738194847784693,Heart of the Pearl. South Facing Studio.,41852577,1465622663320056344,Andrew,,Pearl,45.52806,-122.68375,Entire home/apt,,31,4,2025-11-24,0.19,21,205,2,
987855691022078561,The Happy House,76259815,1466935585286198603,Wendy,,Woodstock,45.48301,-122.61612,Entire home/apt,,30,1,2024-05-15,0.05,1,210,0,
988346770685329049,Cozy basement room,5460298,1462681391097627116,Whit,,Mt. Tabor,45.506308628613134,-122.60607978248524,Private room,,30,1,2024-01-21,0.04,1,83,0,
988608946014273382,"Family & pet friendly, 5BR, sleeps 12",34601684,1465509423719942417,Stephanie,,Cully,45.557265360582676,-122.58893943048265,Entire home/apt,,30,7,2024-01-29,0.26,3,110,0,
988652358260268989,"Newer Built Fopo Gem, Close to Everything!",23545520,1462625679977503598,Jia,,Mt. Scott-Arleta,45.48656714719636,-122.59599647019853,Entire home/apt,,1,123,2025-11-17,5.13,2,302,61,19-216344-000-00-HO
988668925024574141,The White Room,13526464,1462913325262250113,Meagan,,Montavilla,45.52310251516244,-122.57272434749022,Private room,,1,5,2024-10-22,0.19,2,94,0,19-203888-000-00-HO
989071216670299123,OHSU 1Bed Huge deck Pets love it! (04A),410009654,1469871546085370887,Kenny,,Homestead,45.49603,-122.6912,Entire home/apt,,30,1,2024-07-28,0.06,11,167,0,
990581500754669978,The Secret Garden,539403040,1470418256504418309,Cullen,,Mt. Tabor,45.51385,-122.60967,Entire home/apt,,1,97,2025-11-10,4.28,1,188,31,23-099331-000-00-HO
991377971675951867,"Art Deco Oasis: Den, Office, Garden",221421926,1469170152876833747,Descansa Property,,St. Johns,45.5895,-122.74962,Entire home/apt,,1,26,2025-10-15,1.08,19,218,14,23-067760-000-00-HO
992709540375836743,Modern condo in North Tabor,281637273,1469479618343212207,Thu,,North Tabor,45.523943163324155,-122.60477647776804,Entire home/apt,,30,2,2024-11-02,0.08,3,337,0,
992773814986483743,Beautiful Portland Gem Minutes from Mt. Tabor,23120473,1465268898353146865,Jane Katharine,,Montavilla,45.51026,-122.5843,Entire home/apt,,1,109,2025-11-30,4.41,1,341,58,23-074594-000-00-HO
992949858004557003,Modern studio heart of The Pearl,41852577,1465622663320056344,Andrew,,Pearl,45.52798387945975,-122.68507129213833,Entire home/apt,,31,4,2025-08-20,0.25,21,152,2,
994374745361485342,Million dollar views condo,20684802,1463135888771752691,Anne,,Hillside,45.524497698362005,-122.70243668953223,Entire home/apt,,30,1,2023-12-01,0.04,1,0,0,
994473318337328068,Frankie's Place; Walkable Craftsman luxury!,23227876,1465270356885081773,Isaiah,,Richmond,45.50112,-122.62001,Entire home/apt,,1,44,2025-11-30,1.75,1,256,21,23-103829-000-00-HO
994990150833930882,Irvington Garden Suite,540374904,1470422005888368059,Bradley,,Irvington,45.5406932,-122.6517649,Entire home/apt,,3,49,2025-11-24,2.51,1,356,25,24ASTR-PER-00074
995029431118894021,Close In NE Portland Studio,22827926,1463189405718306916,Jennifer,,Eliot,45.540359613278056,-122.66420809658493,Entire home/apt,,1,138,2025-11-22,5.81,1,236,57,23-102693-000-00-HO
995126496012556008,Cozy Oasis - 5BD/2BA - Arcade - Prime Location,392859086,1469815004468176754,Thomas,,South Portland,45.49566,-122.6743,Entire home/apt,,1,134,2025-11-25,5.52,6,230,66,24-040804-000-00-LU
995304495062249613,Private Overlook Guest Suite,18930985,1463065492925477914,Hayley,,Overlook,45.5621931721026,-122.68778822811899,Entire home/apt,,2,139,2025-12-02,5.52,1,271,68,23-112105-000-00-HO
996343834072385168,Classic Country Style Home,147133852,1468443318336081426,Natalya,,St. Johns,45.59356,-122.74232,Entire home/apt,,30,0,,,1,364,0,
996381614266884838,1bd/1ba in Downtown PDX,133590266,1468334248576682269,Chenara,,Northwest District,45.52465118933382,-122.69065235887074,Entire home/apt,,30,0,,,1,358,0,
996382563947841589,"Peaceful, Spacious Guest Suite in Overlook",5728075,1462542043146818562,Elizabeth,,University Park,45.57707498258768,-122.71039981299633,Entire home/apt,,2,33,2025-11-29,1.71,1,178,14,24ASTR-APP-00553
996592151655691500,The Perfect Nob Hill Craftsman ~ 99 WalkScore,330048235,1469633465156244136,Erin,,Northwest District,45.52542540905673,-122.6981365298368,Entire home/apt,,30,0,,,1,121,0,
997842491911394829,Privacy and Parking.,516724220,1470324669156875532,Kaci,,Portland Downtown,45.50788448385291,-122.67298572102337,Entire home/apt,,30,0,,,1,364,0,
998526319006717916,Sweet Beech St Retreat,2918874,1462612450722838843,Sara,,Beaumont-Wilshire,45.55050415671671,-122.61740656997628,Entire home/apt,,2,31,2025-10-12,1.23,1,102,15,24-013055-000-00-HO
998622425722470713,A queer little craftsmen,12612277,1462891709715899148,Kyle,,Sabin,45.54897857823915,-122.64880179664934,Private room,,30,0,,,1,269,0,
998874941320111854,Bright and modern 2bd/2.5ba- close to Alberta st!,500856872,1470252284661782062,Harvey,,Vernon,45.5658536,-122.6487761,Entire home/apt,,2,79,2025-11-29,3.34,1,73,35,24ASTR-PER-00466
999273678789048919,Private guesthouse,86370223,1467039398992088970,James Michael,,Woodlawn,45.57373,-122.65887,Entire home/apt,,2,116,2025-11-30,4.49,1,343,52,23-044570-000-00-HO
999305306050472647,Eclectic 5 BR House in Trendy Hawthorne+Division,309565441,1469576744757533220,Marissa,,Richmond,45.50471896970194,-122.62195020418378,Entire home/apt,,1,98,2025-11-23,3.78,3,354,34,22-100609-000-00-CO
1000814547576538131,"Roomy 1BR w/ patio, 205 access!",36297855,1465539173011447337,Sam,,Montavilla,45.5278,-122.56956,Entire home/apt,,30,5,2025-11-06,0.19,5,218,2,
1000826855572177238,"Roomy 2BR w/ patio, 205 access!",36297855,1465539173011447337,Sam,,Montavilla,45.525993460717345,-122.56952743138395,Entire home/apt,,30,5,2024-11-30,0.20,5,111,0,
1001052889641317898,Basement Apartment,23048400,1465267879764136402,Francisco,,Piedmont,45.5708,-122.67102,Entire home/apt,,2,31,2025-09-27,1.22,1,0,12,24ASTR-APP-00095
1001627335081881662,"Family + Pet-friendly, sleeps 16",34601684,1465509423719942417,Stephanie,,Cully,45.55722,-122.58898,Entire home/apt,,30,5,2025-10-24,0.20,3,200,2,
1002175747617278142,Luxury in The Pearl,22299166,1463176406936880543,Bradly,,Pearl,45.53377893881703,-122.68057910013233,Entire home/apt,,30,6,2025-09-07,0.25,1,152,2,
1003066133694324177,Spacious Oasis Near Stunning Mount Tabor Park,161782239,1468574672360864404,Natalie,,Montavilla,45.5080695,-122.5725316,Entire home/apt,,3,22,2025-09-21,1.03,1,346,13,24-012231-000-00-HO
1003741240720740663,Adorable St John's Garage Studio,202532036,1469056786083328852,Katy,,St. Johns,45.599906832166255,-122.74908084396878,Private room,,1,10,2025-11-10,3.00,1,260,10,25ASTR-APP-00282
1004321605767790849,Pearl Studio in Streetcar Lofts,158074447,1468540422411831312,Sarah,,Pearl,45.531499594157,-122.6828535442184,Entire home/apt,,31,5,2025-11-22,0.21,14,237,2,
1004397153146826136,Lovely Modern Basement Apartment,5925114,1462693050974101010,Karin Bright,,Buckman,45.5162561,-122.6571009,Entire home/apt,,90,4,2024-03-03,0.16,1,173,0,
1005288596527472363,FoPo Craftsman,11493470,1462866028060348261,Milky,,Foster-Powell,45.48782373860765,-122.58756423453885,Entire home/apt,,2,20,2025-10-28,0.81,1,347,9,18-144741-000-00-HO
1005879503517963785,Hazelwood getaway in NE PDX #3,426284483,1469932463779937003,Jake,,Hazelwood,45.52524,-122.51752,Private room,,30,5,2025-08-19,0.22,4,365,2,
1006595988054094192,La Casa del Abuelo,208901740,1469089743791301372,Erica,,Buckman,45.51546319390009,-122.64233063703774,Entire home/apt,,2,87,2025-11-30,4.16,2,333,44,23-069821-000-00-HO
1006823034177451494,Spacious private whole guest house in NE Portland!,1102941,1462537006651719896,Steve,,Woodlawn,45.57622661014088,-122.65205147365425,Entire home/apt,,2,142,2025-11-16,5.54,1,208,79,24-012180-000-00-HO
1007367939386007473,Arboreal Room at Hayhurst Manor,42241906,1465628219231263904,Greg,,Hayhurst,45.48659,-122.72727,Private room,,30,31,2025-09-02,1.20,2,179,9,19-113306-000-00-LU
1009047174799471899,Brooklyn Bungalow,28626754,1465422519906346344,Dorothy,,Brooklyn Action Corps,45.49973,-122.64867,Entire home/apt,,30,2,2024-01-05,0.08,1,89,0,
1009386553931324024,Floating Home on the Columbia,415163842,1469888816521210756,Madalyn,,Hayden Island,45.611551281339665,-122.68782652940932,Entire home/apt,,90,0,,,1,267,0,
1009420385372234939,King bed Winter Hawk Suite! Free garage parking.,439103919,1469983433554286835,Justine,,Pearl,45.5269042,-122.6795883,Entire home/apt,,2,98,2025-12-02,3.85,4,116,48,24-000785-000-00-HO
1009693143026517956,Emerald Heights Retreat near hiking trail 5BD/3BTH,49270200,1465750366305271494,Candis,,Southwest Hills,45.500201255799816,-122.69994573971726,Entire home/apt,,30,3,2023-12-26,0.12,1,89,0,Exempt
1011235917149279200,Magic 2nd Floor / Walk Score 93!,26822355,1462638777333301546,Todd,,Richmond,45.50986,-122.62401,Entire home/apt,,1,101,2025-11-18,4.73,5,1,53,17-221635-000-00-LU
1011702387381898063,Arbor Lodge Retreat Blissful Sanctuary,7990678,1462746449330350594,Sarah And Romel,,Arbor Lodge,45.56749041199184,-122.68909618672598,Private room,,30,0,,,4,364,0,
1011887443911257508,Landmark 23 ~ Historic 3BD-2BA House Garden Garage,543774163,1463873429787645668,Tess And Miles,,Hosford-Abernethy,45.50813,-122.65984,Entire home/apt,,2,54,2025-12-01,2.22,1,333,39,23-112755-000-00-CO
1013092144345637783,Lively and Cozy Portland home. Sleeps 10.,309962671,1469578142394810447,Courtney,,Woodlawn,45.56977585751,-122.66108446624338,Entire home/apt,,1,191,2025-11-21,7.74,2,347,95,20-214984-000-00-RS
1013224200184228972,Urban Industrial Downtown Condo,5722606,1462687790220879708,Sandra,,Portland Downtown,45.51422811151577,-122.68652725853322,Entire home/apt,,30,1,2024-03-27,0.05,1,225,0,
1013901560926844318,"15min to PDX & DT, Fireplace, Garage, W/D in-unit",61459936,1466756327746664967,Victoria,,Montavilla,45.50466,-122.56727,Entire home/apt,,30,0,,,1,240,0,
1014604005281042281,Downtown Portland Poolside Condo with Hot Tub.,4539980,1462660031408135215,Beth,,Old Town/Chinatown,45.53051042690672,-122.67533205449583,Entire home/apt,,30,2,2025-01-31,0.12,2,134,1,
1016059367607163707,Chic Retreat in the Pearl,8106668,1462749329088706984,Gina,,Pearl,45.52901975236683,-122.68433756371262,Entire home/apt,,2,48,2025-11-16,2.11,1,330,27,24-013083-000-00-HO
1016093741267378064,"Chic, Modern, Spacious & Central",19786705,1463090989437728290,Bert,,Hosford-Abernethy,45.50092,-122.64898,Entire home/apt,,30,0,,,1,269,0,24-007825-000-00-HO
1016191923901612313,Portland AF,1094944,1462536824900320971,Sara,,Powellhurst-Gilbert,45.48049844091069,-122.54357634530294,Entire home/apt,,30,3,2024-12-30,0.12,1,251,1,Exempt
1016879831727643365,Private Fernview Bed and Bath,48325865,1465730494657868344,Clay,,Concordia,45.56812,-122.62078,Private room,,2,53,2024-11-11,2.11,1,0,0,24-006462-000-00-HO
1018954728359821877,Sellwood Apt - Quiet & Walkable!,55659355,1465911554770215981,Brielle,,Sellwood-Moreland Improvement League,45.46783,-122.65188,Entire home/apt,,1,59,2025-11-29,2.61,1,253,33,23-023364-000-00-HO
1018962420190965021,Burlingame Bliss,14892912,1462949436420715423,Shelly,,Hillsdale,45.47311740000001,-122.6878826,Entire home/apt,,2,2,2025-11-28,0.08,1,246,1,25ASTR-APP-00388
1020303134753104666,Hazel Haus: secluded SW PDX home with hot tub,285147,1462510950439386701,Lauren,,Collins View,45.4569,-122.68283,Entire home/apt,,30,6,2025-10-03,0.27,1,263,3,
1020324895941264891,South Tabor Mid-Century Gem,104330986,1467254178167289456,Evy,,South Tabor,45.50478,-122.59363,Entire home/apt,,2,0,,,1,0,0,23-092789-000-00-HO
1021130162613104436,Sweeeeet Home Alberta 1BR/1BA,384690762,1469789767359170346,Zach,,Vernon,45.56512,-122.65067,Entire home/apt,,30,16,2024-05-29,0.66,4,0,0,Exempt
1021172111056064388,Designer 3BD Hawthorne Home,378901,1462516988640811682,Victoria Yia Wei,,Richmond,45.50795,-122.62797,Entire home/apt,,30,67,2025-07-23,2.80,2,0,37,24-016257-000-00-LU
1021255135465217072,Beautiful two level Craftsman,77382200,1466947587984469488,Jennifer,,Richmond,45.50619,-122.62715,Entire home/apt,,30,0,,,3,122,0,
1021714725123193540,Cozy Dome with AC: off-grid glamping in Portland,6048666,1462543593036724962,Dominique,,South Tabor,45.50363,-122.59135,Entire home/apt,,1,10,2025-07-21,0.42,1,216,6,24ASTR-APP-00538
1021781616484144153,Designer Owned Suite in Historic Hollywood,393441074,1469816896385702394,Don,,Grant Park,45.5393263,-122.6186725,Entire home/apt,,1,63,2025-11-28,2.63,2,306,33,23-092827-000-00-HO
1022416138200261072,Private NE Portland Guesthouse,220393005,1469163331514729846,Jeffrey,,Alameda,45.55205,-122.63095,Entire home/apt,,1,203,2025-12-02,8.63,1,155,114,24-017756-000-00-HO
1023996513050492606,"River Views, Serenity, & Paths!",10306850,1462573601356822217,Bethany,,Old Town/Chinatown,45.5298943,-122.6745259,Entire home/apt,,31,2,2024-07-13,0.11,1,267,0,
1024162649617658397,SE Woodstock Charming 2 br,86128240,1467036891477600429,Josh,,Woodstock,45.47857253318576,-122.6201662075515,Entire home/apt,,30,2,2023-12-29,0.08,2,89,0,
1024297617129482353,Williams Avenue Hideaway,19754870,1463090326756119930,Josefa,,Boise,45.55326326646057,-122.66647064310966,Entire home/apt,,1,96,2025-10-19,3.97,1,229,32,24-007402-000-00-HO
1025372610592644434,New Modern 2 Bedroom Guest House (ADU) in Sellwood,58406397,1466699992807517290,Radek,,Sellwood-Moreland Improvement League,45.4656,-122.64341,Entire home/apt,,31,2,2024-06-08,0.10,1,117,0,
1025399831778175717,"Portland Condo w/ Hot Tub Access, Near Downtown!",121688409,1462921224513368239,Evolve,,Old Town/Chinatown,45.53063,-122.67599,Entire home/apt,,30,1,2024-10-01,0.07,27,247,0,
1026407601572557182,Garden House Apartment,8680367,1462773603258153746,Michael,,Richmond,45.50108802056681,-122.61771901534424,Entire home/apt,,30,0,,,9,365,0,
1026781455659992140,Hawthorne Apartment,20760775,1463137765786247778,Javier,,Buckman,45.51394,-122.63959,Entire home/apt,,2,66,2025-11-29,2.70,1,142,20,23-111898-000-00-HO
1026978495677416284,Cozy & Modern Family 2BR: A/C+King+Parking+Pets OK,17922916,1462604211454305593,Alexander,,Woodstock,45.47786127041318,-122.60791760678524,Entire home/apt,,3,81,2025-11-30,4.15,1,118,51,24-016639-000-00-HO
1027553276591051654,Hawthorne House - A+ Location! Pet Friendly!,453557051,1470040804643860518,Marissa,,Richmond,45.50801558014541,-122.62663892233077,Entire home/apt,,1,93,2025-11-21,3.83,1,89,64,24-013863-000-00-HO
1029051871574517704,Eastside Lodge Portland : 1 King Bed,546492960,1470445865570852421,Hospitality,,Kerns,45.5235008,-122.6563562,Private room,,1,26,2025-09-21,1.12,2,365,13,81984
1029075572280297837,Eastside Lodge Portland: 1 Queen/1 Twin,546492960,1470445865570852421,Hospitality,,Kerns,45.5235008,-122.6563562,Private room,,1,9,2025-10-05,0.37,2,365,4,81984
1029082016777210902,"Exceptional Pet Friendly Home, Game Room w/ Pool",62261998,1462750061747177206,ITrip Vacations,,Bridlemile,45.49014420558069,-122.73613589534833,Entire home/apt,,2,45,2025-10-30,1.82,19,347,23,24ASTR-APP-00085
1029398723212833583,Furnished 1 BR unit near OHSU Dog Friendly (04D),410009654,1469871546085370887,Kenny,,Homestead,45.49568800545293,-122.69091533520964,Entire home/apt,,30,4,2025-08-19,0.18,11,236,3,
1029739785052383741,Getmash Suit,428157777,1469940339720150933,Tadele,,Hazelwood,45.51494262069415,-122.52309111154815,Entire home/apt,,30,3,2024-12-20,0.12,1,364,1,
1029825129098370434,PDX Studios: 2A- Short & Long-Term Stays Welcome!,472195025,1463783544840228094,Joe,,Boise,45.55124,-122.66758,Entire home/apt,,30,2,2024-04-15,0.08,6,150,0,
1030504841750880148,Luxurious 1Br Condo in the Pearl,25690568,1465348680150923538,Michael,,Pearl,45.53003431169428,-122.68219104456722,Entire home/apt,,90,0,,,1,149,0,
1032002506568127807,The Nook House in South Tabor,26873626,1465383972664175958,Jaime,,South Tabor,45.50086282070664,-122.5882164,Entire home/apt,,2,16,2025-08-24,0.83,1,0,3,23-106140-000-00-HO
1032044044744485852,Luxury Historic Haven Blocks to Restaurants,13285949,1462907795952743144,Daniela,,Sullivan's Gulch,45.533713589143495,-122.64279287555479,Entire home/apt,,3,68,2025-11-21,2.85,5,113,31,12-003112-000-00-HO
1032656952166462864,Corner of  Heaven,345143977,1469682283633927256,Natanael,,Sellwood-Moreland Improvement League,45.46508,-122.65833,Entire home/apt,,2,85,2025-11-29,3.60,1,198,47,23-113922-000-00-HO
1033502422786263877,"Cozy, walkable and safe",4691790,1462663385312303608,Matthew,,Rose City Park,45.5317,-122.61434,Entire home/apt,,2,23,2024-06-23,0.95,1,0,0,23-113322-000-00-HO
1033547371117770728,Modern Apt Nestled in Lush Hills,83088925,1467006620174185975,Julie,,Hillsdale,45.48900127456048,-122.70317385724556,Entire home/apt,,3,4,2025-01-18,0.24,2,115,3,24ASTR-PER-00453
1034946730543939530,New Modern N. Portland apt #2,424871150,1469926830880296240,Tiana,,Overlook,45.56379,-122.6879,Entire home/apt,,30,14,2024-05-07,0.57,1,243,0,23-157000-093-25-HO
1035892014980037212,Fully furnished modern condo | 30+ day stay,199362727,1463139129658628793,Tedros,,Mill Park,45.51781,-122.54093,Entire home/apt,,30,3,2025-03-21,0.13,1,365,1,
1036096016941720189,Comfortable 3BR Stay｜Work-From-Home Ready G#41532,504252105,1467939816103299783,Guesty,,Northwest Heights,45.54132,-122.77471,Entire home/apt,,30,0,,,6,365,0,
1036929634174016323,Coda Guesthouse -Now Solar Powered & dog friendly,14796564,1462947100071896477,Chad,,Brentwood-Darlington,45.47193769419999,-122.61321369731765,Entire home/apt,,1,108,2025-11-29,4.74,3,146,55,24-013465-000-00-HO
1037547091941624799,Cozy loft cottage,5887595,1462692157868272246,Anne,,Sellwood-Moreland Improvement League,45.459219719106926,-122.64434798582433,Entire home/apt,,2,69,2025-11-29,2.98,1,344,34,24-000743-000-00-HO
1039360464260912150,Downtown Penthouse Condo - Minutes from PSU & OHSU,155841507,1468521477825456969,Andrew,,Portland Downtown,45.51599,-122.68653,Entire home/apt,,30,8,2025-11-30,0.39,1,243,6,
1039951678032368494,Family Farm Camper,421792,1462511731612447817,Jesse,,Powellhurst-Gilbert,45.48831,-122.51914,Entire home/apt,,31,7,2025-07-16,0.35,3,234,4,20-211594-000-00-HO
1040061263692755695,"Warm and Cozy Basement, Covered Outdoor Area w/",62261998,1462750061747177206,ITrip Vacations,,Madison South,45.53482,-122.57912,Entire home/apt,,2,4,2024-06-30,0.19,19,0,0,24-013099-000-00-HO
1041343710221736784,Swanky in Overlook,27232037,1465402105422838404,Ryan,,Overlook,45.55242,-122.68283,Entire home/apt,,2,60,2025-08-31,2.63,1,156,33,23-092960-000-00-HO
1042400504348522876,"Long term, incredible Goose Hollow location",114037020,1468176258504714580,Paul,,Goose Hollow,45.51418570299069,-122.69099548459053,Entire home/apt,,60,2,2024-08-27,0.11,1,174,0,
1043876510767736807,Casa Azul on Hawthorne,365379405,1469735510673004303,Levi,,Buckman,45.5124437,-122.6412985,Entire home/apt,,30,87,2025-11-04,3.63,1,242,6,24-002246-000-00-HO
1044358027236291632,Corner One Bedroom with Views!,41852577,1465622663320056344,Andrew,,Pearl,45.52883364684177,-122.68462255597116,Entire home/apt,,31,8,2025-12-02,0.35,21,253,5,
1044460668752688190,Inner Southeast Luxe Townhouse!,537908933,1470412574536371757,Charles,,Buckman,45.522375,-122.649791,Entire home/apt,,2,38,2025-11-30,1.61,2,361,12,17-116101-000-00-HO
1044776352594191894,"Blueground | Overlook, nr coffee, zoo & hiking",107434423,1462889176402806013,,,Overlook,45.56464039999999,-122.6818621,Entire home/apt,,31,1,2025-07-13,0.21,5,304,1,
1044776679107723746,"Blueground | Old Town, nr dining, bars & tech hubs",107434423,1462889176402806013,,,Old Town/Chinatown,45.5286955,-122.6729121,Entire home/apt,,31,0,,,5,278,0,
1046099682454350280,"Gateway Stay-Close to AirPort, Freeway & Shopping",550914308,1470463397920475398,Basant,,Montavilla,45.5259913,-122.5669831,Private room,,1,9,2025-11-09,3.65,2,24,9,25ASTR-PER-00298
1047542319928861771,Bright Spacious Elliot Cottage,31006771,1465456396378091997,Matthew,,Eliot,45.5404312,-122.6636485,Entire home/apt,,30,1,2024-08-31,0.07,1,364,0,
1048611916554444380,Airsteam on Farm-Nature-City,421792,1462511731612447817,Jesse,,Powellhurst-Gilbert,45.48897886399015,-122.51804664731026,Entire home/apt,,31,6,2024-10-06,0.29,3,270,0,20-211594-000-00-HO
1048618585097145025,Nicki's Million dollar view Home @ Downtown PDX,103330725,1462878450017128863,Nickisbnb,,Goose Hollow,45.51461975114619,-122.69247294285277,Entire home/apt,,1,21,2025-09-11,1.03,4,140,15,22-160714-000-00-LU
1049295316081986981,Tabor Studio with decks & views.,5181286,1462674728342124201,Thomas,,Sunnyside,45.51263930187742,-122.61479167311363,Entire home/apt,,30,0,,,1,364,0,
1049360366962493526,Pdx- great for travel workers.,107286245,1467300321349709383,Marta,,Brentwood-Darlington,45.4703935,-122.5925687,Entire home/apt,,30,0,,,1,268,0,
1049513852726237408,Portland Laurelhurst Kerns,551597956,1470466060411616888,Stephanie,,Kerns,45.524461486256705,-122.63179295501179,Entire home/apt,,30,73,2024-10-07,3.11,3,320,0,96064
1049522771449337588,Portland Laurelhurst / Kerns,551597956,1470466060411616888,Stephanie,,Kerns,45.52341,-122.63357,Entire home/apt,,30,79,2024-12-27,3.34,3,0,2,96064
1049612122437207411,Arbor Lodge Retreat Pine Tree Room,7990678,1462746449330350594,Sarah And Romel,,Arbor Lodge,45.56643948796177,-122.69074771878016,Private room,,30,0,,,4,269,0,
1050119973482094081,The Portland Sun House,132230840,1468322705663930343,Jacquie,,King,45.5523,-122.65722,Entire home/apt,,1,196,2025-11-30,8.35,1,332,82,23-107415-000-00-HO
1050484465431584757,Quirky Loft by Alberta Arts District,17505595,1463011718656320471,Elliott,,King,45.56121623601416,-122.66401113142825,Entire home/apt,,2,24,2025-11-29,2.39,1,244,24,24ASTR-APP-00461
1053071654716102292,Perfect Ladd's Addition Loft - Breweries & Bars,112798186,1467361284718872792,Delanie,,Hosford-Abernethy,45.5084645,-122.6545689,Entire home/apt,,1,18,2025-11-16,0.82,33,317,5,21-083034-000-00-CO
1053567805335670145,"The Delores I Theater District I Portland, OR",47581293,1462707108527868932,Kevin,,Portland Downtown,45.5166092,-122.6843096,Entire home/apt,,120,0,,,12,364,0,
1053694438951150205,New & modern in central area,38041116,1465569256293326055,Jessica,,Woodstock,45.47351481003379,-122.61710924291508,Entire home/apt,,30,4,2025-09-13,0.25,1,260,3,
1055196566132445470,Mid-Century Hillsdale Retreat,552766988,1470470348229345489,Joey,,Hillsdale,45.480551503781015,-122.69225385950082,Entire home/apt,,1,136,2025-11-17,5.88,1,334,71,25ASTR-PER-00090
1055260349224164027,Modern Detached ADU in SE PDX,51531579,1465806248234165123,Lucca,,Woodstock,45.48342613936183,-122.6061395709542,Entire home/apt,,30,7,2025-10-09,0.32,2,32,4,
1057609881379389653,Zen Retreat,9811187,1462824056179241447,Alan,,Humboldt,45.563632175877835,-122.6674280811124,Entire home/apt,,2,8,2024-09-15,0.43,1,121,0,24-002274-000-00-HO
1058057157362322138,Cozy Apartment in the Heart of Foster-Powell,9052047,1462793684630860265,Julien,,Foster-Powell,45.49319,-122.59415,Entire home/apt,,2,41,2025-10-13,2.54,1,350,29,24ASTR-PER-00060
1060393144483495940,Cozy Apt in the Heart of SE,21238112,1463150047190280171,Shannon,,Richmond,45.504512543397006,-122.63344729374326,Entire home/apt,,30,1,2024-11-17,0.08,2,152,0,
1060399313097325114,Montavilla Mid-century eco duplex apt- great area!,34873260,1465514569828877141,Nannette,,Mt. Tabor,45.520311224022116,-122.58687564510339,Entire home/apt,,4,2,2025-10-05,0.48,1,79,2,25ASTR-APP-00291
1060470225656512076,"Unique natural light serene loft, walk to Rev Hall",122732291,1462923518268617973,Sheila,,Buckman,45.52249,-122.64927,Entire home/apt,,1,134,2025-11-30,6.06,1,58,61,24-009168-000-00-HO
1060953051114421730,Charming Alberta Park Duplex,131666042,1468317730670902956,Clara,,Vernon,45.56489890845243,-122.6465540927252,Entire home/apt,,1,9,2025-09-09,0.91,1,336,9,25ASTR-PER-00006
1060970093786538309,Super Cute Vintage Apt in the Heart of SE,21238112,1463150047190280171,Shannon,,Richmond,45.503145852504936,-122.6315944067374,Entire home/apt,,30,1,2024-12-13,0.08,2,211,1,
1061029974620288077,Sequoia View tiny home,17566672,1463013198913624789,John,,Concordia,45.55799,-122.63411,Entire home/apt,,1,173,2025-12-01,8.17,1,219,94,24-012546-000-00-HO
1061122220595454652,Free Parking/Gym/Rooftop/DT PDX/Centrally Located,183340435,1463081116926564597,Kiaro Atlas,,Buckman,45.52181305164338,-122.66104889698279,Entire home/apt,,2,46,2025-06-22,2.10,4,179,7,53248
1061146794606232217,Lavender Farm Stay at Urban Donkey Studio,60370460,1462745128838025509,Ramona,,Sunderland,45.585082915450656,-122.64020391154128,Entire home/apt,,2,5,2025-07-20,0.30,2,258,4,18-143516-000-00-HO
1061196632333999104,Free Parking/Gym/Rooftop/DT PDX/Centrally Located,183340435,1463081116926564597,Kiaro Atlas,,Buckman,45.52161062302518,-122.66169988813007,Entire home/apt,,2,63,2025-07-06,2.88,4,169,22,53248
1061576402809179724,"The Rachel I North Tabor I Portland, OR",47581293,1462707108527868932,Kevin,,North Tabor,45.5230192,-122.5987313,Entire home/apt,,30,2,2025-08-19,0.09,12,364,1,
1061792428581317560,"Skylit Industrial Studio – No Windows, Ultra Quiet",534173163,1470397457383091158,Brad,,Buckman,45.5163047,-122.6519507,Hotel room,,1,12,2025-09-06,0.54,6,340,1,18-197510-000-00-CO
1062339027647734815,Bright&Colorful 2-bed + HOT TUB!,35707797,1465527462707738560,Daniel,,Kenton,45.58187909999999,-122.6839335,Entire home/apt,,1,103,2025-11-13,4.61,2,260,47,23-064631-000-00-HO
1062339344166045032,Tandem House - Perfectly Cozy SE Portland Gem!,554673566,1470477058376809680,Mike And Ashley,,South Tabor,45.50132,-122.60822,Entire home/apt,,3,27,2025-10-12,1.38,1,259,12,24-023376-000-00-HO
1062454649888081063,Tree Views in the city!,62203396,1466766844897092064,Nancy,,Homestead,45.49167808584356,-122.6810675353352,Entire home/apt,,30,3,2025-04-17,0.17,11,150,1,
1062576133986479336,Hideaway retreat in the trees!,62203396,1466766844897092064,Nancy,,Homestead,45.4903,-122.68114,Entire home/apt,,30,0,,,11,180,0,
1062589223192713275,Cozy-Comfy Central - 2 bdrm,62203396,1466766844897092064,Nancy,,Richmond,45.50718889701538,-122.62011656335338,Entire home/apt,,30,13,2024-12-27,0.63,11,256,1,19-217616-000-00-HO
1062638205768777696,"Relax, Sanctuary in the city!",62203396,1466766844897092064,Nancy,,Richmond,45.50769955214169,-122.61905845707257,Entire home/apt,,30,5,2025-08-05,0.24,11,56,1,Exempt
1062668037446533470,Creekside Cottage in the city!,62203396,1466766844897092064,Nancy,,Marshall Park,45.455687891009326,-122.69063901147238,Entire home/apt,,30,4,2025-08-30,0.18,11,93,2,
1063192899009656860,The Arbor Lodge Retreat Ground Floor Suite,7990678,1462746449330350594,Sarah And Romel,,Arbor Lodge,45.56775254141657,-122.69081260278716,Private room,,30,0,,,4,269,0,
1063789741515155362,Creekside Sanctuary in the City,62203396,1466766844897092064,Nancy,,Marshall Park,45.45585,-122.68961,Entire home/apt,,30,6,2025-11-12,0.35,11,121,4,
1063943630643440445,Marquam Hill OHSU 1BR w/ Fenced Yard (04C),410009654,1469871546085370887,Kenny,,Homestead,45.49586343851083,-122.692075008296,Entire home/apt,,30,1,2025-10-26,0.75,11,152,1,
1064608704353965319,Historic Haven in Sellwood,2470117,1462595977261610062,Brenda,,Sellwood-Moreland Improvement League,45.46624,-122.65412,Entire home/apt,,30,2,2024-09-02,0.12,3,239,0,
1064609257803196914,Hobbit’s Hideaway in Sellwood,2470117,1462595977261610062,Brenda,,Sellwood-Moreland Improvement League,45.4652592,-122.6548061,Entire home/apt,,30,2,2024-07-31,0.11,3,107,0,
1064609476718123970,A Victorian Portland Paradise,2470117,1462595977261610062,Brenda,,Sellwood-Moreland Improvement League,45.46539897059878,-122.65390339605665,Entire home/apt,,30,0,,,3,149,0,
1065105756300618904,Spacious room with  bathroom,61936045,1466762046762806167,Brocha Etty,,Centennial,45.49801840145404,-122.51415302553791,Private room,,30,0,,,1,119,0,
1068987193792004725,Vista Room with Private Bath,54667782,1462729507984998614,Fatima,,Powellhurst-Gilbert,45.5032696,-122.551048,Private room,,3,44,2025-11-18,2.22,11,331,25,24ASTR-APP-00324
1069062904197609358,Elegant 1bed 1bath with Rooftop and Amenities,459606784,1463754295897912647,Sonia,,Pearl,45.52815,-122.68375,Entire home/apt,,1,63,2025-11-02,2.99,6,264,24,24-097758-000-00-CO
1069656648862856982,Matt's place,556708963,1470486929022761339,Mekuria,,Argay,45.55291735427169,-122.519225582958,Private room,,30,0,,,2,264,0,
1070391269467616057,Cozy Portland Vacation Rental ~ 6 Mi to Downtown!,121688409,1462921224513368239,Evolve,,Markham,45.45617,-122.70744,Entire home/apt,,30,5,2025-10-01,0.24,27,298,2,
1070541616824115894,Sellwood Park Prime Location,18842072,1529315956804996127,Grant,,Sellwood-Moreland Improvement League,45.46633016443407,-122.65834998339415,Entire home/apt,,30,3,2025-11-30,0.54,1,249,3,
1071072879297209810,Designer 4BD Hawthorne Home,378901,1462516988640811682,Victoria Yia Wei,,Richmond,45.5082885,-122.6290354,Entire home/apt,,30,13,2025-06-29,0.82,2,0,9,24-016257-000-00-LU
1071177296250301249,Modern Victorian Retreat with Sauna & Piano,221421926,1469170152876833747,Descansa Property,,Buckman,45.51617,-122.64832,Entire home/apt,,1,9,2025-11-04,2.62,19,223,9,25ASTR-PER-00076
1071815118810967757,Bright Recently Upgraded Apt – Free Parking!,409693567,1469870422880505881,Patrick And Sarah,,Pearl,45.53035804722061,-122.67994653358944,Entire home/apt,,30,6,2024-08-10,0.28,15,341,0,Exempt
1071831160641615770,Chic & Spacious apartment w/lux steam shower,81740738,1466993178402119647,Isabella,,Laurelhurst,45.5303618,-122.6297348,Entire home/apt,,3,48,2025-11-12,2.17,2,261,25,24-008679-000-00-HO
1072064259594616011,"Kerns Classic Mod 3 bed 1.5 bath, dedicated office",3936317,1462643022924089345,Jocelyn,,Kerns,45.52412,-122.64502,Entire home/apt,,31,2,2025-08-29,0.15,2,360,1,
1073964520206045088,Brooklyn 2BR House with Hot Tub,498770647,1470243468515114771,Paul,,Brooklyn Action Corps,45.49493,-122.65286,Entire home/apt,,4,23,2025-09-18,1.04,1,270,9,23-092953-000-00-HO
1073978283262970952,Portland + Model,393119889,1463598076468792721,Loyuk,,Pearl,45.530564,-122.685953,Entire home/apt,,1,22,2025-10-29,2.91,1,365,22,25ASTR-PER-00056
1074596637948145636,Tulip Tree,9930480,1462571884725747203,Trace,,King,45.558358197168786,-122.65685478771803,Entire home/apt,,1,122,2025-11-26,5.52,2,360,52,24-003256-000-00-HO
1079185748816520699,Victorian Vibes • 3BR • Steps to Mississippi,113868705,1468175165319642168,Darise,,King,45.5496809,-122.6622415,Entire home/apt,,1,47,2025-08-19,2.13,10,346,15,22-130971-000-00-CO
1079298293494925447,3BR • Sleeps 8 • Perfect for Groups • Renovated,113868705,1468175165319642168,Darise,,King,45.5496905,-122.6621474,Entire home/apt,,1,56,2025-09-21,2.67,10,357,28,22-130971-000-00-CO
1079304867676158693,Soul District Mansion - Food Carts & Local Shops,113868705,1468175165319642168,Darise,,King,45.5496809,-122.6622415,Entire home/apt,,1,21,2025-11-16,1.08,10,344,13,22-130971-000-00-CO
1080396309400254741,Private Room in Quiet Irvington,208515091,1469087740199862779,Robert,,Irvington,45.538144793355976,-122.64970699435912,Private room,,1,21,2024-11-24,1.00,1,0,0,23-100681-000-00-HO
1080589389764411655,"Modern, Pool table, Near Airport",34601684,1465509423719942417,Stephanie,,Cully,45.557461276224494,-122.58850039417692,Entire home/apt,,30,1,2024-05-10,0.05,3,27,0,
1081074550335559779,Garden Zen Getaway,24461064,1465304259454626036,Bree,,Montavilla,45.52362798481916,-122.57055492842494,Entire home/apt,,1,63,2025-11-27,3.77,1,166,40,24ASTR-APP-00240
1081415489941399805,Basement Studio Apartment,20413267,1463106971656208322,Lindsay,,Alameda,45.5506088,-122.6329758,Private room,,1,1,2024-03-31,0.05,2,122,0,24-013491-000-00-HO
1082724808899917233,Brick+Bloom,210156506,1469096541749314921,Christopher Tod,,Arbor Lodge,45.574955145038494,-122.68025523439331,Entire home/apt,,2,90,2025-12-01,4.07,1,211,46,23-080110-000-00-HO
1084674184719690256,Recently Upgraded 1BR Apt – Downtown Location,409693567,1469870422880505881,Patrick And Sarah,,Pearl,45.52964438333081,-122.67978179264043,Entire home/apt,,30,9,2024-06-06,0.43,15,360,0,Exempt
1086323753007185613,Mississippi Retreat,38402006,1465574522325062122,Remi,,Boise,45.554312480300204,-122.67273209931132,Entire home/apt,,1,39,2025-07-24,2.02,1,211,18,24ASTR-PER-00075
1086958055619185692,Lovely Home in Forest Park,5650853,1462685952622293780,Bianca,,Linnton,45.58895664000684,-122.77926988067506,Entire home/apt,,30,0,,,1,268,0,
1087118588963723214,Safe and Convenient OHSU Studio w/ Own Yard! (04B),410009654,1469871546085370887,Kenny,,Homestead,45.49586,-122.69202,Entire home/apt,,30,1,2025-09-08,0.34,11,161,1,
1090130766755983099,Owl's Nest: Private Guest Suite in Multnomah,12828580,1462896614894874745,Sarah,,Multnomah,45.46903,-122.71078,Private room,,1,105,2025-11-17,5.06,1,349,66,24-019561-000-00-HO
1091358876865200334,Long-term Charming 1 BR Garden Suite with laundry,16870156,1462599559480404597,Kelly,,Mill Park,45.5080602,-122.54594,Entire home/apt,,30,0,,,2,268,0,
1091413309953163811,Best Neighborhood in Town! #9,562070728,1470509113943111680,Villa,,Northwest District,45.53608850000001,-122.7025662,Entire home/apt,,30,4,2025-11-02,0.39,2,270,4,
1091480877668432895,Beautiful Newly Renovated House,121897264,1468237165816718918,Thomas,,Powellhurst-Gilbert,45.50199,-122.52681,Entire home/apt,,2,1,2024-06-30,0.06,1,88,0,24ASTR-APP-00166
1092826174665173484,Best Neighborhood in Town! #26,562070728,1470509113943111680,Villa,,Northwest District,45.536734203558844,-122.7036843055119,Entire home/apt,,30,3,2025-04-24,0.15,2,270,1,
1095052785822573704,Pinky's Place; Vintage Hawthorne luxury,489775282,1470204649011414776,Kristine Jane,,Sunnyside,45.51325,-122.63183,Entire home/apt,,2,52,2025-11-30,2.47,1,207,35,24-020906-000-00-HO
1095619560275179737,Creston & Chill Studio,16963809,1462999097029917362,Valentino,,Creston-Kenilworth,45.49394076226873,-122.61664878990642,Entire home/apt,,2,32,2025-10-18,1.75,2,270,19,24-024634-000-00-HO
1095845459348501952,Warm and Inviting House near Alberta Arts District,563126816,1470512277173827499,Mia,,King,45.55378,-122.65884,Entire home/apt,,2,15,2025-11-30,0.93,1,12,13,24ASTR-PER-00103
1095880823540835674,Newer Construction in NE Portland St. Johns,528153813,1470374464925910604,Justin,,St. Johns,45.595063676812565,-122.73360545000368,Entire home/apt,,30,3,2025-08-24,0.15,3,229,2,
1095967070900307704,Casetta,3260464,1462624228532632161,Jonathan,,Hillsdale,45.46692840507323,-122.69812593211189,Entire home/apt,,2,71,2025-11-28,3.80,1,167,46,24ASTR-PER-00002
1096153481483889487,Luxury 3B House near New Seasons/ Hospital M#42057,126824075,1462932282414455753,Yongxiang,,Eliot,45.54605,-122.67032,Entire home/apt,,30,0,,,5,365,0,
1096769722607864777,Sunny Studio Heart of The Pearl,41852577,1465622663320056344,Andrew,,Pearl,45.5287869,-122.6846317,Entire home/apt,,31,5,2025-11-26,0.26,21,29,4,
1096830891675257462,The Sylvan Retreat on Bartholomew M#42048,126824075,1462932282414455753,Yongxiang,,Northwest Heights,45.53929298755147,-122.778966616513,Entire home/apt,,30,0,,,5,335,0,
1097034144429072970,"Blueground | Old Town, rooftop deck, nr park",107434423,1462889176402806013,,,Portland Downtown,45.5138725,-122.6777685,Entire home/apt,,31,0,,,5,305,0,
1097034587607696517,"Blueground | Old Town, gym & lounge, nr park",107434423,1462889176402806013,,,Portland Downtown,45.5138725,-122.6777685,Entire home/apt,,31,0,,,5,365,0,
1097546054986296644,Sleek 3BR2B｜Peaceful Patio Escape E#42057,414420881,1467924896318365906,Eric,,Boise,45.54837673523862,-122.67223004000893,Entire home/apt,,30,1,2025-11-04,1,5,365,1,
1097557564024557273,Comfy 3BR w/Office & Study G#42057,504252105,1467939816103299783,Guesty,,Boise,45.54804421104315,-122.67194798805298,Entire home/apt,,30,1,2025-07-20,0.22,6,365,1,
1097994493666340491,West End address near Pearl & Culture districts,563281325,1470512802071856759,Moxy Portland Downtown,,Portland Downtown,45.520937,-122.6819746,Private room,,1,173,2025-11-19,8.08,1,88,101,62656
1098777147184848185,Basement Guest Suite w/ Patio!,261804158,1469384177960839980,Taylor,,Piedmont,45.574209526740944,-122.66968650910043,Entire home/apt,,3,51,2025-09-28,2.52,1,83,18,24-026318-000-00-HO
1099507788483956027,Brand New Home in NE Portland,563993949,1470514856904760337,Felicia,,Woodlawn,45.56756386803336,-122.65100883335677,Entire home/apt,,31,0,,,1,179,0,
1099529429273847159,Yalem place,556708963,1470486929022761339,Mekuria,,Argay,45.55372480802736,-122.51921443483214,Private room,,30,0,,,2,58,0,Exempt
1100129594352683341,Central studio with bonus room,2401950,1462594116934408772,Alley,,Piedmont,45.57060937274162,-122.67130323142817,Entire home/apt,,30,0,,,1,263,0,
1100153907812737426,Cozy NE PDX Retreat,11334723,1462862462021729957,Chris,,Overlook,45.56485447695319,-122.69565398236145,Entire home/apt,,7,0,,,1,148,0,24ASTR-PER-00127
1100684675031978943,Dog-friendly 2BR with covered porch & yard,112452733,1467357733741704046,Samantha,,Rose City Park,45.54698,-122.61266,Entire home/apt,,2,18,2025-11-30,0.93,7,365,14,24-013547-000-00-HO
1100737158098094483,City center escape with High Horse bar/restaurant,558047525,1470495370916856905,The Bidwell,,Portland Downtown,45.5204493,-122.6786825,Private room,,30,87,2025-10-26,4.16,1,111,11,Exempt
1100833950683788181,Mt. Tabor Oasis,540946370,1470424375964085510,Darlasue,,Mt. Tabor,45.52258,-122.5954,Entire home/apt,,1,17,2025-11-11,0.85,1,141,4,24-025976-000-00-HO
1100853551241099783,"High Rise Condo, Stunning Views",18223920,1463039092412502963,Sophie,,South Portland,45.4967915,-122.6702786,Entire home/apt,,30,4,2025-11-02,0.20,1,220,2,
1101606280882473908,Quirky Portland Abode+ Game Room,390018299,1469806374290628782,Garland,,Montavilla,45.52788080000001,-122.5826336,Entire home/apt,,1,51,2025-10-19,3.21,1,0,38,02493
1103681247682826616,Cozy bedroom in PDX,15042017,1462952861174689656,Edwina,,Rose City Park,45.53302279099679,-122.60370075351553,Private room,,30,0,,,1,264,0,
1103719835588788077,Landing Pad Close 2 Downtown 423,62203396,1466766844897092064,Nancy,,King,45.56117,-122.6617,Entire home/apt,,30,2,2024-09-05,0.10,11,121,0,
1104340170176037493,Bright! Modern! South-facing studio with views!,41852577,1465622663320056344,Andrew,,Pearl,45.5287869,-122.6846317,Entire home/apt,,31,2,2025-10-01,0.38,21,265,2,
1104487986036504972,Cozy Cottage in Central Portland,7548435,1462734908796939893,Michelle,,Hosford-Abernethy,45.50124,-122.64705,Entire home/apt,,30,0,,,1,263,0,
1104571168396220031,Alberta Arts Colorful Craftsman,10368260,1462838740797199368,Cara,,Vernon,45.560522329535615,-122.6436274099812,Entire home/apt,,2,9,2025-11-30,0.47,1,17,3,24ASTR-PER-00001
1104587065685714527,Private Den Basement Studio,54667782,1462729507984998614,Fatima,,Hazelwood,45.504430684297844,-122.55043950097313,Entire home/apt,,30,51,2025-11-11,2.46,11,318,27,24ASTR-APP-00324
1104839733177487789,Serene 4BR Timberland Home w/ Patio Deck E#42048,414420881,1467924896318365906,Eric,,Northwest Heights,45.53787,-122.77719,Entire home/apt,,30,0,,,5,335,0,
1105791721156016415,The Walnut-Beautiful One-Bedroom,17575711,1462602929870975015,Saskia,,Hosford-Abernethy,45.50327306059247,-122.64552613477841,Entire home/apt,,30,0,,,2,122,0,
1105854415657769677,Modern 3b Home - Family Heaven - Bike Score 99!,47299013,1465713037248911391,Sinéad,,University Park,45.5836666,-122.7335005,Entire home/apt,,30,1,2024-10-07,0.07,1,281,0,
1105886822863948646,Edison Street House,499873467,1470248143947952226,Faith Elizabeth,,Cathedral Park,45.58504962385032,-122.75009761678191,Private room,,1,59,2025-10-06,2.79,2,267,38,24-007379-000-00-HO
1107562330795585549,The Lemon Tree,501414071,1463848523559216414,Sorcha,,Mt. Scott-Arleta,45.4820254357,-122.58344104524558,Entire home/apt,,2,3,2025-10-15,0.36,25,292,3,24-024621-000-00-HO
1108768897452044117,Light-filled 1- bd loft with city & mountain views,9605653,1462818521354929746,Alma,,Pearl,45.5292249,-122.6857045,Entire home/apt,,30,3,2024-11-16,0.15,1,327,0,
1109653206569074320,Colorful mid-mod guest suite - no cleaning fee,62789472,1466774759189563635,Ariel,,Beaumont-Wilshire,45.5529757,-122.6247263,Entire home/apt,,1,273,2025-12-01,13.21,1,357,164,24-016643-000-00-HO
1110949444575871394,Bright Studio with huge windows!,41852577,1465622663320056344,Andrew,,Pearl,45.52983019755131,-122.68347392408637,Entire home/apt,,31,1,2025-08-09,0.25,21,241,1,
1111136208647307378,North East Portland - River View Apt!,5386712,1462679642519650885,Cynthia,,Overlook,45.55673180000001,-122.6916223,Entire home/apt,,2,9,2025-11-27,0.56,1,364,5,24ASTR-APP-00130
1112518045809766403,Nob Hill Retreat - Steps to NW 23rd Shops & Fast W,68847451,1466851334558384480,Kendra,,Northwest District,45.5363177,-122.7033303,Entire home/apt,,1,52,2025-11-25,2.57,5,322,24,23-093801-000-00-CO
1113131483672875455,1BR condo in central Nob Hill/NW Alphabet District,155798693,1468521161955909466,Courtney,,Northwest District,45.5279012,-122.6947192,Entire home/apt,,30,3,2025-09-29,0.16,3,148,1,Exempt
1114709133889331276,Cedar Room with Private Bath,54667782,1462729507984998614,Fatima,,Powellhurst-Gilbert,45.5032696,-122.551048,Private room,,3,26,2025-11-10,1.36,11,252,17,24ASTR-APP-00324
1115262013481264611,The Brooklyn Guesthouse,215058058,1469126878214460992,Joshua,,Brooklyn Action Corps,45.49732,-122.64958,Entire home/apt,,2,58,2025-11-13,2.82,15,355,31,22-109717-000-00-HO
1115360670436015357,Portland Oasis - Stylish 4br Home in Nob Hill,68847451,1466851334558384480,Kendra,,Northwest District,45.536167398028404,-122.70345904603272,Entire home/apt,,1,2,2024-06-30,0.11,5,307,0,23-093801-000-00-CO
1115612205793708976,The Corgi Room,567828185,1470526649659736924,Matthew,,Lents,45.4827047,-122.5761263,Private room,,30,0,,,1,269,0,Exempt
1116129638519716008,Large Master Suite w/ Bath - 12' Ceilings,8333670,1462765812601484268,Lora,,Arlington Heights,45.51901,-122.71298,Private room,,30,1,2024-09-06,0.07,1,263,0,
1116953962654468791,"Luxury Penthouse Living, Breathtaking Views, Huge",62261998,1462750061747177206,ITrip Vacations,,Pearl,45.52875,-122.68584,Entire home/apt,,30,0,,,19,334,0,
1117672501430262207,Spacious SW Portland Family Home,4107476,1462533633068430844,Philip,,Hayhurst,45.47734,-122.74582,Entire home/apt,,30,2,2025-08-16,0.12,1,87,1,
1118377452931102179,"PDX Blue House, Art District.",50747753,1465778851656627735,Jimena,,King,45.563742666502904,-122.65551572795103,Entire home/apt,,30,0,,,1,125,0,
1118544892202820769,"Mt Park near OHSU, PCC, 
DT Portland & Lake Oswego",191113214,1468992678961945986,Jose,,Far Southwest,45.43526,-122.73421,Private room,,1,20,2024-09-13,1.06,1,364,0,24ASTR-PER-00007
1118829315479590507,Tiny House! in NE Portland,62203396,1466766844897092064,Nancy,,King,45.558822977257925,-122.66048436060186,Entire home/apt,,30,1,2024-11-23,0.08,11,93,0,
1118848823530241848,The Little Restful Retreat,62203396,1466766844897092064,Nancy,,Multnomah,45.47091,-122.69941,Entire home/apt,,30,3,2025-10-05,0.19,11,87,2,
1118939903326254346,"Spacious 3 bedroom, pet friendly",133384876,1468332533079485962,Tara,,Wilkes,45.53124185050341,-122.50428328018513,Entire home/apt,,30,1,2024-05-31,0.05,1,263,0,
1119525399846047843,"Heathman Hotel, Deluxe Corner King, Prime Location",501999278,1468058277289999419,RoomPicks,,Portland Downtown,45.51722,-122.68107,Hotel room,,1,17,2025-07-30,1.01,27,351,6,Exempt
1120359728810940269,Stylish Craftsman in Charming Alameda Neighborhood,40231311,1465599942717888369,Michael,,Rose City Park,45.54286,-122.61367,Entire home/apt,,4,19,2025-12-01,1.06,1,307,11,23-059781-000-00-HO
1121045393479463404,New Urban Pad N Williams Trendy Area PDX,6242935,1462544637616368399,Leslie,,Humboldt,45.55532,-122.66774,Entire home/apt,,30,5,2025-11-09,0.29,2,269,4,
1121211117934905786,Near craft breweries & artisan coffee shops,569132554,1470530695447471618,Park Lane Suites Inn,,Goose Hollow,45.522297,-122.695747,Private room,,30,17,2024-06-29,0.89,3,100,0,Exempt
1121211118089238750,Low-key escape in stately Goose Hollow,569132554,1470530695447471618,Park Lane Suites Inn,,Goose Hollow,45.5223,-122.69575,Private room,,1,75,2025-11-16,3.93,3,100,34,12928
1121222625110476449,Private Retreat in Portland,39653154,1465592146336614763,Kendall,,Richmond,45.50235350622756,-122.63033399765655,Entire home/apt,,1,35,2025-10-23,2.47,1,313,32,24ASTR-APP-00217
1122569357113480197,Mt. Tabor Garden Chalet,569440686,1470531638365252305,John,,Mt. Tabor,45.513376745945166,-122.60129127420501,Entire home/apt,,1,2,2025-11-24,2,1,69,2,24ASTR-PER-00071
1123160925297073037,Entire Suite In NE Portland,421805892,1469914392483061888,Preston,,Madison South,45.5402584,-122.5749956,Entire home/apt,,2,18,2025-11-11,0.98,1,47,8,24ASTR-APP-00141
1124767627626589847,Private Kenton Guest House,37615397,1465563173582298892,Kayla,,Kenton,45.5822102,-122.685211,Entire home/apt,,1,81,2025-12-01,4.35,1,75,44,24ASTR-PER-00041
1125542449347506354,"Quiet, walkable 2BR with pool, gardens & 2 patios",112452733,1467357733741704046,Samantha,,Multnomah,45.45836251206073,-122.71331133081777,Entire home/apt,,2,22,2025-11-02,1.23,7,365,11,24-013398-000-00-HO
1127010490662298590,Budget friendly studio Location!,41852577,1465622663320056344,Andrew,,Pearl,45.52788222947498,-122.68532167752811,Entire home/apt,,31,2,2025-05-28,0.17,21,246,2,
1128335342341697625,Private Studio NE Portland,473872760,1470136882990931470,Kristy,,Concordia,45.55980554109836,-122.63819364936383,Entire home/apt,,1,129,2025-11-30,6.77,1,50,63,24-013259-000-00-HO
1128646883152487910,Discounts for monthly stays - new basement apt.,78533154,1466961546587067751,Barbara,,Mt. Scott-Arleta,45.48321003104697,-122.5887608255266,Entire home/apt,,30,1,2025-11-10,1,1,110,1,
1129021561053153992,"Lovely 2BR, patio, free parking",493660370,1470222495462716630,Darin,,Hazelwood,45.5326,-122.52508,Entire home/apt,,1,59,2025-11-14,3.11,2,340,35,22-116608-000-00-HO
1129093985409455291,Portland at your doorstep,122948453,1468245128577878489,Zach,,Hosford-Abernethy,45.5110375,-122.6513326,Entire home/apt,,1,217,2025-11-24,10.85,1,138,148,24-013419-000-00-HO
1130031081574563446,Modern Family Farmhouse,6313800,1462703286366703752,Margot,,Beaumont-Wilshire,45.544202,-122.6164076,Entire home/apt,,30,0,,,5,173,0,
1130621358405748421,Rich history of celeb guests back in the day,562929837,1470511580082348832,Mark,,Portland Downtown,45.522133,-122.682362,Private room,,1,108,2025-10-17,5.39,1,100,73,97728
1131590034081205908,Treetop Craftsman Over Garden,2236909,1462589820199892125,Shane,,King,45.560179355941955,-122.6565054066261,Entire home/apt,,31,0,,,6,242,0,
1132141776547315669,Laurelhurst Apt w/ Patio,20763321,1463137899378534036,Leviticus,,Kerns,45.52674,-122.63486,Entire home/apt,,2,2,2025-08-31,0.59,1,242,2,24ASTR-APP-00164
1132842623187348861,2 Bedroom Apartment Portland - Steps to Moda,419836336,1469906710341944564,Orion,,Eliot,45.53876,-122.66322,Entire home/apt,,1,97,2025-11-29,5.28,1,319,76,24ASTR-PER-00104
1132842856981419943,Hawthorne 2 Bedroom Basement,872359,1462531903214596064,Isaac,,Hosford-Abernethy,45.5114316070704,-122.6373758634369,Entire home/apt,,1,18,2025-11-25,1.21,1,0,15,24ASTR-PER-00031
1133977616751033752,"Near It All, In a Cozy Neighborhood",25561,1462507016877953027,Ariane,,Beaumont-Wilshire,45.55539,-122.6210175,Entire home/apt,,1,28,2025-11-08,1.51,1,226,6,24ASTR-APP-00123
1134913304328830737,Serene Studio Sanctuary,385154341,1463579352432105399,Marcos,,Humboldt,45.56291160692881,-122.66864061355591,Entire home/apt,,31,0,,,1,0,0,
1135579556531818807,2BR-1BA Bungalow with Hot Tub!,125873825,1468267985124985530,Benjamin,,Homestead,45.49181,-122.68029,Entire home/apt,,1,15,2025-08-24,0.76,1,6,8,25ASTR-PER-00063
1135723702408280658,"Easy living, close to everything",338977,1462516081288714430,Helen,,Eliot,45.5459417,-122.6643827,Entire home/apt,,30,4,2024-10-30,0.22,1,0,0,
1135741260940366019,Charming Boho Retreat ADU,214513900,1469123287708381131,James,,Multnomah,45.46376,-122.72569,Entire home/apt,,2,74,2025-12-01,4.03,1,259,46,24ASTR-PER-00054
1136328944871395860,"New, secluded apt with hot tub near downtown",179379371,1468732642765280548,Rebecca Danielle,,Southwest Hills,45.49972,-122.71276,Entire home/apt,,1,50,2025-11-16,2.53,1,242,21,24ASTR-APP-00026
1136398224149109941,D & M Homestay,253123241,1469340705662474774,Dave,,St. Johns,45.59535789478961,-122.75127254198992,Entire home/apt,,2,49,2025-11-02,2.64,1,235,34,24ASTR-APP-00053
1137644369143873183,It’s giving PDX: Division Vibes,21334909,1463152611875209619,Brandi,,Hosford-Abernethy,45.50533,-122.63677,Entire home/apt,,2,51,2025-11-29,2.75,1,253,34,24ASTR-PER-00055
1137664330687585300,Luxurious Waterfront Living,271096946,1469431527417657805,Lou,,Portland Downtown,45.50855,-122.67294,Entire home/apt,,30,0,,,1,111,0,
1138631952069605044,Portland Oasis in the Trees,301247738,1469545234547579461,Tyler,,Homestead,45.49491929153943,-122.68049396574497,Entire home/apt,,30,0,,,1,364,0,
1138770647064475997,PDX Hawthorne Hideaway,573243587,1470564997342813957,Sonia Marie,,Richmond,45.5105221,-122.6311662,Entire home/apt,,31,5,2025-10-25,0.27,1,211,2,
1139863250721566913,Massive 8BD Home Steps from Trendy SE Pdx Eateries,309565441,1469576744757533220,Marissa,,Richmond,45.504887195303795,-122.62202806884981,Entire home/apt,,1,32,2025-10-19,1.91,3,329,21,22-100609-000-00-CO
1140572853357689691,Cabin Charli~Backyard Oasis,22568116,1463182984133452879,Nellie,,Overlook,45.56463,-122.6809,Entire home/apt,,1,188,2025-11-29,10.14,1,204,114,24ASTR-PER-00029
1140825297879197193,Modern 2-BR Sanctuary - A Walkers Paradise,309565441,1469576744757533220,Marissa,,Richmond,45.50705,-122.62262,Entire home/apt,,1,56,2025-11-25,2.92,3,339,31,22-100609-000-00-CO
1141267895103013015,Northwest Nob Hill Nest,274309546,1469447234360183653,Gino,,Northwest District,45.5355391,-122.7042827,Entire home/apt,,1,68,2025-11-25,3.90,1,166,47,24ASTR-APP-00102
1141601968301753879,Mississippi Victorian House - Pet friendly!,2676892,1462604587543822464,David,,Boise,45.55010276185966,-122.67560187920988,Entire home/apt,,1,73,2025-11-12,3.93,1,283,44,24ASTR-PER-00109
1141604868731929157,Well Appointed Cottage in the Heart of PDX,32636156,1465478653490062532,Stacey,,Beaumont-Wilshire,45.55467,-122.61972,Entire home/apt,,1,97,2025-11-30,5.22,2,104,67,24ASTR-APP-00091
1142141767426237714,Quiet Spacious Woodstock Retreat,4139648,1462648463731020143,Marcia Lynn,,Woodstock,45.4862681,-122.6120995,Entire home/apt,,2,25,2025-10-26,1.30,4,63,13,24ASTR-PER-00062
1143446520850754123,The Tuscan VlLLA ~ Queen Suite ~ Kitchen,4884977,1462667503558889992,Shane,,Mt. Tabor,45.5215,-122.59625,Entire home/apt,,1,121,2025-11-28,6.38,4,56,74,14-237773-000-00-LU
1144243912847040448,"Private ADU 2 Bed Suite, Private Bath, Kitchenette",748943,1462513964732913207,Gabriella,,Beaumont-Wilshire,45.54909,-122.62999,Entire home/apt,,2,10,2025-10-12,0.60,3,346,8,20-106961-000-00-HO
1144255058369098541,Room in Beautiful Backyard ADU,11122733,1462857650985983575,Lucy,,King,45.55406953121386,-122.66386718014168,Private room,,31,0,,,2,179,0,15-150768-000-00-HO
1144309034763332769,Alberta Arts District ~ very walkable,32095859,1465471486956578221,Michelle,,Concordia,45.56083384537864,-122.63655921461019,Entire home/apt,,1,62,2025-09-19,3.46,3,95,44,25ASTR-PER-00251
1145007203120557567,"Fantastic Southeast Retreat, Pet Friendly",4732860,1462664348839176988,Jing,,Pleasant Valley,45.47186,-122.52434,Entire home/apt,,1,40,2025-11-05,2.12,1,365,17,22-173411-000-00-LU
1145079195642784591,Sunnyside Sanctuary SE Portland,454176291,1470043403576468113,William,,Sunnyside,45.515411588610846,-122.63380910062017,Entire home/apt,,2,10,2025-10-07,1.82,1,235,10,24ASTR-APP-00401
1145271768067601637,Multnomah Village Hideout,132257876,1468322915234073534,Andy,,Multnomah,45.4695234,-122.7122587,Entire home/apt,,2,110,2025-11-30,6.06,1,322,83,24ASTR-APP-00135
1145527687477416157,"Cozy,  Stylish, Comfortable Room with work space!",19259335,1463072940067430926,Kelley,,Centennial,45.51813090558277,-122.49251537024975,Private room,,30,4,2025-02-28,0.23,4,182,2,
1145635386373543847,"Blueground | Hillsboro, nr shops & restaurants",107434423,1462889176402806013,,,Pearl,45.52748039999999,-122.6806115,Entire home/apt,,31,1,2025-05-27,0.16,5,332,1,
1146419744923078371,Corner One Bed! Views! Location!,41852577,1465622663320056344,Andrew,,Pearl,45.52991,-122.68374,Entire home/apt,,31,3,2025-10-22,0.45,21,306,3,
1146434679684915769,Kerby Basement Studio,1922050,1462581839205508780,Natalie,,Boise,45.55259439020436,-122.67179571804203,Entire home/apt,,30,0,,,1,178,0,
1146518474439100798,Cozy 2 BR Apartment Near OHSU,529320812,1470379023352539461,Louis,,Homestead,45.49663,-122.69133,Entire home/apt,,30,0,,,2,151,0,
1146540824139456850,Comfortable 2BD/2.5BA Apartment,529320812,1470379023352539461,Louis,,Homestead,45.497531609750375,-122.6899890767588,Entire home/apt,,30,2,2025-10-12,0.31,2,269,2,
1147107049645509565,Studio| Monthly Stays | Pet Friendly w/Backyard,1828909,1462579469313981653,Shona,,Piedmont,45.578193134676816,-122.67435062538361,Entire home/apt,,30,0,,,9,199,0,
1147335083509448390,"New 1 bed, 1 bath! Walk to Alberta and Mississippi",77828962,1466953880092489568,Matthew,,Humboldt,45.556797827351375,-122.66683733727555,Entire home/apt,,45,0,,,1,163,0,
1147390152414082997,Portland Tiki Hideaway Close to OHSU & City Center,126192938,1468270661398877349,Chantel,,Marshall Park,45.46253,-122.68896,Entire home/apt,,2,30,2025-11-10,2.27,1,87,28,24ASTR-PER-00438
1148199841063513964,Peaceful Home,216894163,1469139145327704665,Dina,,Centennial,45.51535704553709,-122.50258333424564,Private room,,30,0,,,1,268,0,
1148810439389499820,Spacious apt in heart of PDX!,91674512,1467107716759161690,Erica,,Creston-Kenilworth,45.49288,-122.63388,Entire home/apt,,2,23,2025-11-02,1.25,1,269,15,23-106028-000-00-HO
1149301896025488005,High-rise Pearl District 1bed 1bath+Den (2beds),459606784,1463754295897912647,Sonia,,Pearl,45.52701649999999,-122.6825704,Entire home/apt,,1,40,2025-11-15,2.21,6,270,24,24-097758-000-00-CO
1149627752685513784,Luxury Cabin in the City,19162027,1463070935081605456,Siri,,Eliot,45.54719,-122.66088,Entire home/apt,,2,68,2025-10-26,3.66,2,76,34,19-249101-000-00-HO
1150835011514052479,Contemporary South Facing Studio,41852577,1465622663320056344,Andrew,,Pearl,45.52978,-122.68441,Entire home/apt,,31,1,2025-10-05,0.49,21,268,1,
1150934690146965263,Sunny & Stylish 2BR Flat – Heart of Beaumont,32636156,1465478653490062532,Stacey,,Beaumont-Wilshire,45.5531015906799,-122.61959652681689,Entire home/apt,,30,6,2025-11-13,0.52,2,255,6,24ASTR-APP-00091
1152269899384993700,Cheerful 2BR home in North PDX,555170698,1470479339473274374,Pratika,,Kenton,45.58500076095007,-122.69449544117516,Private room,,30,0,,,1,269,0,
1152466511536648710,Charming studio in NW,14355701,1462936691743466630,Lauren,,Northwest District,45.533473259266216,-122.70185618135552,Entire home/apt,,40,0,,,1,263,0,
1152929203623833209,Spacious Irvington Retreat,13285949,1462907795952743144,Daniela,,Irvington,45.53750440296506,-122.65326747731318,Entire home/apt,,30,0,,,5,192,0,19-239511-000-00-HO
1154663173203023149,Beautiful Tinyhome in the garden,493660370,1470222495462716630,Darin,,Hazelwood,45.532896744321285,-122.52499805323919,Entire home/apt,,1,61,2025-11-26,3.27,2,251,35,22-116608-000-00-HO
1155068612926049127,Entire Apartment in SW Portland,205408873,1463151921732965250,Angel,,Goose Hollow,45.519130280455386,-122.68968180484413,Entire home/apt,,2,5,2024-07-21,0.27,1,0,0,24ASTR-APP-00144
1155307315507749885,Private Suite Near Portland and Lewis & Clark,545497878,1470442034856849257,Vanessa,,Arnold Creek,45.44036,-122.70911,Entire home/apt,,2,48,2025-11-28,2.55,1,261,18,
1155946168748666465,The Woodsman,501414071,1463848523559216414,Sorcha,,Richmond,45.50105468231147,-122.61456917657121,Entire home/apt,,30,3,2025-06-11,0.18,25,151,1,
1156027424029283086,New 3 Story Condo w/ Balcony | Heart of Kerns Dist,329177157,1463462032662800218,Stephanie,,Kerns,45.52547879999999,-122.6400218,Entire home/apt,,2,76,2025-11-19,4.09,1,145,47,24ASTR-APP-00154
1156499988390986530,2 King Beds • Walkable & Historic • near Hawthorne,1239735,1462540519300072496,Triska,,Buckman,45.51401,-122.64506,Entire home/apt,,2,66,2025-11-23,4.11,1,155,54,24ASTR-PER-00261
1157460464023895943,Yurt Spa Retreat Just Minutes From Downtown,564381482,1470516029375065973,Michelle,,Arnold Creek,45.44417,-122.68995,Entire home/apt,,1,50,2025-11-27,2.79,1,259,35,24ASTR-APP-00160
1158373537128473173,Deluxe Room | Portland Hub + Pulitzer Display,570762701,1470535833988745592,Emmanuel,,Portland Downtown,45.52212,-122.67879,Private room,,1,10,2025-09-22,0.63,9,360,7,16256
1158374014587115442,Deluxe Queen | Vibrant Locale + Pulitzer Display,570762701,1470535833988745592,Emmanuel,,Portland Downtown,45.52094258034274,-122.67728530455749,Private room,,1,36,2025-11-17,2.34,9,358,32,16256
1158374501166884723,Cozy King | Elegant Ambiance + Premium Amenities,570762701,1470535833988745592,Emmanuel,,Portland Downtown,45.5205763686018,-122.67737201669065,Private room,,1,1,2024-07-15,0.06,9,359,0,16256
1158374972316359604,ADA Queen | Historic Place + Exceptional Service,570762701,1470535833988745592,Emmanuel,,Portland Downtown,45.52014,-122.67757,Private room,,1,6,2025-10-22,0.43,9,340,5,16256
1159045496117190629,Charming 2bdrm SE PDX bsmt suite,132991485,1468329317253626010,Brendan,,Mt. Scott-Arleta,45.47832023219434,-122.59374274629289,Entire home/apt,,2,33,2025-11-30,1.89,1,360,21,19-255092-000-00-HO
1159531916699279268,The PDX,206288980,1469076004022286074,Esteban,,Portland Downtown,45.5223848,-122.6841138,Entire home/apt,,1,21,2025-12-01,1.69,1,27,20,24ASTR-APP-00221
1160517800418882533,Junior Suite | Eclectic Art + Downtown Location,570762701,1470535833988745592,Emmanuel,,Portland Downtown,45.52207,-122.67769,Private room,,1,0,,,9,358,0,16256
1160518303680991015,Premium King | Rose City Hub +  Pulitzer Tribute,570762701,1470535833988745592,Emmanuel,,Portland Downtown,45.52157,-122.67749,Private room,,1,0,,,9,360,0,16256
1160518784870510281,Premium Queen | Vivid Locale + Immersive Delights,570762701,1470535833988745592,Emmanuel,,Portland Downtown,45.520501114584285,-122.67769969524598,Private room,,1,0,,,9,360,0,16256
1160519234765220049,Superior King | Global Fusion + Tailored Luxury,570762701,1470535833988745592,Emmanuel,,Portland Downtown,45.52047,-122.67713,Private room,,1,0,,,9,360,0,16256
1160903024999966352,Urban Treehouse on Mt Scott,246070767,1469305384601984098,Jed,,Pleasant Valley,45.46904,-122.54144,Entire home/apt,,2,28,2025-11-09,1.51,2,351,16,24ASTR-PER-00136
1160912206896028660,Stylish 2-bed pet-friendly house near MAX Line,578653235,1470581589246549932,Christopher,,Kenton,45.58468,-122.6966,Entire home/apt,,1,90,2025-11-24,5.49,1,332,67,38208
1160947207062979736,Spacious 2 BR Urban Garden Apartment- Division St.,11529309,1462866854369579191,Laura,,Hosford-Abernethy,45.5050118,-122.6400526,Entire home/apt,,2,10,2025-11-10,0.58,1,79,3,24ASTR-PER-00048
1161055990101408759,Southeast Sunset Apartment,989774,1462535178964080275,Lori,,Hosford-Abernethy,45.50403,-122.64329,Entire home/apt,,2,62,2025-11-29,3.34,1,253,44,23-055038-000-00-HO
1162007593590697452,Terrace Studio | Executive Floor w/ Lounge Access,570761729,1470535831273916991,Emmanuel,,Portland Downtown,45.52167,-122.68202,Private room,,1,1,2024-08-25,0.06,10,359,0,82880
1162008128458958978,Parlor Suite | Signature Amenities + 24-Hour Gym,570761729,1470535831273916991,Emmanuel,,Portland Downtown,45.51968,-122.68199,Private room,,1,0,,,10,362,0,82880
1162008630092492767,Premier Double Beds with Signature Amenities,570761729,1470535831273916991,Emmanuel,,Portland Downtown,45.52184,-122.68369,Private room,,1,1,2024-10-06,0.07,10,363,0,82880
1162009066473285718,Premier King near Boutiques and Art Galleries,570761729,1470535831273916991,Emmanuel,,Portland Downtown,45.51969002307961,-122.68157358441019,Private room,,1,1,2025-03-29,0.12,10,360,1,82880
1162009546981943336,Premier Corner Room | Access to 24-Hour Gym,570761729,1470535831273916991,Emmanuel,,Portland Downtown,45.52021,-122.68162,Private room,,1,0,,,10,357,0,82880
1162010010686673386,Executive Room w/ Terrace and Virtual Concierge,570761729,1470535831273916991,Emmanuel,,Portland Downtown,45.51985,-122.68215,Private room,,1,3,2024-11-11,0.18,10,357,0,82880
1162010512820000608,Executive King Room with Signature Amenities,570761729,1470535831273916991,Emmanuel,,Portland Downtown,45.521427163072744,-122.68329926223689,Private room,,1,0,,,10,361,0,82880
1162010966186283309,Deluxe Queen Room Near Boutiques and Art Galleries,570761729,1470535831273916991,Emmanuel,,Portland Downtown,45.51963,-122.68316,Private room,,1,10,2025-05-25,0.58,10,364,3,82880
1162011407563983146,Deluxe Room with Access to State-Of-The-Art Gym,570761729,1470535831273916991,Emmanuel,,Portland Downtown,45.52126,-122.68189,Private room,,1,0,,,10,362,0,82880
1162011844955322109,Accessible Deluxe Room w/ Virtual Concierge,570761729,1470535831273916991,Emmanuel,,Portland Downtown,45.52025,-122.68372,Private room,,1,0,,,10,363,0,82880
1162290964300925286,"Cheery, retro-style room with kitchenette",569132554,1470530695447471618,Park Lane Suites Inn,,Goose Hollow,45.522297,-122.695747,Private room,,1,9,2025-11-28,0.52,3,100,5,12928
1163858048574624302,The Clyde by Kasa | Double Full Room,88566861,1462844731192258239,Kasa,,Portland Downtown,45.522011,-122.681617,Private room,,1,137,2025-11-29,7.60,7,300,108,00160
1163858920894408683,"The Clyde by Kasa | Basic Triple, Shared Bathroom",88566861,1462844731192258239,Kasa,,Portland Downtown,45.52128,-122.68059,Private room,,1,56,2025-11-02,3.12,7,299,34,00160
1163867157687013629,The Clyde by Kasa | King Suite,88566861,1462844731192258239,Kasa,,Portland Downtown,45.522011,-122.681617,Private room,,1,66,2025-11-29,4.00,7,296,60,00160
1163875111287381809,The Clyde by Kasa | Standard Queen Room,88566861,1462844731192258239,Kasa,,Portland Downtown,45.522011,-122.681617,Private room,,1,823,2025-11-30,45.98,7,300,772,00160
1163878862376123721,The Clyde by Kasa | Deluxe Queen Room,88566861,1462844731192258239,Kasa,,Portland Downtown,45.522011,-122.681617,Private room,,1,22,2025-09-11,1.21,7,292,18,00160
1163883252870975624,"The Clyde by Kasa | Basic Queen, Shared Bathroom",88566861,1462844731192258239,Kasa,,Portland Downtown,45.522011,-122.681617,Private room,,1,46,2025-11-15,2.54,7,300,17,00160
1163900763404073652,Private Woodstock Garden Oasis,263115950,1469391529860194499,Carol,,Woodstock,45.48660645309965,-122.61397367568334,Entire home/apt,,2,43,2025-11-11,2.40,1,328,30,24-015130-000-00-HO
1164555353538642155,Spacious Home Long Stays Pet Friendly Yard,35650294,1465526690322077623,Stephanie,,Powellhurst-Gilbert,45.48683567904117,-122.53862488103208,Entire home/apt,,30,0,,,1,269,0,
1166347941461020331,Urban respite in cozy bungalow with hot tub,14517914,1462590563210275845,Ryan,,South Portland,45.47896129999999,-122.6766347,Entire home/apt,,2,57,2025-11-24,3.14,1,16,38,19-200448-000-00-HO
1166680253904568019,"Spacious peaceful home w/ central AC, EV charging",34641945,1465510530331014037,Tom,,Pleasant Valley,45.47226692281621,-122.54155785761355,Entire home/apt,,30,1,2025-10-01,0.46,1,133,1,
1166716194562046008,Division Street Hideaway,4524328,1462659667439855268,Emily,,Richmond,45.504123514018,-122.62619525549924,Entire home/apt,,2,5,2025-11-28,0.31,1,167,2,24ASTR-PER-00119
1167410650282014702,The Portland Chalet,8680367,1462773603258153746,Michael,,Hosford-Abernethy,45.49887,-122.64051,Entire home/apt,,30,2,2025-05-10,0.21,9,122,2,
1167737395396804893,The Richmond Rambler (Sauna),6328036,1462703649721070303,Kelly,,St. Johns,45.59294309530413,-122.74925818700288,Entire home/apt,,2,2,2024-08-11,0.12,1,0,0,20-109843-000-00-HO
1167793581368574568,Historic Dougan Suites: Suite 3,5726659,1462542038111904924,Bridget,,Laurelhurst,45.52379850468621,-122.62194521664402,Entire home/apt,,1,21,2025-10-12,1.21,4,60,15,20-126857-000-00-HO
1168365869740616591,"Charming, bright + cozy gateway to PNW adventures!",580627153,1470587306572213093,John,,Montavilla,45.5300173665843,-122.58959771839382,Entire home/apt,,1,128,2025-12-02,7.15,1,313,85,24ASTR-APP-00182
1168921577791654205,"Modern & Bright Walkable Alberta Condo, WiFi",283383512,1469485109562616934,Cinese,,King,45.55412,-122.66142,Entire home/apt,,1,30,2025-08-03,1.69,1,352,15,24ASTR-PER-00151
1169034745386864123,Sweeeeeet Home Alberta 3BR/1BA,384690762,1469789767359170346,Zach,,Vernon,45.56526,-122.6523,Entire home/apt,,1,50,2025-02-06,2.76,4,0,15,02048
1169081107963083225,Sweeeeeet Home Alberta 1BR/1BA,384690762,1469789767359170346,Zach,,Woodlawn,45.56674445558323,-122.65033973450991,Entire home/apt,,1,24,2025-02-11,1.34,4,0,1,02048
1169661069606795232,"The Michael I Pearl District I Portland, OR",47581293,1462707108527868932,Kevin,,Pearl,45.532548613835665,-122.68197932716056,Entire home/apt,,30,3,2025-11-08,0.32,12,287,3,
1170484550963230373,Burnside Manor-superb location - (Room #1),45217575,1465671131115588098,Joel,,Kerns,45.52374,-122.63614,Private room,,31,7,2025-07-24,0.42,5,297,4,
1170586539555217847,Cozy Cully Suite | w/ Private Patio + Near PDX,135228378,1468347967438324036,Tim,,Cully,45.5612013,-122.598389,Entire home/apt,,2,72,2025-11-27,4.13,1,336,50,24ASTR-PER-00189
1171644337801975661,"Opal Rm-Remodeled, quiet, WFH or commute to PDX",493461219,1470221697870395558,Nathan,,Kenton,45.57908994905513,-122.70052684002005,Private room,,30,2,2025-02-02,0.13,11,364,1,
1171895031896150694,Tufted headboard and a touch of plaid,576715754,1470575791199087443,Royal Sonesta Portland Downtow,,Portland Downtown,45.52,-122.67725,Private room,,1,13,2025-06-29,0.72,1,28,6,91065
1172048749522202121,Beautiful ADU in Portland,59649194,1466722805420016670,Kenny,,Russell,45.5423,-122.52343,Entire home/apt,,30,0,,,1,83,0,
1172132873842435912,Cozy Studio in Portland,196865274,1469026391955965295,Loretta,,West Portland Park,45.44675426685593,-122.72695603204647,Entire home/apt,,30,8,2025-03-06,0.45,2,180,1,19-577965-000-00-HO
1172160124928596276,Elegant Nob Hill Victorian,415317125,1469889435063398485,Megan,,Northwest District,45.53036536794053,-122.69208401437137,Entire home/apt,,1,109,2025-12-03,6.30,9,0,68,24ASTR-APP-00192
1172356971801143720,Day events now available,7915925,1462744503780618339,Kate,,Pleasant Valley,45.46663,-122.52738,Entire home/apt,,2,2,2024-07-01,0.11,2,269,0,12-674500-445-34-HO
1172854875518860424,The Slabtown Loft ~ Local Coffee Shops & Eateries,309781078,1469577565918466935,Sofia,,Northwest District,45.528045495552654,-122.68914936588398,Entire home/apt,,1,62,2025-10-26,3.54,2,253,43,23-136622-000-00-HO
1172900860791053931,The Slabtown Nest — 5BR house,309781078,1469577565918466935,Sofia,,Northwest District,45.52946,-122.68717,Entire home/apt,,30,1,2025-05-09,0.14,2,241,1,23-001378-000-00-CO
1173327507968766353,"Private, Top floor of Craftsman w/ Creative Office",8321125,1462564746558950886,Erika,,Hosford-Abernethy,45.50118,-122.64396,Private room,,30,3,2025-11-15,0.35,1,242,3,
1174471274633412874,Unit A ~ Victorian-style home ~ very walkable,32095859,1465471486956578221,Michelle,,Buckman,45.516965931602705,-122.65156842385822,Entire home/apt,,2,69,2025-11-14,3.90,3,141,46,24ASTR-APP-00013
1175497529486184374,"Contemporary, sleeps 5, hot tub.",177429857,1468717529361080787,Christopher,,Kenton,45.58836,-122.70112,Entire home/apt,,2,56,2025-11-22,3.24,2,323,40,
1176228397546458099,Cozy Nook in Concordia near Alberta Arts,4133563,1462648311194909674,Adam,,Concordia,45.56492084506814,-122.6260415539673,Entire home/apt,,2,64,2025-11-17,4.06,1,234,46,24ASTR-PER-00203
1176263310464880846,Modern apartment in Sellwood,56148412,1465919309177366314,Carla,,Sellwood-Moreland Improvement League,45.46997182779713,-122.6513648973661,Entire home/apt,,1,59,2025-11-29,3.38,1,41,35,24ASTR-APP-00212
1176444962161649718,Spacious Getaway in Woodlawn Triangle,424564457,1469925624986066425,Zongyin,,Woodlawn,45.576006828868756,-122.65195279083079,Entire home/apt,,3,28,2025-11-16,1.58,1,337,17,24ASTR-PER-00179
1176923623378111902,Stylish PDX Studio Oasis,172846341,1468677511858456633,James,,Concordia,45.57007,-122.64297,Entire home/apt,,2,69,2025-11-26,3.84,1,160,42,24ASTR-PER-00190
1176986131419146533,Renovated 2BR Apartment near NW 23rd and Forest P,68847451,1466851334558384480,Kendra,,Northwest District,45.536347,-122.703334,Entire home/apt,,1,18,2025-11-25,1.00,5,339,15,23-093801-000-00-CO
1177000503753934498,Cozy Victorian Home • Walk to Ladd’s + Top Eats,3508484,1462530315278775656,Joshua,,Hosford-Abernethy,45.50781105733849,-122.65537390986016,Entire home/apt,,31,21,2025-11-30,1.19,6,89,8,24ASTR-APP-00204
1177093770963046702,The Cedar,23710045,1465277568901973558,Missy,,Arbor Lodge,45.57426,-122.68963,Entire home/apt,,1,38,2025-10-30,2.15,1,257,22,24ASTR-PER-00126
1178338930478202975,#StayInMyDistrict St. Johns Bungalow,3142393,1462528276679400180,Amy,,Cathedral Park,45.59359629999999,-122.7602958,Entire home/apt,,1,82,2025-11-28,4.64,21,149,53,19-137293-000-00-HO
1179188475625464949,Perfect Portland Farmhouse Loft - Breweries & Bars,112798186,1467361284718872792,Delanie,,Hosford-Abernethy,45.5084645,-122.6545689,Entire home/apt,,1,33,2025-11-17,1.93,33,317,28,21-083034-000-00-CO
1180557361511095165,Portland Urban Retreat: A Mid-Term Rental Dream,2544299,1462598016673648507,Shelley,,Hillsdale,45.47962,-122.69873,Entire home/apt,,30,0,,,1,177,0,
1180626481871537411,Bridge City Pink House,126672586,1468274826753052201,Ingrid,,Bridgeton,45.60131,-122.66071,Entire home/apt,,1,7,2025-11-29,6.36,1,326,7,25ASTR-PER-00371
1181366632131055188,Hot Tub + Huge Yard | Near Alberta & Miss. Ave,177257126,1468716186632578141,James,,King,45.5555362,-122.662192,Entire home/apt,,1,62,2025-10-26,3.52,9,356,33,19-148301-000-00-RS
1181417484595788591,Compact Retreat - Great Value - Prime NE Area,177257126,1468716186632578141,James,,King,45.55554,-122.66219,Entire home/apt,,1,75,2025-11-17,4.29,9,365,47,19-148301-000-00-RS
1181541357162789550,Hot Tub • Fast WiFi • AC | King Neighborhood Gem,177257126,1468716186632578141,James,,King,45.55554,-122.66219,Entire home/apt,,1,2,2025-04-09,0.17,9,356,2,19-148301-000-00-RS
1182653444590358758,Central Retreat w Patio & Office,4328483,1462653860737843219,Chrissy,,Northwest District,45.536421371869324,-122.70411439133942,Entire home/apt,,1,101,2025-11-14,5.78,1,250,65,24ASTR-APP-00213
1182702205461855854,#StayinMyDistrict Alberta Arts Daylight Studio,3142393,1462528276679400180,Amy,,Humboldt,45.5599459,-122.6651135,Entire home/apt,,1,58,2025-11-16,3.28,21,122,34,15-245384-000-00-HO
1182862931216955955,Pet Friendly | Monthly Rental | One-Level Home,1828909,1462579469313981653,Shona,,Kenton,45.58573,-122.69588,Entire home/apt,,30,2,2025-10-27,0.52,9,179,2,
1183425696008017307,Woodstock Apartment,56716111,1465927732693422696,Matthew,,Woodstock,45.483489751022006,-122.61847931619761,Entire home/apt,,30,0,,,1,0,0,
1183494873950070231,Chic Belmont retreat w/tree views & king bed!,295718411,1469524759944024367,Martha,,Sunnyside,45.51703,-122.6152,Entire home/apt,,2,84,2025-11-24,5.21,2,133,62,24ASTR-PER-00246
1184820466622482427,Private Apartment 1 block to PSU,8207605,1462564255609677282,Sharon,,Portland Downtown,45.51507836845466,-122.68635654854869,Entire home/apt,,2,1,2024-07-09,0.06,13,360,0,15-264770-000-00-LU
1185506875065676966,Monthly Stay | Yard | Pets | Office | King Bd,1828909,1462579469313981653,Shona,,Cathedral Park,45.5931088,-122.7632261,Entire home/apt,,30,1,2025-10-10,0.54,9,349,1,
1185547509214938202,"Apatite Rm - XL Master, Spacious, quiet, kitchen",493461219,1470221697870395558,Nathan,,Arbor Lodge,45.57675548946534,-122.70152679642771,Private room,,30,3,2025-06-18,0.21,11,278,2,
1186337302549565753,#StayinMyDistrict St Johns Forest Park Apt,3142393,1462528276679400180,Amy,,Linnton,45.5825669,-122.7756075,Entire home/apt,,1,199,2025-11-07,2.61,21,116,24,19-109541-000-00-HO
1188075779086650211,"Historic Dougan Suites, Two Bedroom",5726659,1462542038111904924,Bridget,,Laurelhurst,45.5237870999248,-122.62180324977982,Entire home/apt,,1,16,2025-11-12,0.94,4,60,9,20-126857-000-00-HO
1188598794773234366,"Beaumont Wilshire Tudor 2BR, 3 BA",256681,1462513922339041338,Meghan,,Beaumont-Wilshire,45.55115,-122.62526,Entire home/apt,,1,9,2025-08-10,0.53,1,182,4,24ASTR-PER-00209
1189349514136132188,Sabin Potter's Cottage,14130724,1462931291804325291,Jessica,,Sabin,45.553952208490166,-122.65553049300279,Entire home/apt,,3,35,2025-11-16,2.10,1,45,24,24ASTR-PER-00224
1190999582341459141,Spacious Suite for Extended Stay near Disvision,8760931,1462786326340850268,Michael,,Richmond,45.50384563035613,-122.6289531743054,Entire home/apt,,30,1,2025-10-23,0.70,2,149,1,
1191268344678580677,"Historic Hafner Haus, 6 guests, 3  Rooms.",8207605,1462564255609677282,Sharon,,Portland Downtown,45.51461356812736,-122.68746554807758,Entire home/apt,,2,15,2025-09-24,0.88,13,333,13,15-264770-000-00-LU
1191417168662093908,Sellwood Manor,24050247,1465282377707334309,Jennifer,,Sellwood-Moreland Improvement League,45.45869643226402,-122.65630683888324,Entire home/apt,,3,24,2025-10-23,1.50,1,73,13,24ASTR-APP-00219
1191465502742862968,Modern 2BR | Alberta Arts Hub + Great Eats,190656099,1468989935967301129,Aaron,,Humboldt,45.5589537,-122.6680672,Entire home/apt,,1,11,2025-11-20,0.86,21,218,10,18-266570-000-00-CO
1192001099004589760,Spacious Home in Irvington,13285949,1462907795952743144,Daniela,,Irvington,45.53874068906601,-122.65499154176695,Entire home/apt,,3,18,2025-06-15,1.12,5,0,10,10-239511-000-00-LU
1193087581136975835,N Portland - MAX Yellow - Peninsula Park,2203130,1462588986363869080,Quang-Minh,,Piedmont,45.5693,-122.67744,Private room,,1,0,,,1,269,0,24ASTR-PER-00394
1193400447564683374,The Starship Cottage,11015194,1462854983762443609,Emily,,University Park,45.58091,-122.72902,Entire home/apt,,30,1,2025-10-31,0.86,1,194,1,
1193429745768106430,"Historic Hafner Haus, 16 guests, Six Private Rooms",8207605,1462564255609677282,Sharon,,Portland Downtown,45.516426074325125,-122.68765549800553,Entire home/apt,,2,3,2025-08-10,0.43,13,363,3,15-264770-000-00-LU
1193453571816599590,"Historic Hafner Haus B & B, Rm.1",8207605,1462564255609677282,Sharon,,Portland Downtown,45.51518,-122.68822,Private room,,2,3,2025-08-24,0.19,13,15,1,15-264770-000-00-LU
1193488768145242266,Stylish Gem in N Mississippi 4BD,255230861,1469348923358907169,Tonya,,Boise,45.5480188772195,-122.67640131363274,Entire home/apt,,1,83,2025-11-29,4.92,1,361,60,24-089562-000-00-CO
1193754112337784226,Backyard Bliss in Mt Tabor,5689232,1462686964390028478,Ashley,,South Tabor,45.5009786,-122.6077642,Entire home/apt,,3,51,2025-11-29,3.52,1,77,42,24ASTR-APP-00287
1194363770017043721,The Château VlLLA ~ Queen Suite ~ Kitchen,4884977,1462667503558889992,Shane,,Mt. Tabor,45.52242,-122.59613,Entire home/apt,,1,105,2025-11-29,6.70,4,106,83,14-237773-000-00-LU
1194385284964019536,Modern 2BR • Alberta Arts • WalkScore 99,111039325,1467342399420499798,Chase,,Vernon,45.5596516,-122.6465888,Entire home/apt,,1,36,2025-09-28,2.11,2,254,25,21-010582-000-00-RS
1194403370250351181,Vintage Craftsman in Byrnes Addition ~99 WalkScore,68847451,1466851334558384480,Kendra,,Kerns,45.5255886,-122.6446846,Entire home/apt,,1,6,2025-02-23,0.42,5,350,2,23-026113-000-00-CO
1194459068548672190,"Jasmine House
Vintage vibe. Modern amenities.",5050600,1462671652074130822,Zoe Gabrielle,,Arbor Lodge,45.57568,-122.68455,Entire home/apt,,28,22,2025-04-16,1.31,1,0,10,24ASTR-APP-00231
1194911070288836634,"Historic Hafner Haus, B&B Rm.2",8207605,1462564255609677282,Sharon,,Portland Downtown,45.5165,-122.68639,Private room,,1,8,2025-10-18,0.49,13,129,4,15-264770-000-00-LU
1195675966853343937,Monthly Stay | Studio | Fenced Yard | Pets Welcome,1828909,1462579469313981653,Shona,,Piedmont,45.57812,-122.67399,Entire home/apt,,30,0,,,9,0,0,
1195698532311248977,2 bedrooms! Available now!,90138486,1467090968021978798,Richelle,,Centennial,45.50217,-122.4935,Private room,,30,0,,,2,269,0,
1195813779390539224,Exclusive Parkrose Heights Experience,169538028,1463039771276510690,Oleg,,Parkrose Heights,45.544028935893195,-122.54579189877072,Entire home/apt,,2,33,2025-11-29,2.50,2,152,32,22-117662-000-00-HO
1196031016876098747,2BR/2BA • SE Portland Charm • Modern Farmhouse,273076012,1469441172778921911,Dalouny,,Hosford-Abernethy,45.4987575,-122.6414378,Entire home/apt,,1,14,2025-09-10,0.87,6,350,13,19-111429-000-00-RS
1196041329273472060,2BR/2BA • Hawthorne Penthouse • Roof Deck Retreat,187734201,1468972242760538849,Mike,,Buckman,45.51247,-122.64636,Entire home/apt,,1,5,2025-10-27,0.40,6,258,4,16-265211-000-00-CO
1196427049246089889,Cozy SE Bungalow | Outdoor Patio | Fast Wifi,215058058,1469126878214460992,Joshua,,Creston-Kenilworth,45.4907,-122.60598,Entire home/apt,,2,55,2025-11-24,3.37,15,303,40,24ASTR-PER-00139
1196522881547045497,1BR/1BA • Walkable Sunnyside • Shops & Dining,53233824,1465864542156807709,Heidi,,Sunnyside,45.5161199,-122.6363147,Entire home/apt,,1,10,2025-11-20,0.69,2,256,8,17-251606-000-00-LU
1197326452408653972,Beautiful Home in SW Portland,9829273,1462824587682701656,Lisa,,Ashcreek,45.4535943,-122.7422335,Entire home/apt,,30,0,,,4,295,0,
1197841139459734039,Arbor Lodge Retreat Master Suite,7990678,1462746449330350594,Sarah And Romel,,Overlook,45.56614404087776,-122.69112966119215,Private room,,30,0,,,4,364,0,
1198629730285682205,The Zen Loft,251587005,1469333284472299191,Erika,,Woodlawn,45.57056384962092,-122.65634107868848,Entire home/apt,,2,27,2025-08-31,1.63,2,93,23,24-001862-000-00-HO
1199360882773114670,Your space in Portland!,154267216,1462993593303042623,Yaroslav,,Montavilla,45.524,-122.58772,Entire home/apt,,30,0,,,2,364,0,
1199489995637105211,2BR/2BA • Garfield Retreat • Modern Build • Walkab,286367128,1469495735625296927,Kevin,,King,45.556795,-122.662289,Entire home/apt,,1,44,2025-11-25,2.76,5,238,35,21-103045-000-00-CO
1199517319938772068,Rose City Retreat,154267216,1462993593303042623,Yaroslav,,Montavilla,45.5232,-122.58776,Entire home/apt,,30,1,2024-08-27,0.06,2,364,0,
1200133482154067988,Backyard Tiny House - Boho Hawthorne Victorian,267863188,1469416090515231026,Katherine,,Sunnyside,45.51701,-122.61319,Private room,,30,5,2025-10-05,0.43,1,0,5,
1201659321123361914,Traditional Craftsman Home in Mt. Tabor,136757844,1462954761755495591,Michael,,Montavilla,45.52489,-122.59064,Entire home/apt,,30,1,2025-05-20,0.15,1,26,1,
1201671978189408312,"Private Entry, Cork Floors, Foodie Heaven",7263006,1462727501586176348,Diedra,,Overlook,45.559331655924694,-122.68005571904908,Entire home/apt,,1,147,2025-11-20,9.15,1,240,111,24ASTR-APP-00239
1201793232538286968,Good Clean place walking distanc,590091685,1470612268906498776,CityNights,,Goose Hollow,45.52294,-122.69345,Private room,,1,1,2024-08-17,0.06,1,269,0,32551
1202339687084635071,Walkable to all the good things!,60068989,1466736620454873667,Cory,,Hosford-Abernethy,45.50897390566252,-122.63993623017302,Entire home/apt,,3,45,2025-11-30,2.69,1,165,29,24-019801-000-00-HO
1202365179689693635,"Modern Unique Comfortable 
near to everything",493756268,1470222903673213171,Eli,,Ashcreek,45.45904,-122.71903,Entire home/apt,,1,57,2025-12-02,4.70,1,338,57,24ASTR-APP-00409
1203754833257046278,City Serenity: Stylish 2-Bed in heart of St. Johns,590666605,1470613880852960440,Jonathon,,St. Johns,45.58829,-122.74742,Entire home/apt,,30,28,2025-11-28,1.70,1,260,21,00168
1204441657929046019,Radiant Roselawn | Entire Alberta Arts Home,148551068,1468454542590663280,Michael,,King,45.56067,-122.65949,Entire home/apt,,1,60,2025-11-15,3.69,1,312,41,24ASTR-PER-00113
1205981967194041588,The Badger Haven,124334269,1468255204367234286,Susan,,Ardenwald-Johnson Creek,45.4627221,-122.6275449,Entire home/apt,,30,23,2025-11-09,1.39,1,357,13,10176
1206662400232746332,Pearl District 2 Bed/Bath Condo,45533700,1465676184653645443,Nicholas,,Pearl,45.52864945429147,-122.68200578234489,Entire home/apt,,30,1,2025-07-01,0.19,1,362,1,
1207337846733034458,Park Place Penthouse,32859540,1465481478369546761,Traci,,Goose Hollow,45.52262,-122.69903,Entire home/apt,,30,4,2025-10-19,0.57,1,325,4,
1207659244867791296,The Prairie Pin-up Motel,202351204,1469055859601214993,Coco,,South Tabor,45.50052783430017,-122.59657607514855,Private room,,1,16,2025-11-26,1.81,1,84,16,25ASTR-PER-00273
1208083660294148335,Stumptown Commons,501414071,1463848523559216414,Sorcha,,Richmond,45.50675,-122.61693,Entire home/apt,,30,0,,,25,355,0,
1208238199871170691,Downtown Portland Cozy Studio,7598561,1462561601481136341,Sam,,Northwest District,45.52386,-122.68766,Entire home/apt,,30,2,2024-10-17,0.13,1,282,0,
1209815100385280504,Bright Quiet Room for 1-2 in historic Alberta home,6946676,1462719538371110706,Scott,,Humboldt,45.5583077,-122.6653068,Private room,,30,23,2025-11-14,1.46,5,365,16,17-182673-000-00-HO
1210187411580734221,4BR House • Parking • Great Eats • AC • Deck,592522307,1470618376335762078,Kimberly,,Sunnyside,45.51627149999999,-122.6239512,Entire home/apt,,1,26,2025-10-12,1.95,86,343,23,19-148288-000-00-RS
1210903063101977846,The Reed Hideaway - Cozy 1BR & Private Yard,118237877,1468208123743315919,Connor,,Creston-Kenilworth,45.4904518,-122.6369987,Entire home/apt,,1,50,2025-11-19,3.06,6,332,35,24-058350-000-00-CO
1210915542343711782,1BR - Walkable SE Retreat - Close to Dining,118237877,1468208123743315919,Connor,,Creston-Kenilworth,45.4904343,-122.637,Entire home/apt,,1,83,2025-11-24,5.11,6,358,60,24-058350-000-00-CO
1210926221106049141,Remodeled 4BR | Historic Home + Studio Combo,118237877,1468208123743315919,Connor,,Eliot,45.5420916,-122.6621238,Entire home/apt,,1,4,2025-07-28,0.33,6,278,3,21-073012-000-00-CO
1210936356869152861,2BR/1.5BA • Soul District Retreat • Near Moda Cent,118237877,1468208123743315919,Connor,,Eliot,45.5420916,-122.6621238,Entire home/apt,,1,43,2025-11-18,2.65,6,329,35,21-073012-000-00-CO
1210962593190719791,Quiet Apartment-Inner NE,44962730,1465667444176557192,Brittany,,Eliot,45.54438,-122.65998,Entire home/apt,,30,0,,,1,364,0,
1211005276342278417,Historic Brooklyn | A/C + Walk to Everything,592522307,1470618376335762078,Kimberly,,Brooklyn Action Corps,45.4915425,-122.6519658,Entire home/apt,,1,49,2025-11-15,3.11,86,360,39,24-058350-000-00-CO
1211020272736330308,Historic Brooklyn | Bike Trails + Craft Beer,592522307,1470618376335762078,Kimberly,,Brooklyn Action Corps,45.4915425,-122.6519658,Entire home/apt,,1,59,2025-11-21,3.85,86,243,49,24-058350-000-00-CO
1211645896249350344,Velvet Haus - Retro Charm Near Parks & Bars,592522307,1470618376335762078,Kimberly,,Brooklyn Action Corps,45.4915425,-122.6519658,Entire home/apt,,1,34,2025-11-01,2.27,86,364,27,24-058350-000-00-CO
1211655371372897960,Historic Brooklyn | A/C + Fast Wifi + Smart TV,592522307,1470618376335762078,Kimberly,,Brooklyn Action Corps,45.4915425,-122.6519658,Entire home/apt,,1,46,2025-11-15,2.82,86,364,33,24-058350-000-00-CO
1211661382738312931,Brooklyn Flat - Moody Aesthetic & Fast WiFi,592522307,1470618376335762078,Kimberly,,Brooklyn Action Corps,45.4915425,-122.6519658,Entire home/apt,,1,41,2025-11-12,2.55,86,365,32,24-058350-000-00-CO
1211673064417176513,Modern Brooklyn Flat - Steps to Cafes & Parks,592522307,1470618376335762078,Kimberly,,Brooklyn Action Corps,45.4915425,-122.6519658,Entire home/apt,,1,85,2025-11-13,5.30,86,353,59,24-058350-000-00-CO
1211679385738818918,Chic SE Hideaway - Modern Amenities & Fast Wi-Fi,592522307,1470618376335762078,Kimberly,,Brooklyn Action Corps,45.4915425,-122.6519658,Entire home/apt,,1,43,2025-11-14,2.71,86,359,33,24-058350-000-00-CO
1211691981675335947,Historic Gem | Steps to Hawthorne Shops,592522307,1470618376335762078,Kimberly,,Buckman,45.51248349999999,-122.6400622,Entire home/apt,,1,46,2025-10-28,2.92,86,336,35,17-273839-000-00-CO
1211699448016106867,Bright + Walkable | Vintage Hawthorne Charm,592522307,1470618376335762078,Kimberly,,Buckman,45.51248349999999,-122.6400622,Entire home/apt,,1,81,2025-11-26,4.97,86,312,54,17-273839-000-00-CO
1211705159633256382,2BR - Sleeps 6 - Perfect Location for Foodies,592522307,1470618376335762078,Kimberly,,Buckman,45.51248349999999,-122.6400622,Entire home/apt,,1,60,2025-11-26,3.85,86,344,44,17-273839-000-00-CO
1211709784437185160,Cozy Portland Classic- Walk to Local Coffee & Food,592522307,1470618376335762078,Kimberly,,Buckman,45.51248349999999,-122.6400622,Entire home/apt,,1,8,2025-06-25,0.50,86,344,3,17-273839-000-00-CO
1211713097419455686,Moab Vibes in PDX - Walk to Local Coffee & Food,592522307,1470618376335762078,Kimberly,,Buckman,45.51248349999999,-122.6400622,Entire home/apt,,1,65,2025-10-22,4.12,86,357,55,17-273839-000-00-CO
1211716979367462753,Cozy Calm Vibes in PDX- Near Local Coffee & Food,592522307,1470618376335762078,Kimberly,,Buckman,45.51248349999999,-122.6400622,Entire home/apt,,1,10,2025-11-16,0.62,86,357,7,17-273839-000-00-CO
1211741456232700267,Cozy Private Room,172763117,1468676758154271540,Rick,,Hazelwood,45.5199057,-122.5385745,Private room,,1,11,2025-10-20,2.82,3,168,11,24ASTR-PER-00348
1211786360676846020,The Richmond Revival,158074447,1468540422411831312,Sarah,,Richmond,45.503404164897184,-122.61635174305397,Entire home/apt,,31,3,2025-09-12,0.21,14,88,2,
1211828695481374831,#StayinMyDistrict Kenton Private Guest House,3142393,1462528276679400180,Amy,,Kenton,45.5809027,-122.6794152,Entire home/apt,,1,117,2025-11-06,1.83,21,364,21,24-166082-000-00-HO
1211841126762877380,#StayInMyDistrict Sunnyside Vintage Charmer,3142393,1462528276679400180,Amy,,Sunnyside,45.5134271,-122.6291806,Entire home/apt,,1,174,2025-11-25,2.48,21,170,31,24-102785-000-00-HO
1212361976961943520,Boho Charm • Walk to Dining & Coffee • 1BR,592522307,1470618376335762078,Kimberly,,Hosford-Abernethy,45.506373,-122.654974,Entire home/apt,,1,69,2025-10-12,4.29,86,344,40,22-124671-000-00-CO
1212368110742945644,Studio Hideout • Historic Ladd’s • Walk to Eats,592522307,1470618376335762078,Kimberly,,Hosford-Abernethy,45.5063912,-122.6550266,Entire home/apt,,1,34,2025-11-09,2.09,86,354,22,22-124671-000-00-CO
1212395771130454952,Historic Craftsman - Fast WiFi - 2BR - King Bed,592522307,1470618376335762078,Kimberly,,Buckman,45.5152442,-122.6533255,Entire home/apt,,1,49,2025-11-15,3.15,86,351,42,19-148288-000-00-RS
1212503220558805110,"Buckman Gem | Near Music, Food, Coffee & More",592522307,1470618376335762078,Kimberly,,Buckman,45.5226795,-122.6440689,Entire home/apt,,1,63,2025-11-16,3.92,86,342,47,17-273839-000-00-CO
1212509900236246202,Spanish Revival Apartment | Prime Location,592522307,1470618376335762078,Kimberly,,Buckman,45.5226795,-122.6440689,Entire home/apt,,1,66,2025-11-16,4.27,86,342,52,17-273839-000-00-CO
1212518031242107767,Spanish Vibes | Central Apartment • Walkable,592522307,1470618376335762078,Kimberly,,Buckman,45.5226795,-122.6440689,Entire home/apt,,1,60,2025-11-17,3.71,86,343,42,17-273839-000-00-CO
1212523599203682031,Classic Spanish Apartment | Central + Walkable,592522307,1470618376335762078,Kimberly,,Buckman,45.5226795,-122.6440689,Entire home/apt,,1,45,2025-11-11,3.01,86,351,37,17-273839-000-00-CO
1212529561662598552,Spanish Revival Flat | Near Shops + Nightlife,592522307,1470618376335762078,Kimberly,,Buckman,45.5226795,-122.6440689,Entire home/apt,,1,84,2025-11-20,5.40,86,326,66,17-273839-000-00-CO
1212608601660199497,Cute Studio Apartment SE Portland,82748736,1462831972767193933,Brian,,Hazelwood,45.5212621,-122.5402304,Entire home/apt,,30,0,,,1,347,0,
1213079392080802798,Mt. Tabor Basecamp | Local Eats + Shops,592522307,1470618376335762078,Kimberly,,Richmond,45.5086155,-122.6114737,Entire home/apt,,1,55,2025-11-07,3.40,86,340,39,21-033898-000-00-RS
1213080176618382968,"Mt. Tabor Retreat | Walk to Eats, Shops & Bars",592522307,1470618376335762078,Kimberly,,Richmond,45.5086155,-122.6114737,Entire home/apt,,1,75,2025-11-01,4.96,86,355,60,21-033898-000-00-RS
1213110641570845327,Mt. Tabor Hideaway | Near Food & Nature,592522307,1470618376335762078,Kimberly,,Richmond,45.5086155,-122.6114737,Entire home/apt,,1,71,2025-11-19,4.47,86,352,56,21-033898-000-00-RS
1213114075760434057,Vintage Art Deco • Modern Comfort • Prime Portland,592522307,1470618376335762078,Kimberly,,Hosford-Abernethy,45.4992017,-122.6431899,Entire home/apt,,1,16,2025-08-31,1.02,86,348,12,16-265211-000-00-CO
1213175219747157572,Studio near OHSU | AC - Fast Wi‑Fi - Smart TV,592522307,1470618376335762078,Kimberly,,South Portland,45.49764020000001,-122.6764944,Entire home/apt,,1,54,2025-10-26,3.50,86,362,43,16-265211-000-00-CO
1213182084263061899,Portland Studio | Near OHSU + Riverfront,592522307,1470618376335762078,Kimberly,,South Portland,45.49764020000001,-122.6764944,Entire home/apt,,1,41,2025-11-14,2.60,86,350,26,16-265211-000-00-CO
1213189779430358313,Craftsman home in Laurelhurst,12727712,1462894231117539214,Joselyn,,Sunnyside,45.51886,-122.63331,Entire home/apt,,30,0,,,2,242,0,
1213199586352570521,Steps from OHSU & Downtown ~ Sunny Urban Oasis,592522307,1470618376335762078,Kimberly,,South Portland,45.49764020000001,-122.6764944,Entire home/apt,,1,44,2025-11-16,2.82,86,336,31,16-265211-000-00-CO
1213207428955258350,South Portland Hideaway –  OHSU | Fast Wi‑Fi | A/C,592522307,1470618376335762078,Kimberly,,South Portland,45.49764020000001,-122.6764944,Entire home/apt,,1,67,2025-11-15,4.66,86,330,59,16-265211-000-00-CO
1213825646510786058,Sweet 2 Room Suite-Private Quiet,1099616,1462536943138709332,Abraham,,Arbor Lodge,45.56778676799694,-122.68081258240711,Private room,,3,34,2025-11-30,2.29,2,174,26,24ASTR-PER-00243
1213897475383778607,Mid-Century Home • Top Location • 3BR • Sleeps 6,592522307,1470618376335762078,Kimberly,,Buckman,45.51689570000001,-122.6447176,Entire home/apt,,1,23,2025-11-16,1.55,86,350,19,19-148288-000-00-RS
1213908359495354793,Joshua Tree Vibes in SE PDX - Local Bars & Food,592522307,1470618376335762078,Kimberly,,Buckman,45.516848,-122.644728,Entire home/apt,,1,56,2025-11-12,3.65,86,355,41,19-148288-000-00-RS
1213975487439763351,Classic Nob Hill Victorian,415317125,1469889435063398485,Megan,,Northwest District,45.53047,-122.69064,Entire home/apt,,1,86,2025-11-28,5.57,9,287,56,24ASTR-APP-00202
1214062061068874394,Alberta Arts Launchpad- Amazing Location!,194952414,1469015887481823519,Ashley,,Humboldt,45.55811932199302,-122.66480139399624,Entire home/apt,,2,14,2025-09-29,0.86,2,175,11,24-017912-000-00-HO
1214636315401868113,The Woodstock Inn - Reed College & Vintage Shops,592522307,1470618376335762078,Kimberly,,Woodstock,45.49016899999999,-122.6084048,Entire home/apt,,1,39,2025-10-20,2.42,86,337,28,22-111164-000-00-CO
1214644982530360888,The Perfect Artist's Retreat in Woodstock,592522307,1470618376335762078,Kimberly,,Woodstock,45.49016899999999,-122.6084048,Entire home/apt,,1,49,2025-09-23,3.01,86,357,27,22-111164-000-00-CO
1214650194076374187,Trendy Retro Apartment - Fast WiFi - AC,592522307,1470618376335762078,Kimberly,,Woodstock,45.49016899999999,-122.6084048,Entire home/apt,,1,59,2025-11-10,3.84,86,336,41,22-111164-000-00-CO
1214651908656982635,Queen Anne Studio | Central SE • Walk to Food,592522307,1470618376335762078,Kimberly,,Buckman,45.5153381,-122.653939,Entire home/apt,,1,66,2025-11-23,4.31,86,357,52,16-265211-000-00-CO
1214660175627520499,Queen Anne 1BR | SE Portland • Super Walkable,592522307,1470618376335762078,Kimberly,,Buckman,45.5153381,-122.653939,Entire home/apt,,1,73,2025-11-22,4.55,86,336,59,16-265211-000-00-CO
1214667513986627564,Historic Portland - 2BR - Prime Location,592522307,1470618376335762078,Kimberly,,Buckman,45.5153381,-122.653939,Entire home/apt,,1,67,2025-11-22,4.21,86,348,56,16-265211-000-00-CO
1215508439997198474,Like new beautiful 1 bedroom.,177429857,1468717529361080787,Christopher,,Boise,45.55327606927942,-122.66505545461813,Entire home/apt,,2,38,2025-11-24,2.37,2,357,27,24ASTR-APP-00274
1215990885690632162,3BR Craftsman - Vintage Charm - Great Location,592522307,1470618376335762078,Kimberly,,Goose Hollow,45.5190369,-122.6941958,Entire home/apt,,1,41,2025-09-14,2.73,86,340,31,18-241563-000-00-CO
1216001946541875083,Private Underground Getaway - 92 WalkScore,592522307,1470618376335762078,Kimberly,,Goose Hollow,45.5190369,-122.6941958,Entire home/apt,,1,68,2025-11-02,4.32,86,346,56,18-241563-000-00-CO
1216008932509595242,Historic 4BR • Sleeps 11 • Updated Craftsman,592522307,1470618376335762078,Kimberly,,Goose Hollow,45.5190369,-122.6941958,Entire home/apt,,1,6,2025-09-19,0.48,86,329,5,18-241563-000-00-CO
1216071426077891668,1923 Belmont House of Antiques - Coffee & Brunch,592522307,1470618376335762078,Kimberly,,Buckman,45.5161552,-122.6403356,Entire home/apt,,1,20,2025-08-18,1.27,86,354,10,17-273839-000-00-CO
1216074663050436936,Bright Studio Heart of Pearl,41852577,1465622663320056344,Andrew,,Pearl,45.5287869,-122.6846317,Entire home/apt,,31,4,2025-09-27,0.29,21,362,3,
1216074883043918210,Unit F - Hotel Style Studio Apartment,121088523,1468230660016854177,Ry,,Overlook,45.55777822550246,-122.68051981047196,Entire home/apt,,30,2,2025-09-07,0.42,3,148,2,
1216300449899549855,Heritage Room at Hayhurst Manor,42241906,1465628219231263904,Greg,,Hayhurst,45.48439,-122.72586,Private room,,1,6,2025-06-22,0.38,2,244,5,19-113306-000-00-LU
1216713384380614094,3BR - Sleeps 8 - Prime NW Location - 99 WalkScore,592522307,1470618376335762078,Kimberly,,Northwest District,45.52673129999999,-122.6947997,Entire home/apt,,1,33,2025-11-17,2.35,86,349,22,23-001950-000-00-CO
1216721701466015684,NW Portland Icon | Former Mayor’s 6BR Home,592522307,1470618376335762078,Kimberly,,Northwest District,45.5372969,-122.695094,Entire home/apt,,1,25,2025-10-05,1.68,86,349,21,22-103397-000-00-CO
1216739608127973119,Close to Downtown + OHSU • 5BR • Sleeps 9,592522307,1470618376335762078,Kimberly,,South Portland,45.5010784,-122.6768154,Entire home/apt,,1,30,2025-11-12,2.02,86,359,21,16-265211-000-00-CO
1216779058355408192,Mississippi Micro-Luxe - Mid-Century Style,592522307,1470618376335762078,Kimberly,,Overlook,45.55383020000001,-122.6795619,Entire home/apt,,1,26,2025-11-25,1.65,86,365,16,20-177674-000-00-CO
1216792165548967768,Spacious Midcentury (Open Plan),527520179,1470371977894579198,Lina,,Arbor Lodge,45.56819,-122.69934,Entire home/apt,,2,47,2025-11-16,2.97,1,89,36,23-066083-000-00-HO
1216792972717587506,Teal & Terrazzo - Bright Portland Tiny Home,592522307,1470618376335762078,Kimberly,,Overlook,45.55383020000001,-122.6795619,Entire home/apt,,1,41,2025-10-05,2.59,86,365,21,20-177674-000-00-CO
1216915547534417843,Sunnyside Sweet Spot!,19634831,1463085856566614252,Briana,,Sunnyside,45.51799,-122.62906,Entire home/apt,,30,2,2025-05-18,0.23,1,0,2,
1217615797761867398,Boho Vibes | Alberta 2BR • Coffee + Culture,592522307,1470618376335762078,Kimberly,,Concordia,45.5593012,-122.6381373,Entire home/apt,,1,38,2025-10-27,2.37,86,354,27,21-010582-000-00-RS
1217626441492709454,"Tiny Oasis • Walk to Coffee, Food & Alberta Arts",592522307,1470618376335762078,Kimberly,,Concordia,45.5593012,-122.6381373,Entire home/apt,,1,28,2025-11-01,1.76,86,364,21,21-010582-000-00-RS
1217630430205506624,"Tiny House • Close to Food, Coffee & Art",592522307,1470618376335762078,Kimberly,,Concordia,45.5593012,-122.6381373,Entire home/apt,,1,33,2025-11-23,2.11,86,363,29,21-010582-000-00-RS
1217642137202561345,Laurelhurst Dream on Restaurant Row - 97 WalkScore,592522307,1470618376335762078,Kimberly,,Kerns,45.5266188,-122.6355982,Entire home/apt,,1,69,2025-11-26,4.47,86,349,58,17-246293-000-00-CO
1219777428696128193,Bright & Charming Basement Unit,8467436,1462768289800371914,Corrine,,University Park,45.578709129735905,-122.72004328985777,Entire home/apt,,30,0,,,2,262,0,
1219861584902740523,Tiny House Retreat in Outer Southeast Portland,9171462,1462796693800433649,Jay,,Brentwood-Darlington,45.46771,-122.59369,Entire home/apt,,30,2,2025-09-30,0.19,1,365,2,
1220466224892344993,Cute and Cozy Bungalow by OHSU/VA,38024828,1465569003584477479,Kristin,,Hillsdale,45.47153216408506,-122.68415478299916,Entire home/apt,,30,1,2025-01-04,0.09,1,278,1,
1221111367183910932,Foxchase Flat 3 with back patio,1213257,1462516627506848298,Dayna,,Concordia,45.56277417150557,-122.63386356407602,Entire home/apt,,1,34,2025-11-09,2.14,8,334,24,24ASTR-PER-00171
1221778226401159917,#StayinMyDistrict Sellwood Coco Rose Retreat,3142393,1462528276679400180,Amy,,Sellwood-Moreland Improvement League,45.4673808,-122.6540142,Entire home/apt,,1,293,2025-11-29,4.77,21,165,39,20-209894-000-00-HO
1221794988319618798,The Madison Farmhouse - Vintage Shops & Espresso,592522307,1470618376335762078,Kimberly,,Buckman,45.5127657,-122.6428856,Entire home/apt,,1,50,2025-11-09,3.18,86,288,45,16-265211-000-00-CO
1221812710102180049,Warhol Suite - Cozy Apartment - 92 WalkScore,592522307,1470618376335762078,Kimberly,,Hosford-Abernethy,45.4992017,-122.6431899,Entire home/apt,,1,7,2025-07-19,0.46,86,362,3,16-265211-000-00-CO
1222074025002548768,Princeton Street Bungalow,28882446,1465425842535597519,Andy,,Cathedral Park,45.58434,-122.74919,Entire home/apt,,30,0,,,1,0,0,
1222087807300533546,"Quiet, walkable, convenient SE PDX Home",95218588,1467147727845653424,Joshua,,Richmond,45.503518847165864,-122.63089561540524,Entire home/apt,,1,41,2025-11-10,3.15,1,352,33,24ASTR-APP-00279
1222477338564932208,"Historic Hafner Haus B&B, Room 3",8207605,1462564255609677282,Sharon,,Portland Downtown,45.51508,-122.686,Private room,,3,6,2025-10-24,0.48,13,129,5,15-274770-000-00-LU
1222502624824509913,The Mackenzie I Brentwood Darlington I Portland,47581293,1462707108527868932,Kevin,,Brentwood-Darlington,45.46772,-122.59149,Entire home/apt,,30,1,2025-11-16,1,12,306,1,
1223199785978002693,Cozy Haven by the Hill - Downtown & OHSU!,592522307,1470618376335762078,Kimberly,,South Portland,45.5010784,-122.6768154,Entire home/apt,,1,14,2025-06-26,1.00,86,264,13,16-265211-000-00-CO
1223232439557555472,Historic Mayors Estate - NW Portland Classic,592522307,1470618376335762078,Kimberly,,Northwest District,45.5372969,-122.695094,Entire home/apt,,1,11,2025-11-09,0.76,86,349,7,22-103397-000-00-CO
1223252192205014352,2BR House on Belmont - Parking - Fast Wifi,592522307,1470618376335762078,Kimberly,,Sunnyside,45.51627149999999,-122.6239512,Entire home/apt,,1,26,2025-11-20,1.85,86,342,23,19-148288-000-00-RS
1223962828815418140,Tiny House SW Portland! TreeView,62203396,1466766844897092064,Nancy,,South Portland,45.488897788311526,-122.67740117331672,Entire home/apt,,30,4,2025-04-27,0.32,11,306,3,
1224063362163721666,"The Jennifer I Alphabet District I Portland, OR",47581293,1462707108527868932,Kevin,,Northwest District,45.528991757761915,-122.69686339254213,Entire home/apt,,30,0,,,12,337,0,
1224245354362400522,"Bright 2BR/1BA w/ Full Kitchen, Walkability + Gate",534173163,1470397457383091158,Brad,,Buckman,45.5163047,-122.6519507,Hotel room,,1,2,2024-08-26,0.13,6,333,0,18-197510-000-00-CO
1226916273646198687,St. John's Oasis,69442902,1466858861819381303,Hali,,St. Johns,45.598509944629164,-122.7518097637249,Entire home/apt,,30,1,2025-08-04,0.24,1,263,1,
1226959758389056548,NEW - Skylight Guesthouse,108509736,1467314608930939044,Thibault,,Richmond,45.505233627178455,-122.61318342630383,Entire home/apt,,2,50,2025-11-14,3.21,1,75,38,16640
1227222193025681045,2BR Bungalow • Private Yard • Off-Street Parking,592522307,1470618376335762078,Kimberly,,Cully,45.548842,-122.6041148,Entire home/apt,,1,54,2025-11-11,3.53,86,336,42,22-125797-000-00-CO
1229172861084734269,Group Getaway • 6BR Luxury • Parking Included,592522307,1470618376335762078,Kimberly,,North Tabor,45.5266434,-122.6059778,Entire home/apt,,1,8,2025-09-14,0.66,86,282,8,21-033898-000-00-RS
1229188751637987307,3BR Luxury • Parking • Chef’s Kitchen • Sleeps 8,592522307,1470618376335762078,Kimberly,,North Tabor,45.5266434,-122.6059778,Entire home/apt,,1,20,2025-11-11,1.54,86,354,18,21-033898-000-00-RS
1229763242309632205,Modern 3BR • Gym • Gourmet Kitchen • Sleeps 8,592522307,1470618376335762078,Kimberly,,North Tabor,45.5267014,-122.6059683,Entire home/apt,,1,25,2025-11-09,1.70,86,283,22,21-033898-000-00-RS
1229779812569026293,Spacious 6BR • Parking • Great for Big Groups,592522307,1470618376335762078,Kimberly,,North Tabor,45.5267714,-122.6059682,Entire home/apt,,1,5,2025-06-29,0.47,86,224,5,21-033898-000-00-RS
1229794165029251098,Family-Ready 3BR • Tabor Retreat • Sleeps 8,592522307,1470618376335762078,Kimberly,,North Tabor,45.5267714,-122.6059682,Entire home/apt,,1,20,2025-10-12,1.49,86,365,18,21-033898-000-00-RS
1229806708253353943,Luxury Townhouse • New Build • 3BR • Sleeps 5,592522307,1470618376335762078,Kimberly,,North Tabor,45.5268334,-122.6059695,Entire home/apt,,1,20,2025-11-07,1.41,86,224,14,21-033898-000-00-RS
1229840646181771097,The Stylish Studio,501414071,1463848523559216414,Sorcha,,Richmond,45.50604,-122.61729,Entire home/apt,,30,0,,,25,332,0,
1229883066608838589,The Gatsby,501414071,1463848523559216414,Sorcha,,Northwest District,45.52684847420426,-122.69351306808876,Entire home/apt,,30,1,2025-01-26,0.10,25,247,1,
1231121482931675188,Kerns 1 BR Apartment,11970785,1462877268960628826,Brian,,Kerns,45.52846958732574,-122.63169050216675,Entire home/apt,,30,6,2025-07-29,0.43,1,157,5,
1231245682649030250,Updated Bungalow in the Heart of NoPo,17742907,1463027879030289411,Miley,,Portsmouth,45.58375614239962,-122.71584018587059,Entire home/apt,,2,19,2025-10-27,1.24,2,0,15,21-083420-000-00-HO
1231916761562360033,2BD/2.5BA • Parking • Deck • Luxury Vibes,592522307,1470618376335762078,Kimberly,,North Tabor,45.52664,-122.60598,Entire home/apt,,1,14,2025-11-26,0.94,86,353,11,21-033898-000-00-RS
1231923519949126325,North Tabor 2BR - Gym - Gourmet Kitchen,592522307,1470618376335762078,Kimberly,,North Tabor,45.5267014,-122.6059683,Entire home/apt,,1,10,2025-10-26,0.67,86,282,6,21-033898-000-00-RS
1231937321624466286,Bright 2BR - North Tabor - Work & Recharge,592522307,1470618376335762078,Kimberly,,North Tabor,45.5267714,-122.6059682,Entire home/apt,,1,7,2025-11-13,0.47,86,365,5,21-033898-000-00-RS
1231941278795604477,Spacious 2BR - New Luxury Townhouse Stay,592522307,1470618376335762078,Kimberly,,North Tabor,45.5268334,-122.6059695,Entire home/apt,,1,11,2025-08-31,0.76,86,224,9,21-033898-000-00-RS
1231984266379296924,Alberta Arts Gem,61699098,1462748604957322542,Shelby,,Concordia,45.55902,-122.63463,Entire home/apt,,30,0,,,8,350,0,
1232043523557527717,SW Portland 4BR/3BA | 2 King Suites | Perfect for,62261998,1462750061747177206,ITrip Vacations,,South Burlingame,45.46522642316508,-122.68171321300859,Entire home/apt,,2,16,2025-11-09,1.07,19,349,10,24-037190-000-00-LU
1232105424125404207,Cute Bungalow - sleeps up to 6!,598450021,1470632400547155465,Frederick Robert,,University Park,45.57846745441889,-122.72236891512583,Entire home/apt,,30,2,2025-11-15,0.21,3,88,2,
1232168500848758342,Historic NW Nob Hill Firehouse No. 17,598466974,1470632429526530344,Karla Ariel,,Northwest District,45.52965,-122.69965,Entire home/apt,,1,79,2025-11-23,5.74,1,221,77,24ASTR-PER-00517
1232694658172792870,Elegant Mansion Retreat!,577541645,1470578342899003147,Ronald Albert,,Reed,45.49011327396767,-122.6382026809001,Entire home/apt,,2,31,2025-11-16,2.06,6,359,20,15-212842-000-00-CO
1232767742748755582,Afroso Guest Suite,531286691,1470386404926650989,Okaidja,,Cully,45.56351757687725,-122.60758419732385,Private room,,1,1,2024-10-07,0.07,1,179,0,24ASTR-APP-00323
1234069767311563780,5 Star-Apartment Live Like Hotel,485364133,1470185006282158435,Karen,,Humboldt,45.554614315432424,-122.67416599020109,Entire home/apt,,30,2,2025-08-31,0.14,1,0,1,11263
1234432098310812080,Spacious Cozy 2BR in SW Portland,587095918,1470605414673975136,Mohamud,,West Portland Park,45.4485512,-122.7251835,Entire home/apt,,7,10,2025-10-14,0.68,1,261,5,24ASTR-PER-00248
1235031588343228891,Hipster Vibe Apartment - Food Carts & Live Music,592522307,1470618376335762078,Kimberly,,Boise,45.5531009,-122.6758088,Entire home/apt,,1,73,2025-11-26,4.82,86,190,59,18-266570-000-00-CO
1237135028233204841,2BR 2BA - Alphabet District - Historic Home,419668128,1469906146068606023,Antonette,,Northwest District,45.52673129999999,-122.6947997,Entire home/apt,,1,29,2025-11-16,1.99,1,349,25,21-027792-000-00-CO
1237192279478230378,Cozy Rocky Butte Guest House,148150029,1468451476035700623,Laryssa,,Madison South,45.5436,-122.57036,Entire home/apt,,30,0,,,1,177,0,
1237283494486085593,Willamette Park Bungalow,51025954,1465791520158511160,Ramtin,,South Portland,45.47659,-122.67517,Entire home/apt,,30,1,2025-08-12,0.26,1,173,1,
1237315060543630260,Historic 4BR • Sleeps 10 • Prime Location,592522307,1470618376335762078,Kimberly,,Kerns,45.52339569999999,-122.6543468,Entire home/apt,,1,44,2025-11-22,2.95,86,346,29,17-246293-000-00-CO
1237408511948184076,Barnsley Court Retreat M#42234,126824075,1462932282414455753,Yongxiang,,Northwest Heights,45.53567,-122.76604,Entire home/apt,,30,0,,,5,243,0,
1237747217992575503,Guesthouse in the Garden - Alberta Arts District,25618931,1465346225472695859,Hans,,Vernon,45.560039408294266,-122.64519363068847,Entire home/apt,,1,101,2025-11-30,7.23,1,334,90,24ASTR-PER-00331
1237878281318180887,Spacious Craftsman Mansion Getaway,577541645,1470578342899003147,Ronald Albert,,Reed,45.488631629739864,-122.63873621981047,Entire home/apt,,2,6,2025-10-20,0.40,6,345,4,15-212842-000-00-CO
1237881584088279184,PDX Retreat: Kid & Dog Friendly!,9966834,1462828326979373581,Jonathan,,Woodstock,45.480268286623044,-122.61354883288409,Entire home/apt,,1,72,2025-11-30,4.92,1,76,55,24ASTR-PER-00321
1238070631219002243,Centric room in Portland Downtown,27645822,1465408227387350562,Kuang-Chung,,Goose Hollow,45.5155868,-122.6905832,Private room,,2,10,2025-11-09,1.08,2,180,10,24-009486-000-00-HO
1238632268461810857,Peaceful and centrally located!,3903828,1462642268275089400,Tomislav,,Buckman,45.51271,-122.64323,Entire home/apt,,2,56,2025-11-22,3.90,1,315,47,24ASTR-APP-00365
1238819120342037491,"Skyline Sanctuary
Ultimate Getaway
Near Downtown",471402019,1470126108589957487,Hossein,,Northwest Heights,45.5371155,-122.7595634,Entire home/apt,,1,36,2025-11-28,3.15,1,353,36,24-016981-000-00-HO
1239012635074051037,Peaceful Room in Alberta Arts Hostel,501715,1462520075273747735,Teresa,,Sabin,45.55720465835114,-122.64938469976187,Private room,,30,2,2025-06-02,0.14,10,365,1,
1239145380314229162,4BR • Sleeps 8 • Perfect for Groups & Families,60443748,1466743966688038097,Garrett,,Grant Park,45.5353333,-122.626646,Entire home/apt,,1,26,2025-09-28,1.83,1,339,18,22-125797-000-00-CO
1239463225561343316,Dream Two-Bedroom in Laurelhurst ~ 97 WalkScore,592522307,1470618376335762078,Kimberly,,Kerns,45.5266188,-122.6355982,Entire home/apt,,1,2,2025-06-27,0.18,86,349,2,17-246293-000-00-CO
1239468899417584498,Downtown Portland Condo,650485628,1470636639177454355,Michael,,Northwest District,45.52346568712731,-122.68773509694648,Entire home/apt,,30,2,2025-11-08,0.58,1,118,2,
1239523162116197460,Retreat | Cozy Fireplace | Walk to Coffee & Eats,455398,1462518844764942864,Janell,,Overlook,45.55932,-122.68345,Entire home/apt,,2,51,2025-11-24,3.77,1,213,47,24ASTR-PER-00259
1240279063303126251,Glamourous Old Hollywood Apartment - 92 WalkScore,291835749,1469513314961725100,Bianca,,Hosford-Abernethy,45.4992,-122.64319,Entire home/apt,,1,42,2025-10-12,2.92,3,354,33,16-265211-000-00-CO
1240593027280674693,Warm & Cozy Creekside Cottage,39378828,1465588328316366718,Jennifer,,Sellwood-Moreland Improvement League,45.46259,-122.64291,Entire home/apt,,1,60,2025-11-25,4.59,3,174,54,24-000925-000-00-HO
1240643589706788177,Basement apartment near Downtown St. Johns,350073109,1469697125862013911,Brianna,,St. Johns,45.59195,-122.7411,Entire home/apt,,1,39,2025-11-15,2.67,1,71,32,24ASTR-PER-00129
1241381421880978772,Warhol Suite - Art Deco Apartment - 92 WalkScore,291835749,1469513314961725100,Bianca,,Hosford-Abernethy,45.4992017,-122.6431899,Entire home/apt,,1,32,2025-10-18,2.26,3,362,28,16-265211-000-00-CO
1241385813063968060,Lively 2BR Old Hollywood Apt - 92 WalkScore,291835749,1469513314961725100,Bianca,,Hosford-Abernethy,45.4992017,-122.6431899,Entire home/apt,,1,36,2025-11-02,2.57,3,4,33,16-265211-000-00-CO
1241401230164040982,Modern Boho Charm - Fast WiFi - 2 Beds - AC,88253867,1467059947580489724,Jordan,,Hosford-Abernethy,45.5062954,-122.654916,Entire home/apt,,1,42,2025-10-29,2.89,15,347,39,22-124671-000-00-CO
1241408666649780667,Walk to Pizza & Bars - Fast WiFi - Historic Studio,88253867,1467059947580489724,Jordan,,Hosford-Abernethy,45.5062954,-122.654916,Entire home/apt,,1,57,2025-11-16,4.00,15,348,52,22-124671-000-00-CO
1242142860300496745,Private 1br Unit in SW Portland,117337305,1468201044473079058,Keturah,,Collins View,45.45947172703511,-122.68323253583772,Entire home/apt,,30,3,2025-05-30,0.24,1,0,2,
1242865286651385624,Martha's Haven,591868335,1470616771189686999,Janelle,,Vernon,45.5620329,-122.6470059,Private room,,2,3,2025-07-28,0.42,1,364,3,24ASTR-PER-00336
1243078344092949979,Little Starling Cottage,60370460,1462745128838025509,Ramona,,Sunderland,45.58211,-122.64147,Entire home/apt,,31,1,2025-10-04,0.48,2,92,1,
1243299840009302891,Modern Townhouse in Hillsdale,461437924,1470078430099934133,Steven Alan,,Hillsdale,45.47825,-122.69689,Entire home/apt,,31,2,2025-10-07,0.37,1,337,2,
1243640964236876810,Waterfront w/ Mt. St. Helen's,115674426,1468187911541926302,Blake,,South Portland,45.49567669252953,-122.66973590865284,Entire home/apt,,30,4,2025-09-08,0.31,2,346,3,
1243706555847791615,"The Zach | North Portland, OR",47581293,1462707108527868932,Kevin,,Portsmouth,45.58145,-122.70917,Entire home/apt,,5,0,,,12,352,0,24ASTR-APP-00405
1244404643501873804,Hawthorne Classic,20673854,1463135676168614336,Harry,,Buckman,45.51458,-122.64773,Entire home/apt,,2,30,2025-11-15,3.08,3,75,30,24ASTR-PER-00468
1245054190166105267,Garage-Mahal 2 bd  w Laundry monthly lux living,16083734,1462977869999848177,Nathan Richard,,Hayhurst,45.48231060958139,-122.7228134116394,Entire home/apt,,30,2,2025-02-28,0.17,2,364,2,
1245083626517680775,Cozy and Clean Room in North Portland,32200220,1465473016543738974,Mickayla,,St. Johns,45.59716237991815,-122.75634291801839,Private room,,1,34,2025-11-18,2.91,3,364,34,24ASTR-PER-00447
1245101549395711000,Pearl District Luxury • 2BR • AC • Sleeps 4,356211715,1469711626355778153,Cheyenne,,Northwest District,45.5312825,-122.6879467,Entire home/apt,,1,19,2025-11-16,1.35,5,320,14,22-103397-000-00-CO
1245107865396460878,Luxury Penthouse - Rooftop Deck - 2BR - AC,187761372,1468972369410644224,Bob Scott,,Hosford-Abernethy,45.5046739,-122.6441743,Entire home/apt,,1,4,2025-10-22,0.63,6,330,4,21-006135-000-00-RS
1245112249455502868,Cozy 1BR NE ADU Close to Hospital - 1 Month Min,14087588,1462930272808179267,Andrew Joseph,,Eliot,45.54667086267618,-122.662737110569,Entire home/apt,,31,0,,,1,365,0,
1245127237859248458,Alphabet District Gem • AC • Patio • Fast WiFi,88253867,1467059947580489724,Jordan,,Northwest District,45.5247087,-122.6945925,Entire home/apt,,1,14,2025-11-03,1.29,15,308,14,18-241563-000-00-CO
1245135481336767523,Walkable NW 23rd Retreat – Style & Comfort,286367128,1469495735625296927,Kevin,,Northwest District,45.52892000000001,-122.6990098,Entire home/apt,,1,56,2025-11-09,4.65,5,348,56,23-001950-000-00-CO
1246833288462353112,TROPlCAL VILLA ~ Queen Suite ~ Kitchenette,4884977,1462667503558889992,Shane,,Mt. Tabor,45.521277968969194,-122.59431662527692,Entire home/apt,,1,20,2025-10-14,1.95,4,96,20,14-237773-000-00-LU
1247144666051908754,The Quirky Portland Bungalow,449432266,1470024063388432842,Dawn,,Concordia,45.55802229377887,-122.6361588699224,Entire home/apt,,60,0,,,1,0,0,
1247336786707205078,Angel's Rest Suite!,652450228,1470640837282835826,Alexander Morgan,,Lloyd District,45.5348604,-122.6571881,Private room,,3,16,2025-11-19,2.23,6,170,16,17-150304-000-00-CO
1247351426410960433,1BR apt w/ free parking by restaurant row (Kerns),23017900,1463194120495009654,Woodrow,,Kerns,45.52305,-122.64213,Entire home/apt,,1,38,2025-11-15,2.68,1,346,26,24ASTR-PER-00353
1247365649350715959,3 Bed/2 1/2 Bath*Dogs-OK*Queen Beds*2 Car Garage,260822168,1469378334473492660,Carol Bonds,,Lents,45.46367082250249,-122.56223555742902,Entire home/apt,,30,1,2025-05-27,0.16,1,101,1,
1247477238988735640,Stylish 1bed1bath •Rooftop City Views +Amenities,459606784,1463754295897912647,Sonia,,Pearl,45.527448731403794,-122.68141930840736,Entire home/apt,,1,22,2025-11-16,2.06,6,270,22,24-097758-000-00-CO
1248705532694233497,2BR/2BA • Sunny Retreat • Parks + Coffee Nearby,33606696,1465491525895151478,Hayden,,Sunnyside,45.5161199,-122.6363147,Entire home/apt,,1,15,2025-11-14,1.03,11,340,12,17-251606-000-00-LU
1248717369348061934,Mid-Century Charm - Prime SE Location - 2BR,592522307,1470618376335762078,Kimberly,,Buckman,45.51689570000001,-122.6447176,Entire home/apt,,1,7,2025-11-23,0.49,86,350,4,19-148288-000-00-RS
1248731865719201417,Desert Vibe 1BR in SE PDX - Local Bars & Food,592522307,1470618376335762078,Kimberly,,Buckman,45.516848,-122.644728,Entire home/apt,,1,7,2025-10-24,0.52,86,355,6,19-148288-000-00-RS
1248751921061550011,"4BR • Sleeps 8 • Walk to Brunch, Bars & Boutiques",592522307,1470618376335762078,Kimberly,,Buckman,45.5161552,-122.6403356,Entire home/apt,,1,35,2025-11-04,2.59,86,354,34,17-273839-000-00-CO
1249331361656505558,Luxury 2BR Mississisppi Home  95 WalkScore,36435346,1465541268264295250,David,,Boise,45.5531009,-122.6758088,Entire home/apt,,1,11,2025-11-23,0.80,9,349,9,20-177674-000-00-CO
1249336962611011665,2BR/1BA • Modern Craftsman • Walkable • Fast WiFi,592522307,1470618376335762078,Kimberly,,Buckman,45.5152623,-122.6535029,Entire home/apt,,1,15,2025-11-19,1.46,86,343,15,16-265211-000-00-CO
1249340997511828513,Renewed Classic 2BR - 95 WalkScore,592522307,1470618376335762078,Kimberly,,Buckman,45.5151817,-122.6534937,Entire home/apt,,1,40,2025-11-14,2.84,86,284,34,16-265211-000-00-CO
1250206071813588209,Stylish 1 BR •Walkable to Belmont & Hawthorne,32524294,1465477285270796619,Nicole,,Sunnyside,45.51591880000001,-122.6275425,Entire home/apt,,2,50,2025-11-30,3.78,1,247,47,24ASTR-PER-00358
1251788592876791093,2BR Bohemian Oasis - Food & Craft Beer Lovers,146196024,1468435531635992384,Jeff,,Buckman,45.5161428,-122.6393185,Entire home/apt,,1,6,2025-10-24,0.48,6,361,4,17-273839-000-00-CO
1252421394537012298,Walkable Alphabet District- 1 Bdrm W office Condo,653700983,1463902495280265978,Adriana Lyn,,Northwest District,45.5318346,-122.6934143,Entire home/apt,,30,3,2025-11-04,0.78,2,86,3,
1252444802539432913,Mini Dome by Dodeca Domes,26378984,1465365496573520035,Joshua,,Arbor Lodge,45.5706607,-122.682528,Entire home/apt,,2,21,2025-11-29,1.68,1,166,19,24ASTR-PER-00378
1253689861594120993,Little Henry House on Duke St,29604513,1465435642523587125,Kerry,,Woodstock,45.47589,-122.61034,Entire home/apt,,2,10,2025-11-16,0.86,1,137,10,24-021575-000-00-HO
1253898059723339555,Cozy East PDX Gem - Guest Suite!,653650992,1470643278051349772,Dwayne,,Hazelwood,45.51621,-122.52642,Entire home/apt,,3,36,2025-11-13,2.63,1,223,30,24-026295-000-00-HO
1254019089032383954,Stylish 2BR Duplex Near Alberta Arts District,260686384,1463325790495550289,Muneeb,,Concordia,45.56203,-122.62872,Entire home/apt,,2,61,2025-11-29,4.31,4,346,52,24ASTR-PER-00308
1256694311116926491,"Cascade Cove (private entrance, BR, & RM in home)",74227264,1466914043253510720,Jesse,,Argay,45.547365186871566,-122.52663347264387,Private room,,1,106,2025-12-01,10.36,1,227,106,24ASTR-PER-00529
1256695349900209760,City Cottage with Country Feel,31457203,1465462464470132536,Hayley Rose,,Lents,45.4683893,-122.553511,Entire home/apt,,1,80,2025-11-28,5.77,1,333,67,24ASTR-APP-00128
1256980178403487727,The Willows ADU - Peaceful 2 BDR,10853655,1462851165651074844,Cullen,,East Columbia,45.59354,-122.66139,Entire home/apt,,30,1,2025-05-16,0.15,1,337,1,
1257294192115435684,"Sweet and sunny, great location!",702623,1462526691711269388,Tyesha,,Creston-Kenilworth,45.49419658375567,-122.63269687503255,Entire home/apt,,60,0,,,1,362,0,
1257447110387358031,"Grand in the Gulch | office, driveway, fenced yrd",3035263,1462615505544136222,Renea,,Sullivan's Gulch,45.53506,-122.63817,Entire home/apt,,30,1,2025-11-09,1,1,218,1,07525
1258030518825555336,Buzzy living-room style lobby,654982020,1470646242374573351,The Hoxton Portland,,Old Town/Chinatown,45.5234861,-122.6745926,Private room,,1,195,2025-11-30,2.69,2,149,68,41120
1258030606766040958,Well-placed in the heart of historic Old Town,654982020,1470646242374573351,The Hoxton Portland,,Old Town/Chinatown,45.5234861,-122.6745926,Private room,,1,379,2025-10-21,5.09,2,148,29,41120
1258059603379357403,"Guest Suite with WiFi, AC, streaming",112452733,1467357733741704046,Samantha,,South Portland,45.479637779922,-122.67371841652033,Entire home/apt,,1,16,2025-11-17,1.13,7,365,11,22-106115-000-00-HO
1258138310448827507,Parkrose Cedar Loft,70146531,1466868434765373286,Michael,,Parkrose Heights,45.537726140038075,-122.54682195270212,Entire home/apt,,1,54,2025-11-16,4.06,1,257,49,24ASTR-PER-00381
1258178894931827417,University Park NoPo Bungalow,13747851,1462920793594528019,Robert,,University Park,45.57946,-122.72868,Entire home/apt,,30,1,2025-06-07,0.17,1,365,1,
1259125764874970325,Charming Townhouse with Gym in Peaceful St. Johns,16111776,1462978692739757438,Ryan,,Cathedral Park,45.59584757013761,-122.76530597777278,Entire home/apt,,30,1,2025-03-31,0.12,1,173,1,
1259414626311060451,#StayInMyDistrict Multnomah Village Apartment,3142393,1462528276679400180,Amy,,Hillsdale,45.4807096,-122.7075242,Entire home/apt,,1,32,2025-08-18,2.34,21,0,28,18-235594-000-00-HO
1259426831699100841,New ADU in NoPo!,488807813,1470200031380659193,Susanna,,Kenton,45.58167,-122.69172,Entire home/apt,,1,147,2025-12-03,11.31,1,294,143,24ASTR-PER-00392
1260089957481212413,Historic Carriage House in Portland,93484544,1467128634365922868,Bill,,Irvington,45.53729112117123,-122.64362152315923,Entire home/apt,,1,27,2025-11-30,2.01,1,313,24,03-156205-000-00-LU
1260351836952356589,Monthly Rental - 2BD Hideaway Private Apt!,221421926,1469170152876833747,Descansa Property,,Hosford-Abernethy,45.50895,-122.65453,Entire home/apt,,30,0,,,19,138,0,
1262582517622267271,"Stunning Pearl District Condo, Next to Parks, Open",62261998,1462750061747177206,ITrip Vacations,,Pearl,45.53206,-122.68095,Entire home/apt,,2,9,2025-08-20,0.81,19,349,9,24ASTR-PER-00335
1263282004512153257,5 BD/3.5BA -Arcade-WFH Desks-Pool/Pingpong Table,392859086,1469815004468176754,Thomas,,Sunnyside,45.51244,-122.61348,Entire home/apt,,3,46,2025-11-11,4.51,6,306,46,24-075195-000-00-LU
1263888873271510388,Vintage Cozy City Condo-pets OK,3168874,1462621594684497174,Kobi,,Northwest District,45.523407174893315,-122.68708178860615,Entire home/apt,,30,3,2025-11-21,0.27,1,306,3,
1264120463172680261,Jerald Guesthouse,656384793,1470649309914356077,Todd,,Bridlemile,45.493668609705644,-122.7171135023089,Entire home/apt,,2,23,2025-10-21,2.01,1,76,23,24ASTR-APP-00508
1264749437088281652,Buffalo Terrace with Sauna,12544836,1462890173439400634,Brennan,,Woodlawn,45.57628,-122.65604,Entire home/apt,,2,20,2025-11-29,1.68,1,132,20,24ASTR-APP-00430
1265330415288298051,"2BR Pearl District, Near Dining",2647869,1462603757829485135,Jamie,,Pearl,45.52868748240784,-122.68095424798821,Entire home/apt,,30,0,,,1,76,0,
1265360779349006318,Cornus House,12936673,1462899095510202163,Noah,,Overlook,45.55123863823289,-122.68322344869375,Entire home/apt,,1,106,2025-11-16,9.97,1,81,106,25ASTR-PER-00022
1266306789583151849,Stylish retreat close to PDX,75574560,1466928452936081333,Iryna,,Parkrose,45.55477768423556,-122.55134720244658,Entire home/apt,,2,27,2025-11-26,2.20,2,354,26,24ASTR-APP-00393
1266803867385459817,John’s Landing Townhome,36392016,1465540531295848852,Brett,,South Portland,45.4821691,-122.6762398,Private room,,2,14,2025-10-19,1.02,1,263,11,40096
1267668949709054354,Urban Oasis with Fenced Yard,7636507,1462737233364225080,Elizabeth,,Arbor Lodge,45.5706564,-122.6948092,Entire home/apt,,60,0,,,1,317,0,
1267900314145219185,Bright & Spacious Barnsley Court Retreat G#42234,504252105,1467939816103299783,Guesty,,Northwest Heights,45.53408805404298,-122.7654934880642,Entire home/apt,,30,0,,,6,243,0,
1267983714851169062,Classic 4BR Gem | Lush Backyard  & Deck E#42234,414420881,1467924896318365906,Eric,,Northwest Heights,45.53572267849505,-122.76597760540332,Entire home/apt,,30,0,,,5,243,0,
1268126729965231605,"Fly in, rest easy",598548847,1470632627317857055,Sojourn Suites Portland Airpor,,Parkrose,45.567129,-122.542194,Private room,,1,1,2025-06-14,0.17,2,24,1,60832
1268126730110509808,King comfort minutes from PDX,598548847,1470632627317857055,Sojourn Suites Portland Airpor,,Parkrose,45.567129,-122.542194,Private room,,1,13,2025-10-02,1.65,2,8,13,60832
1268431601858176762,New Private Studio Retreat in NE PDX (Beaumont),175752086,1468703821069564708,Timothy,,Beaumont-Wilshire,45.54931,-122.62391,Entire home/apt,,2,53,2025-12-01,3.87,1,352,46,24ASTR-APP-00406
1269661167505123980,Garden Studio Near Forest Park,50249397,1465768145786460059,Mark,,Northwest District,45.53523,-122.7158,Private room,,1,22,2025-11-23,3.33,1,81,22,24ASTR-PER-00440
1270527444904770029,Elegant Retreat in Serene Gardens PD#42234,657694750,1470652237811175837,Yuanze,,Northwest Heights,45.53397658938837,-122.76712360433108,Entire home/apt,,30,0,,,1,243,0,
1271164597124512665,Cully Neighborhood Backyard Birdhouse,26626812,1465370245071667416,Zoe,,Cully,45.56113906506299,-122.61256725301944,Entire home/apt,,3,41,2025-11-12,3.19,1,224,38,24ASTR-PER-00413
1271364038118380604,Cozy condo with a view!,655053851,1470646376121526212,Julianna,,Homestead,45.497311,-122.6795935,Entire home/apt,,30,2,2025-08-17,0.28,1,119,2,
1272696891315438608,Garden Charmer Amazing location in SE Mount Tabor,22261625,1463175489423064211,Melanie,,Mt. Tabor,45.51994,-122.59968,Entire home/apt,,1,41,2025-11-29,3.10,1,160,39,24ASTR-APP-00091
1272718053257401098,Mocks Crest Oasis- 5BD/2BA- Arbor Lodge Getaway,392859086,1469815004468176754,Thomas,,Kenton,45.57751923063189,-122.7073161935904,Entire home/apt,,1,5,2025-11-16,1.02,6,296,5,25-042052-000-00-LU
1273213402982038654,Squiggly Room,58415337,1466700083396903576,Jenny,,Mt. Scott-Arleta,45.48796,-122.59928,Private room,,30,1,2024-11-23,0.08,3,352,0,22-104186-000-00-HO
1274892065575878293,Victorian Apartment in Slabtown!,53426937,1465868825620252355,Brenda,,Northwest District,45.5322323,-122.6940556,Entire home/apt,,2,53,2025-11-12,4.07,1,239,50,24ASTR-PER-00257
1274950505762799417,"Walkable, Charming Guest House",405693839,1469856271568118711,Jessie,,St. Johns,45.58623742589761,-122.74125338017689,Entire home/apt,,2,51,2025-11-23,4.02,1,202,48,24ASTR-PER-00432
1275558919065532462,Covered Backdeck in NE Portland,658977106,1470655043501803368,Russell,,Roseway,45.55442074416993,-122.58924884914691,Entire home/apt,,30,0,,,1,31,0,
1275773195220377758,Cozpacious · Stroll 2 Fun · Self Check · Easy Park,9181734,1462568431582299941,Pamela,,Humboldt,45.559283410422466,-122.66665946692228,Entire home/apt,,2,30,2025-10-28,2.41,1,93,29,57824
1276193402745759592,Awesome Alberta Arts Apartment,136831738,1468361327825582376,Sydney,,Vernon,45.5611483,-122.6498871,Entire home/apt,,1,18,2025-11-04,2.16,1,164,18,22-189817-000-00-LU
1277050641648090791,Cozy SE Portland Hideaway,101382716,1467216308928268921,Kimberly,,Creston-Kenilworth,45.49509,-122.63947,Entire home/apt,,1,130,2025-11-30,12.46,1,260,130,25ASTR-PER-00010
1277076071358137325,Empress Rose,248639891,1469318353109395529,Dana,,Northwest District,45.52345,-122.68806,Entire home/apt,,3,3,2025-08-13,0.64,1,222,3,24ASTR-APP-00444
1277813417524489276,2BR/1.5BA • Mt. Tabor Retreat • Walkable Location,293772932,1469518807096746870,Kimberly Diane,,Sunnyside,45.5166969,-122.6127355,Entire home/apt,,1,8,2025-10-14,0.67,3,355,8,19-148288-000-00-RS
1277922303298190178,Portland Chalet,8680367,1462773603258153746,Michael,,Creston-Kenilworth,45.49776,-122.63852,Entire home/apt,,30,1,2025-01-26,0.10,9,349,1,
1278446982513048641,Urban nest: Room A,659614974,1470656413489564437,Maria Leticia,,Humboldt,45.563070819886754,-122.67827626120605,Private room,,1,29,2025-11-16,4.05,2,365,29,25ASTR-APP-00135
1280132393007097652,The Kenton Eclectic,501414071,1463848523559216414,Sorcha,,Kenton,45.584527290724836,-122.69947347430183,Entire home/apt,,30,1,2025-11-01,0.88,25,332,1,
1281405876459557317,Villa Eco-Studio,9463317,1462814768244128636,Jennifer,,Montavilla,45.517183,-122.5811185,Entire home/apt,,30,6,2025-10-07,0.65,1,349,6,
1282084317416584919,Charming Portland 2BR Home in Hollywood,592522307,1470618376335762078,Kimberly,,Grant Park,45.5353333,-122.626646,Entire home/apt,,1,11,2025-11-25,1.00,86,339,11,22-125797-000-00-CO
1282254854280491751,Chez Cozy | Alberta Arts 15th Avenue Plex,32706243,1465479581682533048,Tracy,,Sabin,45.55354978942786,-122.6498605483802,Entire home/apt,,1,30,2025-11-18,2.81,1,260,30,24ASTR-PER-00478
1282608869770505839,Fun in Fopo,660514419,1470658373733994761,Lauren,,Creston-Kenilworth,45.49184,-122.60328,Entire home/apt,,30,3,2025-09-20,0.30,1,187,3,
1282888940596331038,The Mint Chip,501414071,1463848523559216414,Sorcha,,Centennial,45.49451,-122.50789,Entire home/apt,,30,1,2025-08-24,0.29,25,364,1,
1282957605830083086,Charming Flat in Downtown Portland,370069479,1469748184824467165,Erin,,Northwest District,45.5279012,-122.6947192,Entire home/apt,,30,2,2025-09-01,0.22,2,362,2,
1283378931114277369,Family-friendly Kenton Home,24150641,1465283820973985781,Gina,,Kenton,45.587834347892716,-122.70189214347333,Entire home/apt,,30,0,,,1,259,0,
1283404665212734496,Cully Dreamhouse,563061,1462521795138100779,Krista,,Cully,45.5577439,-122.6092777,Entire home/apt,,3,2,2025-02-27,0.17,1,0,2,24ASTR-PER-00498
1283568174210420936,"Studio 1 Bath, OHSU, Dog Friendly (04E)",410009654,1469871546085370887,Kenny,,Homestead,45.49583,-122.69231,Entire home/apt,,30,2,2025-10-18,0.54,11,215,2,
1285108003318001457,PDX River View Hidaway: Bridge & Waterfront Bliss,45681974,1465680685583564686,Jaime Bert,,Portland Downtown,45.510415547436565,-122.67976405906658,Entire home/apt,,31,2,2025-03-15,0.19,1,121,2,
1286264310360856929,Monthly Stay among Iconic Neighborhoods and Trails,661317538,1470660256957208988,Matthew,,Eastmoreland,45.4655117292041,-122.6227076421547,Entire home/apt,,30,0,,,1,89,0,
1286348556240734822,Bright newly renovated basement apartment,33038338,1462660538173673574,Radhika,,Woodlawn,45.57363,-122.64531,Entire home/apt,,1,23,2025-11-26,1.79,1,132,19,23-099323-000-00-HO
1286544783939501825,Cozy Mt. Tabor Retreat,118671115,1468211617465993571,Elaine,,Mt. Tabor,45.5212,-122.60684,Entire home/apt,,2,13,2025-10-26,1.14,1,164,13,24ASTR-PER-00395
1287312082914640871,Mid-Century Vibe With Views,594609667,1463895255717955421,Paul,,Cathedral Park,45.58206,-122.7453,Entire home/apt,,30,1,2025-08-31,0.31,1,0,1,
1287380872845413447,Modern Studio Amazing N Portland Location,347291255,1469688494036594997,Rebecca Lyn,,Overlook,45.5648,-122.68183,Entire home/apt,,1,82,2025-11-13,6.42,2,153,81,21-040504-000-00-HO
1287382163485871849,Safe Kid-Tested Home with Toys & Books,7869789,1462562792033162981,Mohammad,,Northwest Heights,45.55164749059923,-122.77735004922235,Entire home/apt,,30,1,2025-08-09,0.25,2,364,1,
1289156461652671264,Stylish 2BR near Mississippi,27280546,1465402770806265865,Erin,,Boise,45.55292,-122.6711,Entire home/apt,,2,0,,,1,171,0,24ASTR-PER-00325
1289197474809470307,Modern Apt. Downtown Portland,392860183,1469815008079665139,Dustin,,Portland Downtown,45.50854,-122.68311,Entire home/apt,,30,0,,,1,179,0,
1289307549238720838,"Brand-New Apt, 5 min to OHSU!",524344892,1470358884808853713,Arthur,,South Portland,45.49726,-122.67452,Entire home/apt,,30,3,2025-09-29,0.28,2,312,3,
1291573482930896948,Peaceful SE Portland Getaway – Walkable & Bright,381505779,1469780532380679718,Eran,,Brooklyn Action Corps,45.4998124,-122.6529472,Entire home/apt,,1,49,2025-11-30,3.91,1,359,48,24ASTR-APP-00482
1292164626775706180,Bright Home in Walkable Richmond,85235637,1462837513961910390,Kellie,,Richmond,45.5032809534443,-122.63062041024027,Entire home/apt,,30,0,,,2,362,0,
1292783906868554609,Stylish Guest Suite in Alberta Arts w/new Hot Tub,323461842,1469613801953267146,Holly,,Concordia,45.5606897,-122.6346123,Entire home/apt,,1,35,2025-11-30,2.77,1,337,32,24ASTR-APP-00484
1292813161295843408,Lola's basement retreat,74140845,1466913135244257589,Michelle,,Humboldt,45.55929608783317,-122.67588593359018,Entire home/apt,,31,1,2025-06-29,0.19,1,270,1,
1292912173809854297,Modern Studio Steps from OHSU!,532092702,1470389482392725702,Connie,,Homestead,45.4972115769254,-122.68816591734267,Entire home/apt,,31,3,2025-10-28,0.28,2,320,3,
1293106783608757593,Charming Retreat in Portland,114431678,1462905215572119218,Sarkawt,,Hayhurst,45.477117607563116,-122.73136569972442,Private room,,2,15,2025-11-03,1.34,1,365,15,24ASTR-APP-00488
1294196969203030860,Premier King | Oasis in the heart of Downtown,568213949,1470527885127709709,The Hotel Zags,,Portland Downtown,45.51381402413169,-122.68081429980339,Private room,,1,64,2025-09-19,5.09,2,161,62,85473
1294199802056485688,Outdoor Haven | Game room. Bars,568213949,1470527885127709709,The Hotel Zags,,Portland Downtown,45.513813397329244,-122.68076536441804,Private room,,1,88,2025-11-19,7.14,2,77,86,58245
1294325654174365530,Comfortable and Clean Room near Pier Park,32200220,1465473016543738974,Mickayla,,St. Johns,45.59639,-122.75638,Private room,,1,35,2025-11-16,2.95,3,360,35,24ASTR-PER-00447
1294573912271381455,"PDX Home | Cozy Stay w/BBQ, Firepit & Pool Table",545821220,1470443232350639256,Igor,,Parkrose Heights,45.54259,-122.5512,Entire home/apt,,1,30,2025-11-30,3.60,1,354,30,24ASTR-PER-00512
1294599934484989724,Brand New Westmoreland Contemporary,8053141,1462747935598153454,Evan,,Sellwood-Moreland Improvement League,45.4829665,-122.6473438,Entire home/apt,,3,42,2025-11-30,3.61,1,155,42,24ASTR-PER-00525
1295079032465864442,Bright Belmont 2 Bed Unit!,652450228,1470640837282835826,Alexander Morgan,,Buckman,45.51792330833162,-122.64642209352544,Entire home/apt,,30,1,2025-10-25,0.73,6,154,1,
1296355512400960966,Cozy Boho 1BR - Walk to Shops & Cafes,592522307,1470618376335762078,Kimberly,,Concordia,45.5593012,-122.6381373,Entire home/apt,,1,8,2025-06-06,0.67,86,355,8,21-010582-000-00-RS
1296367678914617775,MidCentury Dream 2BR  - 95 WalkScore,88253867,1467059947580489724,Jordan,,Sunnyside,45.5124598,-122.6204664,Entire home/apt,,1,30,2025-11-20,2.80,15,320,30,19-148288-000-00-RS
1296420745117627912,"NW 23rd Luxury | Walk to Shops, Cafés & More",286367128,1469495735625296927,Kevin,,Northwest District,45.52892000000001,-122.6990098,Entire home/apt,,2,4,2025-10-21,1.15,5,329,4,23-001950-000-00-CO
1296526322024566676,Château Woodstock – Cozy Stay Near Cafés & Parks,76671929,1466939940318672708,Lex,,Mt. Scott-Arleta,45.4798058,-122.5857376,Entire home/apt,,2,54,2025-11-28,5.87,1,264,54,25ASTR-PER-00037
1296563601263020523,Basement suite in North Portland,1886343,1462580924116460779,Lauren,,Piedmont,45.57519,-122.67633,Private room,,50,0,,,1,63,0,
1296835499508566929,Garden Oasis in Se PDX W/Bikes,129809851,1468301477460016374,Catherine,,Woodstock,45.48577,-122.60177,Entire home/apt,,30,0,,,1,328,0,
1297545106190653259,Charming Single-Level Kenton Home | Pet Paradise,3200489,1462622429682734087,Siobhan And Nolan,,Kenton,45.58727,-122.70034,Entire home/apt,,30,1,2025-11-20,1,1,84,1,
1297644131209088720,3 BDR Charmer Pet Friendly Extended Stays Welcome,226607963,1469205559374010641,Artem,,Sunnyside,45.51824960673026,-122.62044108797728,Entire home/apt,,30,0,,,2,186,0,
1297963677986920616,"Hawthorne MultiUnit, 99 Walk Score,Remote Workers",61445011,1466756171418167232,Aimee Jane San Felipe,,Richmond,45.5112207,-122.6231699,Entire home/apt,,1,6,2025-11-17,0.81,7,307,6,21-116782-000-00-CO
1297975417677892082,"Heart of Hawthorne! Newly Remodeled, 99 Walk Score",61445011,1466756171418167232,Aimee Jane San Felipe,,Richmond,45.5112207,-122.6231699,Entire home/apt,,1,45,2025-11-20,4.25,7,340,45,21-116782-000-00-CO
1297981551097542964,2BR Upper unit - Sleeps 4 - Trendy Area - Walk Eve,61445011,1466756171418167232,Aimee Jane San Felipe,,Richmond,45.5112207,-122.6231699,Entire home/apt,,1,31,2025-11-02,2.66,7,356,31,21-116782-000-00-CO
1297986691151847258,Tiny Refuge - Quiet & Cozy,61445011,1466756171418167232,Aimee Jane San Felipe,,Richmond,45.5112207,-122.6231699,Entire home/apt,,1,43,2025-11-21,3.86,7,328,43,21-116782-000-00-CO
1298033172987565345,Apt in Alberta Arts District: Walkable Paradise!,121688409,1462921224513368239,Evolve,,Concordia,45.5561981,-122.6350643,Entire home/apt,,2,1,2025-05-25,0.15,27,160,1,24-010176-000-00-HO
1298154277738180105,Modern Cozy & Private Retreat with deck/seating,249997321,1469325237646435260,Raja,,Northwest District,45.53788489999999,-122.7157792,Entire home/apt,,2,54,2025-11-01,4.64,2,251,54,24ASTR-APP-00400
1298156356623670303,Annie’s Cottage in Sellwood,3382661,1462627287750827448,Andrea,,Sellwood-Moreland Improvement League,45.46599,-122.64986,Entire home/apt,,25,2,2025-10-05,0.18,1,61,2,25ASTR-APP-00007
1298248474554381134,"N Portland Condo - Walk to Food, Bars, Music",190656099,1468989935967301129,Aaron,,Humboldt,45.5589537,-122.6680672,Entire home/apt,,1,15,2025-11-25,1.25,21,343,15,18-266570-000-00-CO
1298255919482982300,Luxury 2BR | Walk to Mississippi & Alberta,190656099,1468989935967301129,Aaron,,Humboldt,45.5589537,-122.6680672,Entire home/apt,,1,7,2025-09-15,0.62,21,355,7,18-266570-000-00-CO
1298835607539152274,Private Portland Group Getaway - Sleeps 12,115052133,1468183237236817297,Austin,,Richmond,45.50457,-122.62131,Entire home/apt,,1,5,2025-08-24,0.64,6,348,5,22-111164-000-00-CO
1298844467425808731,4BR Portland Classic | Steps from Division Fun,115052133,1468183237236817297,Austin,,Richmond,45.5045729,-122.6213049,Entire home/apt,,1,15,2025-10-17,1.43,6,357,15,22-111164-000-00-CO
1298851580263131025,Vibrant Portland Getaway - Chic Flat,115052133,1468183237236817297,Austin,,Richmond,45.50457,-122.62131,Entire home/apt,,1,30,2025-11-18,2.43,6,351,28,22-111164-000-00-CO
1299331554509630442,Luxury Living in Prime Location FREE Airport Rides,450533651,1463732070752811660,Mehdi,,Portland Downtown,45.5223848,-122.6841138,Entire home/apt,,3,6,2025-10-30,1.89,1,293,6,00505
1300930959577415954,Nature-Inspired Sanctuary - Cozy home in Division,39047000,1465583188770977764,Claudia,,Hosford-Abernethy,45.50403139491249,-122.63614573508211,Entire home/apt,,30,1,2025-07-01,0.19,1,247,1,
1301179357057658933,The Botanist's Study,16058222,1462596429410596319,Jesse,,Roseway,45.549492246188244,-122.58710693002772,Entire home/apt,,3,2,2025-10-27,1.20,1,82,2,25ASTR-APP-00319
1301693230762381261,Nomad Nest in Hip Neighborhood,501715,1462520075273747735,Teresa,,Sabin,45.55704,-122.64943,Private room,,30,3,2025-11-11,0.84,10,364,3,
1301813336415780154,"2 Bedroom Home for Long Term Stays, Pet Friendly",11194078,1462859210997473153,Jessica Rose,,Powellhurst-Gilbert,45.50019125028266,-122.5634742858265,Entire home/apt,,30,3,2025-10-05,0.32,3,253,3,
1302323806418388412,Classic Craftsman Stay - 2BR 2BA -  Portland Charm,190656099,1468989935967301129,Aaron,,Kerns,45.52624369999999,-122.6335161,Entire home/apt,,1,15,2025-11-21,1.27,21,333,15,17-246293-000-00-CO
1302334047084730001,Eclectic 2BR - Victorian Charm - Steps to Fun,113868705,1468175165319642168,Darise,,King,45.5496809,-122.6622415,Entire home/apt,,1,13,2025-11-15,1.15,10,346,13,22-130971-000-00-CO
1302342962252842668,2BR/1BA • Portland Soul Lounge • Walkable Retreat,113868705,1468175165319642168,Darise,,King,45.5496905,-122.6621474,Entire home/apt,,1,12,2025-09-18,1.03,10,357,12,22-130971-000-00-CO
1302343649715362801,Central Loft off Lovely Mississippi St. W/King Bd,3844402,1462640842817471804,Michael Stephen,,Boise,45.55274,-122.67654,Entire home/apt,,2,39,2025-11-13,3.41,1,345,39,24ASTR-APP-00510
1303034143005097561,2BR Flat - Walk to NW 23rd Shops & Cafes,33154064,1465485518021546275,Connor,,Northwest District,45.53420089999999,-122.6990771,Entire home/apt,,1,15,2025-11-11,1.43,8,348,15,21-027792-000-00-CO
1303041492203032187,Renovated 2BR • Walk to NW 23rd Shops & Dining,33154064,1465485518021546275,Connor,,Northwest District,45.5342499,-122.6990607,Entire home/apt,,1,15,2025-11-04,1.36,8,347,15,21-027792-000-00-CO
1303050999351837148,Enchanting Old Portland Home - 92 WalkScore,120600285,1468226825711432621,Armon,,Hosford-Abernethy,45.5061237,-122.6549706,Entire home/apt,,1,11,2025-11-23,0.98,1,356,11,21-010449-000-00-RS
1303725729396873436,Rustic Guesthouse in Hawthorne,114549297,1468179952713365978,Sarinya,,Sunnyside,45.51476200982525,-122.62841161027963,Entire home/apt,,1,30,2025-11-26,2.61,1,263,30,18-261686-000-00-HO
1305070188248808613,Sellwood Getaway,3948888,1462643364371126360,Dederia,,Sellwood-Moreland Improvement League,45.4623,-122.65471,Entire home/apt,,2,11,2025-10-26,1.22,4,266,11,24-018430-000-00-HO
1305703168068793072,Pdx Vintage,190120922,1468986637700403400,Louise,,Parkrose,45.548055624059074,-122.54237288482169,Entire home/apt,,30,0,,,2,319,0,
1305863011378776086,Spacious montavilla home,16593380,1462990317552218824,Justin,,Montavilla,45.528544663539826,-122.57941095615539,Entire home/apt,,30,0,,,1,31,0,
1305899178585000405,2-Bedroom Private Cozy Guest Suite,32200220,1465473016543738974,Mickayla,,St. Johns,45.59809740869688,-122.7561307097291,Entire home/apt,,1,8,2025-11-10,0.70,3,358,8,24ASTR-PER-00447
1306557894945425394,"Sweeping views: mountains, city",7299536,1462728378716387301,Nancy,,Hillside,45.52716340941467,-122.70535603165627,Entire home/apt,,30,0,,,1,326,0,
1307296172385385257,Queen's Corner with Private Deck & Hot Tub Access,1731403,1462576946385002957,Catherine,,South Tabor,45.50142,-122.60004,Entire home/apt,,2,82,2025-11-21,7.28,2,355,82,24ASTR-APP-00226
1307418467254570578,Monthly Rental - Charming Mid-Century Home,221421926,1469170152876833747,Descansa Property,,Richmond,45.50838,-122.61387,Entire home/apt,,30,1,2025-04-05,0.12,19,263,1,
1307468300616821264,Monthly Rental - Modern Portland Charm,221421926,1469170152876833747,Descansa Property,,Sabin,45.54935988835135,-122.6530418332,Entire home/apt,,30,1,2025-10-12,0.56,19,234,1,
1307519272934746962,Stay Portland 2 bed Enjoy entire space,71531816,1462795268624292919,Marc,,Pearl,45.5351236,-122.6825437,Private room,,30,0,,,1,268,0,
1308071264607428583,The Sunny Manor Luxury Haven,1213257,1462516627506848298,Dayna,,Buckman,45.51805,-122.64928,Private room,,2,3,2025-10-19,0.87,8,0,3,25ASTR-APP-00083
1309732657145018672,The PDX Nest,24016792,1465281898403430476,Brian,,Arbor Lodge,45.5697419,-122.6906027,Entire home/apt,,1,30,2025-11-17,3.32,1,356,30,25ASTR-APP-00078
1309861125786202124,A charming home in SE Portland,226607963,1469205559374010641,Artem,,Sunnyside,45.51811905983159,-122.61823151481792,Entire home/apt,,30,0,,,2,125,0,
1310213714961837230,Soak & Stay Cottage,1394790,1462544618458341731,Stephanie,,Mill Park,45.51196928784621,-122.53556927572212,Entire home/apt,,2,34,2025-11-05,3.49,1,61,34,25ASTR-APP-00419
1310285563441818098,1928 Craftsman Gem 30+ Day Stays,3508484,1462530315278775656,Joshua,,St. Johns,45.59204726933448,-122.74716241597218,Entire home/apt,,31,1,2025-11-23,1,6,89,1,
1311027511553756518,Irvington Bungalow,19579396,1463081861233330913,Julie And David,,Grant Park,45.5414679,-122.6384286,Entire home/apt,,30,1,2025-04-01,0.12,1,126,1,
1312388395992845025,Hawthorne Guest House,60419133,1466743744308578733,Vince,,Richmond,45.5117,-122.6147,Entire home/apt,,30,3,2025-10-06,0.37,1,356,3,
1313099966051799732,"Historic Hafner Haus, 23 Guests, 16 beds-near PSU",8207605,1462564255609677282,Sharon,,Portland Downtown,45.51639,-122.68602,Entire home/apt,,2,4,2025-09-01,0.42,13,326,4,15-264770-000-00-LU
1313190764435202048,Riverplace Retreat - 1BD Condo,158074447,1468540422411831312,Sarah,,Portland Downtown,45.5089678922781,-122.67477308940411,Entire home/apt,,31,3,2025-09-03,0.51,14,363,3,
1313219337300528188,"Remodeled 2BR - Walk to Coffee, Bars & More",115052133,1468183237236817297,Austin,,Richmond,45.5045729,-122.6213049,Entire home/apt,,1,1,2025-01-01,0.09,6,357,1,22-111164-000-00-CO
1313224417665022515,Modern bungalow + outdoor oasis,94708114,1467142177683141587,Gabriel,,South Portland,45.48504987064403,-122.67693499038143,Entire home/apt,,30,0,,,1,358,0,
1314569597892743693,Mossy Haven - St John’s cottage,43538971,1465646490384894472,Briawna,,St. Johns,45.60032,-122.76002,Entire home/apt,,2,18,2025-11-16,1.85,1,308,18,24ASTR-PER-00507
1314599277509634637,Sophisticated 2BR - Prime NW 23rd Location,88253867,1467059947580489724,Jordan,,Northwest District,45.5236996,-122.6971698,Entire home/apt,,1,14,2025-11-04,1.24,15,355,14,18-256850-000-00-CO
1314602440725501892,Hostel Manifest- Clean & Cozy Private Bedroom 1,28983127,1465427193228131097,Katie,,Pleasant Valley,45.463697021920666,-122.51774131233383,Private room,,2,3,2025-08-06,0.47,3,0,3,25ASTR-PER-00163
1314617822483906794,Pearl District Stay - AC & WiFi - 2BR - Sleeps 4,356211715,1469711626355778153,Cheyenne,,Northwest District,45.5312825,-122.6879467,Entire home/apt,,1,4,2025-08-20,0.39,5,348,4,22-103397-000-00-CO
1314722614252360414,Preserved 1907 Classic 2BR - 92 WalkScore,592522307,1470618376335762078,Kimberly,,Goose Hollow,45.5190369,-122.6941958,Entire home/apt,,1,16,2025-11-03,1.42,86,340,16,18-241563-000-00-CO
1314724445984442746,Hostel Manifest - Clean & Cozy Private Bedroom 2,28983127,1465427193228131097,Katie,,Pleasant Valley,45.46395,-122.51717,Private room,,2,6,2025-08-02,0.75,3,0,6,25ASTR-PER-00163
1315393117057465302,2BR/1BA • Remodeled Home • Heart of Hawthorne,61445011,1466756171418167232,Aimee Jane San Felipe,,Richmond,45.5112207,-122.6231699,Entire home/apt,,1,4,2025-03-22,0.39,7,340,4,21-116782-000-00-CO
1316094522318477606,Charming and Spacious,22527606,1463182007333706388,Tracey,,Cully,45.55579,-122.57896,Entire home/apt,,1,7,2025-10-13,1.34,1,364,7,24ASTR-PER-00088
1317121167917285453,The Meadowlark,501414071,1463848523559216414,Sorcha,,Powellhurst-Gilbert,45.48498,-122.53739,Entire home/apt,,30,0,,,25,257,0,
1318246884075295015,Hostel Manifest - Clean & Cozy Private Suite,28983127,1465427193228131097,Katie,,Pleasant Valley,45.46269,-122.51752,Private room,,30,1,2025-08-03,0.24,3,0,1,35744
1318577258545993561,4 bedroom stylish home near Pdx,75574560,1466928452936081333,Iryna,,Parkrose,45.553398905554324,-122.55333829973004,Entire home/apt,,30,0,,,2,359,0,
1319026922579907677,2+ Bdrm in Heart of NW Portland (1 month min),2867794,1462611070844450449,Thomas Winston,,Northwest District,45.526935323431346,-122.69657857075356,Entire home/apt,,30,0,,,1,358,0,02-120432-000-00-LU
1320404298380100144,Artists Way,6229408,1462701167003873940,Benjamin Taylor,,Overlook,45.56446,-122.68146,Private room,,5,0,,,1,0,0,24ASTR-PER-00552
1320841727737496207,Convenience meets Cozy!,15054981,1462953163301058062,Prema,,Centennial,45.50747,-122.50682,Entire home/apt,,30,0,,,1,265,0,
1321267280086064951,Spacious 2BR Home with Study,8760931,1462786326340850268,Michael,,Richmond,45.50356,-122.63074,Entire home/apt,,35,1,2025-05-31,0.16,2,108,1,
1321309937050925327,New Build • 4BR • Sleeps 10 • Great Location,25328937,1465340304349377920,Max,,King,45.5506334,-122.6607762,Entire home/apt,,1,30,2025-11-29,2.82,2,297,30,22-174473-000-00-CO
1321472690930606756,Modern Comfort in a 1920s Southwest Hills Home,2645623,1462603718820772342,Kimberly,,Southwest Hills,45.51172,-122.70166,Entire home/apt,,30,0,,,1,263,0,
1321897663706021714,Stanhope Cottage,669335971,1470678716946008349,Keith,,Southwest Hills,45.50651,-122.69344,Entire home/apt,,4,10,2025-08-30,1.25,1,243,10,17-131267-000-00-HO
1322084161526283997,Vintage Portland Home ~ Steps from Mississippi Ave,591246453,1470615232009335140,Jacob,,Overlook,45.55943,-122.68299,Entire home/apt,,1,74,2025-11-26,6.57,1,337,74,21-010582-000-00-RS
1322487419096832537,Baggins’ Burrow,77959164,1466955347143100538,Drew,,Sabin,45.55028,-122.65254,Entire home/apt,,3,17,2025-11-03,3.49,1,142,17,00327
1322512310565694504,Creekside Cottage + Cozy Studio,39378828,1465588328316366718,Jennifer,,Sellwood-Moreland Improvement League,45.46081,-122.64222,Entire home/apt,,2,10,2025-10-05,1.20,3,181,10,24-000925-000-00-HO
1322716931014838733,"Spacious 2BR, washer/dryer, near Airport",580176800,1470586008785390870,Korakoch,,Madison South,45.54778,-122.56897,Entire home/apt,,1,31,2025-11-22,2.85,1,0,31,24ASTR-APP-00556
1322764087077009188,Modest room in quiet neighborhood,33328252,1465487808811770335,Naomi,,Madison South,45.53777,-122.59213,Private room,,30,1,2025-11-08,1,1,362,1,
1323310046481563763,Prime Portland Location w/View!,5338847,1462540113390960660,Deb,,Rose City Park,45.5408,-122.60529,Entire home/apt,,30,3,2025-11-08,0.33,1,365,3,
1323327866180699744,Mt. Tabor Modern & Accessible Studio w/ Hot Tub,1731403,1462576946385002957,Catherine,,South Tabor,45.50303,-122.60031,Entire home/apt,,2,71,2025-11-21,6.34,2,258,71,24ASTR-APP-00226
1323350311790512396,Fit For A Travel Nurse,438802664,1469982289428483475,Leah-Faith,,St. Johns,45.58606,-122.73707,Private room,,30,0,,,1,358,0,
1323361885460722887,Chic Modern-Style Townhome,1631848,1462563602645514156,Brandon,,Overlook,45.55606,-122.6846,Entire home/apt,,30,3,2025-07-02,0.37,3,0,3,70304
1323369674476311836,Lulu's Haven,351326716,1469700565310433182,Albert,,University Park,45.58067,-122.73304,Entire home/apt,,35,2,2025-06-11,0.26,1,269,2,
1323436549248729212,Cali-Modern Inner SE Bungalow,158074447,1468540422411831312,Sarah,,Richmond,45.50923,-122.62535,Entire home/apt,,31,1,2025-05-02,0.14,14,95,1,
1324940634697762386,The Reefer,501414071,1463848523559216414,Sorcha,,Multnomah,45.46767,-122.70863,Entire home/apt,,30,0,,,25,333,0,
1325480503203162856,Gorgeous 2BR Fully Furnished Retreat,670300050,1470680488377634153,Rueben,,Boise,45.55451,-122.67695,Entire home/apt,,30,3,2025-11-01,0.57,2,317,3,
1325661191330281489,Custom Designed Hawthorne Stunner!,24428627,1462629264103266120,Mike,,Buckman,45.51373,-122.64316,Entire home/apt,,30,3,2025-09-01,0.38,1,337,3,
1326432113017731107,Charming 3BD Pet-Friendly Home Ideal for Long Stay,106334802,1467289569760501567,Ostap,,Mt. Tabor,45.51151,-122.58814,Entire home/apt,,30,0,,,1,87,0,
1326946216983457158,Northwest Alphabet District! Walk to it all!,45609473,1465677733652724988,Rebecca Malen,,Northwest District,45.5362774,-122.7016812,Entire home/apt,,2,10,2025-10-28,1.16,5,336,10,13-174735-000-00-co
1326953415540523673,The Jungalow,670131572,1470680173616329923,Matthew,,Hosford-Abernethy,45.50493,-122.64036,Entire home/apt,,30,0,,,1,365,0,
1327814846041592587,Artsy Loft With Hot Tub,422205664,1469916121320446182,Mico,,Piedmont,45.57746,-122.66527,Entire home/apt,,1,80,2025-11-25,7.50,1,224,80,24ASTR-PER-00465
1327885680177944717,"2 bed Portland Pad - AC, Wifi, Free Parking",34286584,1462664822377588911,Kristy,,Hazelwood,45.52686,-122.55425,Entire home/apt,,30,0,,,3,337,0,
1328443503020193888,The Westmoreland Sunroom Suite!,577541645,1470578342899003147,Ronald Albert,,Reed,45.48930858984425,-122.63670364144423,Entire home/apt,,2,19,2025-10-19,2.15,6,305,19,15-212842-000-00-CO
1328555584568110917,Quiet Kerns Studio Retreat,158074447,1468540422411831312,Sarah,,Kerns,45.5269,-122.63406,Entire home/apt,,31,1,2025-02-15,0.10,14,125,1,
1329076004295036892,"Private, cozy, quiet, safe, central 1br  near park",70033519,1466867109741805596,Judy,,Alameda,45.5444018,-122.6294018,Entire home/apt,,5,1,2025-06-08,0.17,1,242,1,23-092922-000-00-HO
1331408541157286796,"Wellness Oasis w/ Sauna, Hot Tub & Fireplace",68330351,1466844471128188443,Elijah,,Argay,45.5493452,-122.5185996,Entire home/apt,,2,31,2025-11-23,2.91,1,342,31,25ASTR-APP-00023
1331428927604071993,South Tabor Charmer,29929673,1465440999217098753,Krissy,,South Tabor,45.5021294590544,-122.59885199426472,Entire home/apt,,2,12,2025-11-01,1.76,1,245,12,25ASTR-PER-00105
1331485068224233055,Modern WFH Home • Private Yard + Heated Lounge,49779724,1465760352067727039,Michael,,Boise,45.55226,-122.67098,Entire home/apt,,1,21,2025-10-23,2.05,3,158,21,25ASTR-APP-00020
1332065846422350789,Bright and Airy Home,29822265,1465439643350212894,Nonnie,,Hillsdale,45.46780149495023,-122.69728150398069,Entire home/apt,,30,3,2025-10-18,0.40,1,285,3,
1332143512492080762,Charming Craftsman Studio,1972773,1462521441546216770,Cynthia,,King,45.55314,-122.65904,Entire home/apt,,31,0,,,1,179,0,
1333093439691428265,Serene John's Landing Condo,182241722,1468758490476019495,Richard,,South Portland,45.47292794033896,-122.67323729204595,Entire home/apt,,30,2,2025-10-31,0.23,1,183,2,
1333576394411361958,Cozy Modern Craftsman in North Portland,121688409,1462921224513368239,Evolve,,Piedmont,45.5766368,-122.6688076,Entire home/apt,,2,0,,,27,337,0,24ASTR-PER-00454
1334120003162957901,"Baby Cedar | Steps to Food Carts, Bars, Grocery",3508484,1462530315278775656,Joshua,,St. Johns,45.5919244901192,-122.74721111759426,Entire home/apt,,31,19,2025-09-01,1.96,6,89,19,21-072758-000-00-HO
1334238358586811838,Southern Exposure in the Pearl,158074447,1468540422411831312,Sarah,,Pearl,45.529810199262386,-122.68215260222149,Entire home/apt,,31,2,2025-11-25,0.63,14,92,2,
1334816239945341918,Gallery Suite | Vibrant Locale + Artistic Touches,570762701,1470535833988745592,Emmanuel,,Portland Downtown,45.52171427012539,-122.67927319292059,Private room,,1,0,,,9,310,0,16256
1335090176821123570,North Studio: Smart TV | A/C | Airport 20 mins,215058058,1469126878214460992,Joshua,,Brooklyn Action Corps,45.49912,-122.6529,Entire home/apt,,2,24,2025-11-23,2.48,15,364,24,19-217738-000-00-HO
1335750990905573503,Charmer,553198724,1470471826470602330,Igor,,Overlook,45.5565059,-122.6841337,Entire home/apt,,30,2,2025-04-27,0.23,3,349,2,
1336627603319021177,Cozy two bedroom ne Portland,553198724,1470471826470602330,Igor,,Cully,45.55805,-122.61579,Entire home/apt,,30,1,2025-11-15,1,3,341,1,
1336697785473128271,4 Bed 2 Bath Home for Long Stays in SE Portland,11194078,1462859210997473153,Jessica Rose,,Powellhurst-Gilbert,45.50229919278137,-122.56283392419772,Entire home/apt,,30,0,,,3,252,0,
1337236248686279622,"The Kevin I South Waterfront I Portland, OR",47581293,1462707108527868932,Kevin,,Portland Downtown,45.50864128558434,-122.67472768826144,Entire home/apt,,30,0,,,12,33,0,
1338762939914326769,Alberta House,553198724,1470471826470602330,Igor,,Cully,45.5580833,-122.6159022,Entire home/apt,,30,2,2025-11-15,0.28,3,230,2,
1339333014069645029,Sunny  1BR MT Tabor Home- HoodView-MontavillaWalk!,27071792,1465399372985295064,Lorn,,Mt. Tabor,45.513009644397215,-122.58771267235427,Entire home/apt,,1,48,2025-11-16,4.57,3,73,48,17-126261-000-00-HO
1340072409683304227,Inner-City Garden Oasis in PDX w/ Hot Tub,25319318,1465340187786038548,Michelle,,Brentwood-Darlington,45.471565754173966,-122.58645997030878,Entire home/apt,,30,0,,,1,267,0,
1340116776448469158,Fun & Cozy Mt. Tabor House - Centrally Located,9975263,1462828502116833562,Hollie,,South Tabor,45.50127,-122.59912,Entire home/apt,,1,52,2025-11-29,5.95,1,65,52,24-014029-000-00-HO
1340612886009795405,Centrally Located Portland Home: Pets Welcome!,121688409,1462921224513368239,Evolve,,North Tabor,45.5280992,-122.6155052,Entire home/apt,,30,1,2025-05-03,0.14,27,360,1,
1341919326588051282,Cozy Carriage House Just Off Hawthorne,1670804,1462564627378777887,Cynthia Rose,,Buckman,45.51312588633412,-122.64420434832573,Entire home/apt,,30,24,2025-10-05,3.58,1,306,24,25ASTR-APP-00322
1342128447936763375,SE Division Home w/ Fireplace!,595813530,1470626267155740195,Alexander James Rae,,Richmond,45.506559,-122.6292871,Entire home/apt,,30,1,2025-08-31,0.31,2,365,1,
1342382998636626411,NE PDX Blue Bungalow,7205630,1462726017083863881,Lynzy,,Concordia,45.56449,-122.63203,Entire home/apt,,30,3,2025-06-25,0.35,1,238,3,
1343125623698410766,Belmont Lounge,366605813,1469738868222881809,Zach,,Sunnyside,45.515691743649306,-122.62225042329605,Entire home/apt,,1,65,2025-11-30,8.06,1,278,65,25ASTR-APP-00089
1343713794672942560,World Travel without leaving PDX,675581167,1470691128049814930,Marie,,Woodstock,45.48562,-122.6152,Entire home/apt,,30,0,,,4,335,0,
1344251380889319345,Cozy two-bed basement apartment in NE Portland,67826486,1487904878781405463,Dani,,Irvington,45.5361976,-122.6552579,Entire home/apt,,2,18,2025-11-29,1.91,1,350,18,23-007895-000-00-HO
1345160270587218845,Adventures in PDX,675581167,1470691128049814930,Marie,,Woodstock,45.4849373,-122.6141474,Entire home/apt,,30,1,2025-06-07,0.17,4,346,1,
1346627820876124691,Container Cottage in the City,367109006,1469740197282417701,Jordan,,Richmond,45.4994,-122.62134,Entire home/apt,,1,49,2025-11-23,4.88,2,355,49,24-012515-000-00-HO
1347242705661657653,Room in Eastmoreland(long term),478445506,1470155558300975204,Jin,,Eastmoreland,45.475060102106724,-122.63390366861512,Private room,,31,0,,,1,364,0,
1347319536162785677,Hawthorne Sweet Secret Cottage,28000582,1465413616073334870,Gail,,Sunnyside,45.51345,-122.62983,Entire home/apt,,31,0,,,2,335,0,
1347340794063734039,Refuge Del Mar. Backyard Oasis with SAUNA!,382754182,1469784132556680185,Robert,,Woodlawn,45.5754,-122.65607,Entire home/apt,,1,22,2025-11-28,2.55,1,346,22,22-104991-000-00-HO
1348581548784208583,Charming dog friendly studio,188772300,1468978313422469088,Katherine,,St. Johns,45.59455144778397,-122.74481583892941,Entire home/apt,,1,19,2025-11-23,2.49,1,255,19,25ASTR-APP-00040
1348882512117496007,*Modern PDX Home* Colorful & Spacious w/ Backyard!,676878974,1470693860154446835,Christopher,,Brentwood-Darlington,45.470300216726656,-122.59292107804461,Entire home/apt,,30,26,2025-11-28,3.33,1,83,26,25ASTR-PER-00117
1349508010776674831,Private Walkable Cottage Close to Downtown,653700983,1463902495280265978,Adriana Lyn,,South Portland,45.4841964864,-122.67622068599611,Entire home/apt,,3,6,2025-11-27,0.78,2,179,6,21-027941-000-00-HO
1350093996479542330,"The Garfield, in NE Portland",221598429,1469171422685827716,Steven,,King,45.56482799479935,-122.66157917791139,Entire home/apt,,30,0,,,1,0,0,
1350196736725099103,"KING Basement Suite near PDX Airport, Fire Pit",192117374,1468998767182525299,Clarissa,,Piedmont,45.578321278501654,-122.66643644805822,Entire home/apt,,1,36,2025-10-25,3.61,4,211,36,25ASTR-PER-00052
1350835497459727240,The Painted Lady OHSU,677373284,1470694974628171768,Lucie,,South Portland,45.50497,-122.67518,Entire home/apt,,30,0,,,1,278,0,
1350935873584851494,Steps to Powell’s & Art Museum | Pet-friendly. Gym,677317792,1470694737218715751,Luigi Boy Pabua,,Portland Downtown,45.5173,-122.68103,Private room,,1,146,2025-11-29,18.25,4,358,146,52014
1350935940915912166,Downtown Views | Pet-friendly & In-Room Dining,677317792,1470694737218715751,Luigi Boy Pabua,,Portland Downtown,45.51729,-122.68099,Private room,,1,6,2025-11-08,0.82,4,362,6,52014
1350936068471948868,Stay Near Pioneer Square | Pet-friendly & Gym,677317792,1470694737218715751,Luigi Boy Pabua,,Portland Downtown,45.51731,-122.68093,Private room,,1,4,2025-08-10,0.52,4,349,4,52014
1350937575291126482,Walk to Schnitzer & Powell’s | Bike & Pet-friendly,677317792,1470694737218715751,Luigi Boy Pabua,,Portland Downtown,45.51726,-122.68104,Private room,,1,30,2025-11-09,3.83,4,363,30,52014
1350965129912658086,"Charming Updated Inner Southeast Portland Home,",62261998,1462750061747177206,ITrip Vacations,,Sunnyside,45.51528179988001,-122.6167680425314,Entire home/apt,,2,9,2025-10-21,0.97,19,345,9,17-177741-000-00-HO
1351601353530137069,Mississippi Ave Compound | 7BR • Sleeps 14,36435346,1465541268264295250,David,,Boise,45.5531009,-122.6758088,Entire home/apt,,1,2,2025-09-01,0.42,9,187,2,20-177674-000-00-CO
1351756227426339804,Chill Modern Private Guesthouse,22286925,1463176102545702592,Lucy,,Beaumont-Wilshire,45.55405389288034,-122.61685809001314,Entire home/apt,,30,0,,,1,263,0,
1352474806416251783,The Little Purple House & Sauna - Walk to Mt Tabor,677769516,1470695818931532226,Andrew James,,Mt. Tabor,45.519108041804635,-122.5883907135515,Entire home/apt,,2,31,2025-11-12,3.71,1,56,31,25ASTR-PER-00053
1353066375428828433,2-Bed Mid Century OHSU Triplex Main Level Unit,96983990,1467168262126481148,Kendra,,Homestead,45.497468635221196,-122.69057838612657,Entire home/apt,,30,1,2025-06-01,0.16,1,364,1,
1353143754711866322,1911 farmhouse near Reed College and Trader Joe's,8793178,1462787139705784135,Zachary,,Reed,45.48912,-122.6246,Entire home/apt,,10,2,2025-03-25,0.23,1,312,2,24ASTR-PER-00463
1353297124485088740,Mary Jane,501414071,1463848523559216414,Sorcha,,Multnomah,45.46734919713713,-122.70675292645362,Entire home/apt,,30,0,,,25,263,0,
1353342113299299316,Quirky & Historic Belmont Gem: Walk to Everywhere!,217683281,1469144585299176228,Eric,,Sunnyside,45.516279735534,-122.6266706343933,Entire home/apt,,2,71,2025-11-25,7.40,1,146,71,24ASTR-PER-00539
1353694054284037996,5 Mi to Downtown Portland: Quiet Apartment,121688409,1462921224513368239,Evolve,,Sellwood-Moreland Improvement League,45.460559578566425,-122.64640388282332,Entire home/apt,,30,0,,,27,281,0,
1353694492126720623,Walkable Portland Stay in St Johns District,121688409,1462921224513368239,Evolve,,St. Johns,45.5944195,-122.7332909,Entire home/apt,,30,0,,,27,202,0,
1353856567998161813,Sylish Home in amazing food scene,513823162,1470311059678324555,Christina,,Richmond,45.504969,-122.634212,Entire home/apt,,1,42,2025-11-30,4.63,1,114,42,24ASTR-PER-00540
1353862881624036794,Multnomah Village Home PDX,262085340,1469385703908967461,Michael,,Multnomah,45.46785,-122.71627,Entire home/apt,,30,0,,,1,279,0,
1354740019603177636,2BR/1BA • Hot Tub • Big Yard • Near Moda Center,177257126,1468716186632578141,James,,King,45.5555362,-122.662192,Entire home/apt,,1,10,2025-11-23,1.28,9,356,10,19-148301-000-00-RS
1356115369955926944,2 bd townhome near Nike/Intel with 5 star ratings,10448043,1462840932999475522,Anne And Dan,,Bridlemile,45.4873719,-122.7279064,Entire home/apt,,31,2,2025-11-02,0.53,3,346,2,
1356561042830475981,Casa Mariposa!,14636342,1462943321938299173,Sara,,Brooklyn Action Corps,45.4981178,-122.6566239,Entire home/apt,,2,33,2025-11-24,3.93,2,174,33,24ASTR-APP-00326
1356608169701433068,Pet friendly 2 bd townhome with 5 star ratings,10448043,1462840932999475522,Anne And Dan,,Bridlemile,45.487702052604135,-122.72678372762026,Entire home/apt,,31,0,,,3,364,0,
1356625476689585863,New Renovated 2 bd townhouse with 5 star ratings,10448043,1462840932999475522,Anne And Dan,,Bridlemile,45.48815,-122.72856,Entire home/apt,,31,0,,,3,349,0,
1356759239614187685,Verdant Retreat on Bartholomew w/ Office G#42048,504252105,1467939816103299783,Guesty,,Northwest Heights,45.53992,-122.77921,Entire home/apt,,30,0,,,6,335,0,
1358450215069425243,"Black room-KING bed, Coffee&Tea, Firepit patio",192117374,1468998767182525299,Clarissa,,Piedmont,45.576250628803336,-122.66856553925909,Private room,,1,3,2025-03-20,0.33,4,0,3,25ASTR-PER-00052
1358841451380442831,5 Mi to Oregon Zoo: Spacious Retreat w/ Patio,121688409,1462921224513368239,Evolve,,Eliot,45.542459,-122.6657879,Entire home/apt,,31,0,,,27,338,0,
1360192615301838780,Stay & Unwind PDX,2355630,1462592865991780812,Mara,,Woodlawn,45.5701621,-122.6587467,Entire home/apt,,2,24,2025-11-26,3.35,1,254,24,25ASTR-PER-00003
1360417024782376020,Parkside PDX Cottage,61699098,1462748604957322542,Shelby,,Kenton,45.579233266380065,-122.68944423598853,Entire home/apt,,30,0,,,8,262,0,
1360651466880630055,Stumptown Station / King Bed,61699098,1462748604957322542,Shelby,,Kenton,45.5812,-122.68763,Entire home/apt,,30,0,,,8,247,0,
1361723386510167978,Holgate Hideaway,46243985,1465692385680719565,Brook,,Powellhurst-Gilbert,45.48872,-122.53478,Entire home/apt,,2,8,2025-11-26,4.21,1,242,8,25ASTR-PER-00299
1361811687583041606,Cozy City Bungalow,54933200,1465900339366762623,Carlee,,Boise,45.55187272483519,-122.66748682825246,Entire home/apt,,30,0,,,1,353,0,
1362622996140955596,Best Area + Beautiful Yard + AC + Oregon Design,37422309,1462675210656722042,Peter,,Sabin,45.55072,-122.65484,Entire home/apt,,2,25,2025-11-18,2.77,9,322,25,24-098768-000-00-LU
1362673420390629094,Sunlit B&B | Luxe & Natural,303871628,1469556831591550620,Sophie,,Brentwood-Darlington,45.47498,-122.59823,Private room,,30,10,2025-03-31,1.07,1,0,10,81213
1363203014195531642,Enchanting Spacious Cottage,4139648,1462648463731020143,Marcia Lynn,,Woodstock,45.48140075354754,-122.61428075648438,Entire home/apt,,2,6,2025-10-06,0.72,4,342,6,20-101176-000-00-HO
1363859363736195864,Cozy Brooklyn Home,215058058,1469126878214460992,Joshua,,Brooklyn Action Corps,45.49734,-122.64959,Entire home/apt,,2,25,2025-11-23,2.93,15,354,25,22-109717-000-00-HO
1363892102965823486,Classic PDX Experience | Hot Tub,215058058,1469126878214460992,Joshua,,Boise,45.5504,-122.67688,Entire home/apt,,2,26,2025-11-24,2.82,15,339,26,20-126674-000-00-HO
1363923961105954191,Cute condo on Portland's island,58617413,1466702337047403967,Lidice,,Hayden Island,45.6094656230103,-122.67552159203993,Entire home/apt,,30,0,,,1,83,0,
1363977212009557456,Hillside with Stunning Views & Easy City Access,221421926,1469170152876833747,Descansa Property,,Homestead,45.49335,-122.67884,Entire home/apt,,30,0,,,19,189,0,
1365315999954407102,Division Loft w/ Hot Tub!,595813530,1470626267155740195,Alexander James Rae,,Richmond,45.5065739,-122.6294117,Entire home/apt,,30,3,2025-11-21,1.18,2,357,3,25ASTR-APP-00072
1365344982956528687,Cozy 1-Bedroom Reed Retreat!,577541645,1470578342899003147,Ronald Albert,,Reed,45.48862143059326,-122.63719443067038,Entire home/apt,,2,3,2025-05-12,0.33,6,336,3,15-212842-000-00-CO
1365647824906594907,Hillsdale Room,25176071,1465337462474186495,Anne Marie,,Hillsdale,45.47881,-122.70125,Private room,,1,17,2025-11-09,1.86,1,80,17,23-113508-000-00-HO
1366046564753259826,BEST Portland Location,10463034,1462841336854552053,Alisha,,Richmond,45.51109807314371,-122.63509976551165,Entire home/apt,,2,28,2025-11-15,3.03,1,170,28,24ASTR-APP-00473
1366223735138969868,Luxury townhouse in walkable NW,25165442,1465337302780081419,Po,,Northwest District,45.5363213,-122.7039916,Entire home/apt,,30,0,,,1,358,0,
1366737953211130449,Amusing APT in NW Portland,674239877,1470688399485248471,Ibrahim,,Northwest District,45.53225620000001,-122.6907409,Entire home/apt,,2,32,2025-11-16,3.50,1,340,32,24-019499-000-00-HO
1366749783156142296,"Cozy in Concordia - Modern comforts, longer stays",54975224,1465901229451006034,Jordan Michael,,Concordia,45.56846110826097,-122.62929064114996,Entire home/apt,,30,0,,,1,242,0,
1366874038775939166,4BR - Alberta Arts Townhome - Shop - Dine - Chill,112798186,1467361284718872792,Delanie,,Concordia,45.5594309,-122.6385408,Entire home/apt,,1,6,2025-10-11,0.84,33,338,6,21-026388-000-00-RS
1366893976395704348,Alberta Arts - 3BR - Local Eats & Modern Design,112798186,1467361284718872792,Delanie,,Concordia,45.5594309,-122.6385408,Entire home/apt,,1,18,2025-10-16,2.15,33,338,18,21-026388-000-00-RS
1366902373000464221,Alberta Arts Studio | Walk to Cafés & Culture,112798186,1467361284718872792,Delanie,,Concordia,45.5594309,-122.6385408,Entire home/apt,,1,30,2025-11-17,3.37,33,345,30,21-026388-000-00-RS
1366919842187347858,Alberta Arts Gem - 4BR Townhome - Walkable - AC,112798186,1467361284718872792,Delanie,,Concordia,45.5594281,-122.6386307,Entire home/apt,,1,3,2025-07-14,0.47,33,359,3,21-026388-000-00-RS
1366927396111402650,Alberta Arts Escape - Modern 3BR Townhome,112798186,1467361284718872792,Delanie,,Concordia,45.5594281,-122.6386307,Entire home/apt,,1,21,2025-10-27,2.39,33,358,21,21-026388-000-00-RS
1366932973533507958,Alberta Arts District Hideaway - Stylish Studio,112798186,1467361284718872792,Delanie,,Concordia,45.5594281,-122.6386307,Entire home/apt,,1,22,2025-11-02,2.62,33,364,22,21-026388-000-00-RS
1367005383528420396,Irving Park Place | Close to Moda Center,61699098,1462748604957322542,Shelby,,Eliot,45.54381,-122.65938,Entire home/apt,,1,16,2025-11-29,2.31,8,156,16,25ASTR-PER-00079
1368963615780194958,Vintage Studio in heart of Pdx!,199519533,1469040014589529331,Terry,,Northwest District,45.52375,-122.68787,Entire home/apt,,30,0,,,1,0,0,
1368981529488846560,Hayhurst Haven in SW Portland,25721566,1465349314561504823,Devin,,Hayhurst,45.4819064,-122.7223212,Entire home/apt,,2,47,2025-11-30,5.80,1,336,47,24-047858-000-00-RS
1369222843326288921,Richmond nook,13323465,1462908640529484704,Kathleen,,Richmond,45.506893024359115,-122.62141293544417,Entire home/apt,,30,2,2025-09-21,0.63,1,356,2,
1369793067600834827,"NW NEW Luxury 1BR w/CoWork Space, Gym, and Rooftop",5757556,1462542194736802757,Linzy,,Northwest District,45.53557,-122.69156,Entire home/apt,,2,14,2025-11-29,1.69,1,25,14,25ASTR-PER-00077
1370572567815353626,"Sellwood 2bd/1ba Cottage-walkable, pet friendly",36544623,1465544356200910824,Ashley,,Sellwood-Moreland Improvement League,45.46302,-122.65682,Entire home/apt,,30,3,2025-08-09,0.45,7,67,3,
1370641335329534525,"Downtown 1-Bed, 1-Bath w/ Balcony & Amenities",390862287,1469808930601551513,Ana,,Portland Downtown,45.52154720938788,-122.68518127453078,Entire home/apt,,1,26,2025-09-01,3.29,1,0,26,25ASTR-APP-00102
1371285801233795611,Cozy N. Portland Nook *Walk to U of P*,1494212,1462547340355210900,Deirdre,,University Park,45.57889,-122.72484,Entire home/apt,,2,32,2025-10-30,3.78,1,60,32,25ASTR-APP-00085
1371321083217351171,Rog's Fave: Sleek & Cozy #42234,530763384,1470354069750030070,Roger,,Northwest Heights,45.5359110898767,-122.76725987436248,Entire home/apt,,30,0,,,1,243,0,
1371414637816197429,"10 min from PDX airport, Coffee&Tea, Fire Pit",192117374,1468998767182525299,Clarissa,,Piedmont,45.57635766778606,-122.66661804082636,Private room,,1,1,2025-03-22,0.12,4,0,1,25ASTR-PER-00052
1371785159336029168,Alberta Arts Escape | 4BR + WalkScore 91,112798186,1467361284718872792,Delanie,,Concordia,45.5594267,-122.6386924,Entire home/apt,,1,9,2025-09-21,1.12,33,362,9,21-026388-000-00-RS
1371793191380972288,"3BR Townhome | Alberta Art, Eats, & Style",112798186,1467361284718872792,Delanie,,Concordia,45.5594267,-122.6386924,Entire home/apt,,1,20,2025-11-09,2.27,33,363,20,21-026388-000-00-RS
1371796038476729917,Alberta Arts District Studio Suite,112798186,1467361284718872792,Delanie,,Concordia,45.5594267,-122.6386924,Entire home/apt,,1,19,2025-11-08,2.22,33,363,19,21-026388-000-00-RS
1371802029779434683,Designer Townhome in Alberta Arts + In-Law Suite,112798186,1467361284718872792,Delanie,,Concordia,45.5594148,-122.6387423,Entire home/apt,,1,25,2025-10-27,3.09,33,349,25,21-026388-000-00-RS
1371805974848886218,3BR Alberta Home • Vaulted Ceilings • Walkable,112798186,1467361284718872792,Delanie,,Concordia,45.5594148,-122.6387423,Entire home/apt,,1,13,2025-11-24,1.52,33,351,13,21-026388-000-00-RS
1371809790011762014,Alberta Arts-tastic Mother-In-Law Suite,112798186,1467361284718872792,Delanie,,Concordia,45.5594148,-122.6387423,Entire home/apt,,1,21,2025-11-22,2.40,33,357,21,21-026388-000-00-RS
1372005780805527955,Stunning Macadam Floating Home on the Wilamette!,258097276,1469363620668224929,Dustin,,South Portland,45.4678491,-122.6684514,Entire home/apt,,30,1,2025-06-15,0.17,2,306,1,
1374072274973665215,Amazing Overlook Bungalow,44386238,1465659429430304287,Gerald Scott,,Overlook,45.550269916182884,-122.68361303955317,Entire home/apt,,60,0,,,1,173,0,
1374138641735111821,Just right.,79759220,1466973746046530661,Daniel,,Cathedral Park,45.584749855657314,-122.75186200935718,Entire home/apt,,31,1,2025-07-25,0.23,2,269,1,
1374360532420069590,Backyard Hillsdale Studio Retreat,12447019,1462887939160488910,Taner,,Hillsdale,45.4805329,-122.6956634,Entire home/apt,,2,38,2025-11-28,4.45,1,156,38,18-205748-000-00-HO
1376920908849903700,Sweet Suite - Private Studio,270612196,1469429304836985248,Ghazal,,South Tabor,45.49888287552621,-122.59816182940008,Entire home/apt,,3,21,2025-10-27,2.46,2,212,21,24-013313-000-00-HO
1377655602518665299,Private New ADU in Cully,128280293,1468288248247713517,Aaron,,Cully,45.556577612775214,-122.57932238280773,Entire home/apt,,30,0,,,1,363,0,
1379178804704788705,Private Unit near Alberta w/ EV Charger,1434990,1462545736766157377,Naomi,,Overlook,45.56100552493103,-122.68446572639934,Entire home/apt,,1,22,2025-11-30,2.95,2,137,22,17-121977-000-00-HO
1379908675113767176,"Modern house, home theater",583148783,1470594564648517713,Jose Francisco,,Glenfair,45.523238279945346,-122.5047175478012,Entire home/apt,,1,13,2025-11-29,1.60,1,357,13,25ASTR-APP-00097
1380109096520088468,the Alberta greenhouse,201199628,1469050001329798019,Sydney,,Concordia,45.56142,-122.63974,Entire home/apt,,30,0,,,1,180,0,
1380397152305420675,Luxurious Scandinavian Modern Home (30+ Day Stays),155932732,1468522213402777466,Max,,South Tabor,45.49938,-122.59464,Entire home/apt,,30,0,,,1,215,0,
1380514744038141587,20-foot hobby farm camper near nature,657231,1462525198362077205,Laura,,Pleasant Valley,45.47237,-122.53509,Entire home/apt,,30,1,2025-07-07,0.20,2,62,1,
1381252611245703000,WFH Friendly: Walkable Portland Townhome,121688409,1462921224513368239,Evolve,,St. Johns,45.594329196538055,-122.73322994787058,Entire home/apt,,30,0,,,27,363,0,
1381310620064638503,Modern Loft Hideaway in SE Portland,3484742,1462630646256917788,Kathryn,,Creston-Kenilworth,45.490578563469164,-122.63610786455602,Entire home/apt,,2,27,2025-11-04,3.33,1,139,27,25ASTR-PER-00107
1383529778742946223,4BR Portland Stay | Walkable • Unique • Fun,112798186,1467361284718872792,Delanie,,Overlook,45.55560500000001,-122.6795744,Entire home/apt,,1,28,2025-11-23,3.37,33,352,28,24-108133-000-00-RS
1384189997904089567,"King Bed, Patio, Laundry, 95 Walk Score",37422309,1462675210656722042,Peter,,Boise,45.55039,-122.66486,Entire home/apt,,31,4,2025-11-24,0.69,9,86,4,39472
1384395325802827682,Bird of Paradise,501414071,1463848523559216414,Sorcha,,Creston-Kenilworth,45.4927003,-122.6087831,Entire home/apt,,30,0,,,25,227,0,
1385052261808180709,Townhouse Unit Close In Town,8680367,1462773603258153746,Michael,,Buckman,45.51575037022132,-122.65187273549759,Entire home/apt,,30,0,,,9,365,0,
1385814511201997394,Historic 2 Bed Home In North Mt. Tabor Near Park,598450021,1470632400547155465,Frederick Robert,,North Tabor,45.52531,-122.59358,Entire home/apt,,31,1,2025-08-08,0.25,3,265,1,
1386381396457041909,Heart of NW Portland on 25th Ave,686685773,1470713986009295432,Murad,,Northwest District,45.5360765,-122.7025766,Entire home/apt,,30,1,2025-05-31,0.16,1,365,1,
1386565053861039462,Long term stays over 31 days!,68306541,1466844231132835084,Melissa,,Russell,45.53388,-122.53155,Private room,,31,0,,,3,262,0,
1387037247020326769,Portland Affordable Getaway Jesus Themed,68481960,1462787690928741826,Brett,,Woodstock,45.490091,-122.6213862,Entire home/apt,,30,0,,,3,361,0,
1387054925726838264,Portland Family Getaway MAGA Themed,68481960,1462787690928741826,Brett,,Woodstock,45.490091,-122.6213862,Entire home/apt,,30,1,2025-06-12,0.17,3,65,1,
1391241312863296044,Blue Door Micro-Loft in Hip and Arty Location,112452733,1467357733741704046,Samantha,,Boise,45.54951203495953,-122.67289251929876,Entire home/apt,,2,6,2025-11-29,0.90,7,362,6,23-057168-000-00-HO
1391429236599327267,"Spacious House - Free Parking, AC, Office!",687984731,1470716742337127191,Pema,,Pleasant Valley,45.46421,-122.52643,Entire home/apt,,2,10,2025-11-05,2.40,2,181,10,25ASTR-PER-00201
1392878755528413608,PDX Charm: Cozy Retreat in NE!,652450228,1470640837282835826,Alexander Morgan,,North Tabor,45.52649,-122.60082,Entire home/apt,,30,1,2025-07-11,0.20,6,364,1,
1393664985820152462,cozy PDX townhouse in co-housing,15575743,1462965664977074785,Michael,,Cully,45.55545910641978,-122.61481109626021,Entire home/apt,,30,0,,,1,61,0,
1394180494684592621,Micro-Loft Surrounded by Gardens in Hip Location,112452733,1467357733741704046,Samantha,,Boise,45.54793400438987,-122.6741317688975,Entire home/apt,,2,19,2025-11-28,2.66,7,365,19,23-057168-000-00-HO
1394531266793098078,Slabtown Stunner,415317125,1469889435063398485,Megan,,Northwest District,45.530375732475186,-122.69053006779102,Entire home/apt,,1,40,2025-12-02,5.06,9,23,40,24ASTR-PER-00202
1394538085769236017,Camellia Cottage,47702745,1465720310068199615,Terri,,North Tabor,45.52316,-122.61123,Entire home/apt,,30,1,2025-07-23,0.22,2,74,1,
1394940315298673947,Cozy Laurelhurst Retreat,9623536,1462570413793093622,Mary,,Kerns,45.5254447,-122.6341114,Entire home/apt,,2,28,2025-11-15,3.73,2,233,28,25ASTR-PER-00109
1394997995332128546,"Cozy, Historic, Portland home.",35482861,1465524262169252416,Hunter,,Irvington,45.53870279928788,-122.65805224165037,Entire home/apt,,31,1,2025-07-22,0.22,2,328,1,
1395128072659633460,The NW Haven,14796564,1462947100071896477,Chad,,Brentwood-Darlington,45.47525,-122.6124,Entire home/apt,,30,0,,,3,311,0,
1395202881514187109,Old Portland Charmer,16749802,1462994173129735048,Damaris,,Northwest District,45.52655,-122.68895,Entire home/apt,,2,36,2025-11-29,4.60,1,203,36,25-000522-000-00-LU
1397146612351871451,The Tabor Nest,61699098,1462748604957322542,Shelby,,Montavilla,45.52618536890428,-122.59129287397006,Entire home/apt,,30,5,2025-11-04,0.80,8,335,5,
1397227519410076132,Near Portland Art Museum + Café & Fitness Center,689327077,1470719700693063999,Bernadette,,Portland Downtown,45.51454,-122.682606,Private room,,1,123,2025-11-30,17.00,3,159,123,52014
1397227605149777021,Close to PSU Campus + Café & Fitness Center,689327077,1470719700693063999,Bernadette,,Portland Downtown,45.51454,-122.682606,Private room,,1,38,2025-12-03,6.10,3,148,38,52101
1397227946172698376,Steps to PSU Campus + Café & Fitness Center,689327077,1470719700693063999,Bernadette,,Portland Downtown,45.515109494116565,-122.68146855610476,Private room,,1,0,,,3,156,0,52141
1397854959347137557,Family Friendly Home in Alberta,49028536,1465745721134386890,Alice And Rachel,,Vernon,45.56080997104987,-122.65031742364367,Entire home/apt,,2,4,2025-10-12,0.72,1,59,4,25ASTR-APP-00207
1398587944286945006,"North Tabor Neighborhood, Across from Providence",370069479,1469748184824467165,Erin,,North Tabor,45.52635576424778,-122.61067221534422,Entire home/apt,,30,2,2025-06-26,0.35,2,32,2,
1399407592639160566,Old Town Pearl one bedroom condo w/parking,971012,1462515433564292309,Cynthia,,Old Town/Chinatown,45.5263390569088,-122.67569901037005,Entire home/apt,,30,1,2025-07-04,0.19,2,364,1,
1399929277915625585,City Retreat: Heathman King at Heathman Hotel,501999278,1468058277289999419,RoomPicks,,Portland Downtown,45.516350831367774,-122.67997070918322,Hotel room,,1,0,,,27,323,0,90821
1399955287925172819,"Modern City Retreat, Quiet Room w/ Rose City View",501999278,1468058277289999419,RoomPicks,,Portland Downtown,45.5172228,-122.6810692,Hotel room,,1,0,,,27,351,0,90821
1399955290265941376,Iconic Portland Stay: Suite w/ City Views Near Zoo,501999278,1468058277289999419,RoomPicks,,Portland Downtown,45.51819113030617,-122.68180708885313,Hotel room,,1,0,,,27,323,0,90821
1399959328180719739,Experience Rose City: Comfy Beds & On-Site Library,501999278,1468058277289999419,RoomPicks,,Portland Downtown,45.51677234754195,-122.68189652456421,Hotel room,,1,0,,,27,319,0,90821
1399959337856566583,"Luxe One Bedroom Suite, Heathman Hotel @ Rose City",501999278,1468058277289999419,RoomPicks,,Portland Downtown,45.516657791926434,-122.6799228944857,Hotel room,,1,0,,,27,319,0,90821
1399959345089485613,"Vibrant City Hub, 2 Pet-Friendly Units, Near Zoo",501999278,1468058277289999419,RoomPicks,,Portland Downtown,45.51811,-122.68224,Hotel room,,1,0,,,27,318,0,90821
1399959346520335754,"Iconic Heathman Hotel, Near Zoo, 2 One Bedroom",501999278,1468058277289999419,RoomPicks,,Portland Downtown,45.51803,-122.68159,Hotel room,,1,0,,,27,318,0,90821
1399959349170478475,Urban Oasis With Easy Access To Downtown | 3 Units,501999278,1468058277289999419,RoomPicks,,Portland Downtown,45.51798,-122.68163,Hotel room,,1,0,,,27,318,0,90821
1399959355767411807,3 Spacious One Bedroom Suites at Heathman Hotel,501999278,1468058277289999419,RoomPicks,,Portland Downtown,45.51821,-122.68197,Hotel room,,1,0,,,27,318,0,90821
1399960574680769209,"Stylish Unit, Fitness Center & Pet-Friendly",501999278,1468058277289999419,RoomPicks,,Portland Downtown,45.51663735903277,-122.68175201417577,Hotel room,,1,0,,,27,321,0,90821
1399960590277771529,"Heathman Hotel, King Guestroom, Stunning Views",501999278,1468058277289999419,RoomPicks,,Portland Downtown,45.516774339618124,-122.68205177329799,Hotel room,,1,0,,,27,321,0,90821
1399962710303146218,Historic Charm Meets Modern Luxury in Downtown,501999278,1468058277289999419,RoomPicks,,Portland Downtown,45.51815384200127,-122.68067820835795,Hotel room,,1,0,,,27,323,0,90821
1399962710790014264,"Artistic Haven: Queen Guestroom, Heathman Hotel",501999278,1468058277289999419,RoomPicks,,Portland Downtown,45.51763396472744,-122.68187861033513,Hotel room,,1,0,,,27,323,0,90821
1399967704792355931,Heathman Hotel Studio Suite with Gym Access,501999278,1468058277289999419,RoomPicks,,Portland Downtown,45.51722,-122.68107,Hotel room,,1,0,,,27,355,0,90821
1399967709389320387,"Pet-Friendly Units, Steps from Zoo, Garden & PSU",501999278,1468058277289999419,RoomPicks,,Portland Downtown,45.5172228,-122.6810692,Hotel room,,1,0,,,27,355,0,90821
1399967717481183725,2 Prime Downtown Location Unit-Steps Away From PSU,501999278,1468058277289999419,RoomPicks,,Portland Downtown,45.51683,-122.68191,Hotel room,,1,1,2025-08-17,0.26,27,355,1,90821
1399967733145389948,"Welcoming Atmosphere, 2 Studio Suite @ Heathman",501999278,1468058277289999419,RoomPicks,,Portland Downtown,45.51768,-122.68215,Hotel room,,1,0,,,27,355,0,90821
1399970652665999567,Deluxe Double Guestroom at Heathman Hotel Near Zoo,501999278,1468058277289999419,RoomPicks,,Portland Downtown,45.51789,-122.68003,Hotel room,,1,0,,,27,341,0,90821
1399970653792714716,Unique Downtown Stay: Close to Art & Green Spaces,501999278,1468058277289999419,RoomPicks,,Portland Downtown,45.51647,-122.68221,Hotel room,,1,0,,,27,341,0,90821
1400148083572247513,New Studio - 4 Blocks to Alberta,281860555,1469480319047754038,Marilyn,,Vernon,45.5621613,-122.6523213,Entire home/apt,,30,2,2025-11-01,0.47,1,278,2,22-183848-000-00-HO
1401502934817126695,Cozy 1-Bedroom in Rose City!,577541645,1470578342899003147,Ronald Albert,,Reed,45.48867067682928,-122.63925871515335,Entire home/apt,,2,25,2025-11-09,3.49,6,365,25,15-212842-000-00-CO
1402344909148631473,Multnomah Village's Cedarbrook #6,9829273,1462824587682701656,Lisa,,Bridlemile,45.48740884397853,-122.72195722709485,Entire home/apt,,30,0,,,4,365,0,
1402580902921306057,Victorian Attic apartment,508629533,1470286406735118069,Lisa,,Woodlawn,45.56903087324861,-122.65872271145203,Entire home/apt,,30,0,,,1,65,0,
1402803141495894011,Clean & Bright 2bd Alberta Gem,8818057,1462566785151473797,Jennifer,,King,45.56046000000001,-122.6572065,Entire home/apt,,30,1,2025-07-30,0.23,1,364,1,
1403162897156167103,"Extended-Stay Room, Close-in, AC",104296709,1467253660906986232,William,,Richmond,45.506528224204466,-122.61650943685855,Private room,,30,0,,,1,363,0,
1403859697457224652,Your home away from home near Pittock Mansion!,670300050,1470680488377634153,Rueben,,Boise,45.55443543688109,-122.67618148539283,Entire home/apt,,30,1,2025-09-29,0.45,2,306,1,
1404417592973852280,Overlook Bungalow Near N. Mississippi Avenue,348114402,1469691024424215986,Leeann,,Overlook,45.5643843,-122.6898295,Entire home/apt,,3,23,2025-11-23,3.09,1,323,23,24ASTR-PER-00059
1405919364339683539,Mississippi Gem • A/C • Smart TV • Great Location,190656099,1468989935967301129,Aaron,,Overlook,45.55383020000001,-122.6795619,Entire home/apt,,1,19,2025-09-21,2.64,21,352,19,18-266570-000-00-CO
1406612677682618204,Group of 3 Tiny Homes - Free Street Parking!,190340428,1468987926976538109,Slabtown,,Northwest District,45.53196307350683,-122.69040763558198,Entire home/apt,,2,2,2025-11-15,0.56,4,263,2,32960
1406689785179404873,Stylish Urban Oasis + Balcony!,41852577,1465622663320056344,Andrew,,Pearl,45.5287869,-122.6846317,Entire home/apt,,31,2,2025-08-03,0.38,21,241,2,
1407327505737726550,Posh Belmont/Mt Tabor Studio w/King & Steam Shower,295718411,1469524759944024367,Martha,,Sunnyside,45.51499861932388,-122.61505428351288,Entire home/apt,,2,23,2025-11-22,4.45,2,144,23,24ASTR-PER-00246
1407362933019226515,King Tony's Leisure Suite,14970082,1462951164224253632,Graham,,Boise,45.55334867809516,-122.67590293380019,Entire home/apt,,30,0,,,4,337,0,
1408749112809839392,Stark Manor,33980476,1465496584884586857,Scott,,Sunnyside,45.5191029,-122.6303586,Entire home/apt,,1,0,,,1,278,0,25astr-app-00237
1409086379707184463,Crow Ridge - 5min from Hollywood MAX stop,176475,1462511801759973619,Sarah,,Laurelhurst,45.530989793125016,-122.61771887540817,Entire home/apt,,2,6,2025-10-18,1.32,1,323,6,25ASTR-APP-00151
1409601538798236440,Modern 1bed 1bath +Den (2beds) in Portland,459606784,1463754295897912647,Sonia,,Pearl,45.52608251662424,-122.68374202820438,Entire home/apt,,1,6,2025-11-19,1.29,6,0,6,24-097758-000-00-CO
1410159755349257434,Spacious Portland Apartment,12436480,1529315804974546943,Kelsey,,Montavilla,45.5098861,-122.5703171,Entire home/apt,,30,0,,,1,179,0,
1411054790365703063,Charming Portland cottage,26505714,1465367871389204971,Carrie,,Lents,45.4754662,-122.5702706,Entire home/apt,,2,14,2025-11-29,2.76,1,135,14,25ASTR-APP-00197
1412461426460673576,Private Room + Bath in SE Portland,693374741,1470728084987315898,Jeffrey,,Foster-Powell,45.490411604677,-122.58486897580863,Private room,,1,5,2025-08-09,0.83,1,353,5,25ASTR-PER-00165
1412584755010553868,Penthouse 2 bedroom with balcony,41852577,1465622663320056344,Andrew,,Pearl,45.52802,-122.68513,Entire home/apt,,31,0,,,21,73,0,
1412602893058932921,3 BR Retreat | Private Backyard | Prime Location,34193849,1465501096512492216,Nikki,,Boise,45.55305006842464,-122.67761168316109,Entire home/apt,,2,5,2025-08-03,0.99,1,365,5,25ASTR-APP-00182
1413228374374736839,Budget friendly studio w/ views!,41852577,1465622663320056344,Andrew,,Pearl,45.5287869,-122.6846317,Entire home/apt,,31,1,2025-08-06,0.25,21,347,1,
1414643987453848192,"Open Plan Apt, Free Parking",409693567,1469870422880505881,Patrick And Sarah,,Pearl,45.52932409767883,-122.67995135453837,Entire home/apt,,30,4,2025-10-12,0.68,15,364,4,59712
1414746402243291070,Zen Haven,251587005,1469333284472299191,Erika,,Woodlawn,45.56994,-122.65607,Entire home/apt,,2,11,2025-11-29,1.77,2,315,11,24-001862-000-00-HO
1415420801176811129,Music lover’s walkable stay w/ baby grand piano,694126749,1470729722532606373,Brandt,,Buckman,45.517374594619675,-122.64930810674592,Entire home/apt,,1,29,2025-11-23,4.26,1,14,29,25ASTR-PER-00157
1416265788630053917,Spacious 4BR Family Retreat w/ Beautiful Backyard!,694336646,1470730146616352370,Aristides Nicholas,,Hillsdale,45.4880453,-122.7029061,Entire home/apt,,30,0,,,1,248,0,
1418172554162102014,Modern Cottage/Pet Friendly/Laundry/Dishwasher/AC,57963992,1466694822207747059,Jennifer,,South Tabor,45.50326649066044,-122.58262847876303,Entire home/apt,,30,0,,,1,186,0,
1418189118229725789,Stylish studio sunny and bright.,41852577,1465622663320056344,Andrew,,Pearl,45.527889037663265,-122.68578399239433,Entire home/apt,,31,1,2025-11-24,1,21,365,1,
1418198580159167285,Budget friendly studio location,41852577,1465622663320056344,Andrew,,Pearl,45.52997,-122.68554,Entire home/apt,,31,1,2025-08-01,0.24,21,335,1,
1418958329197897854,The Red House,227666005,1469212356389420311,Belle,,Kerns,45.519379813728534,-122.63259862698591,Entire home/apt,,3,5,2025-08-04,0.85,1,337,5,25ASTR-APP-00180
1419242271467173507,Private suite in SE Portland,58494376,1466701006231876140,Danielle,,Creston-Kenilworth,45.49415,-122.61827,Private room,,1,17,2025-10-25,2.63,1,168,17,25ASTR-PER-00147
1419244502253084848,Really night,695018590,1470731590676680880,Ngalamulume,,Glenfair,45.521454,-122.5097901,Private room,,30,0,,,1,358,0,12345
1420003958001460124,Peaceful Studio in Portland,80989625,1466985759136735448,Valerie,,Madison South,45.53827637737907,-122.57419186033596,Entire home/apt,,30,1,2025-06-19,0.18,1,0,1,
1420277555897942595,"Artful 1911 Bungalow Near River, Cafés & Parks",12320646,1462885070059922033,Donna,,South Portland,45.47955,-122.67429,Entire home/apt,,2,0,,,1,127,0,
1420370673669429204,Charming 2BR Apartment – Walk to Alberta,1772209,1462578034344722971,Michelle,,Sabin,45.55106480000001,-122.65030863439331,Entire home/apt,,2,21,2025-11-29,3.96,1,251,21,25ASTR-PER-00173
1420482739187901919,Enchanted Forest,675581167,1470691128049814930,Marie,,Brentwood-Darlington,45.464119044539466,-122.60379276231738,Entire home/apt,,30,0,,,4,365,0,
1420513111609536099,Treehouse Retreat,675581167,1470691128049814930,Marie,,Brentwood-Darlington,45.4649559,-122.6033118,Entire home/apt,,30,2,2025-11-08,0.80,4,305,2,
1421694143563259132,Daylight Mid-Century Dream - NE PDX,476244851,1470146766437022517,Chris,,Roseway,45.5544758,-122.5914985,Entire home/apt,,30,0,,,1,358,0,
1421823767694572898,"Large Serene Studio, tree views, 7 min to downtown",1504378,1462547638433176702,Spencer,,Overlook,45.55177,-122.68695,Entire home/apt,,1,1,2025-10-28,0.79,2,288,1,25ASTR-APP-00003
1423441462926598992,Columbia River House,383924326,1469787450036495633,Reuben,,Bridgeton,45.60173,-122.66718,Private room,,2,2,2025-12-02,0.91,1,365,2,00335
1423461808458319952,"Bright 2BR Retreat, Gourmet Kitchen + Garden Oasis",58611997,1466702292391945516,Carmen,,Cully,45.5533902,-122.6082855,Entire home/apt,,2,3,2025-10-26,0.93,2,0,3,25ASTR-APP-00176
1424144247420569708,The Haven Retreat,371974160,1469753933893329483,Hermiela K,,Pleasant Valley,45.4725309,-122.5282528,Entire home/apt,,30,2,2025-09-29,0.47,2,269,2,
1424271106693406254,Slabtown Sanctuary,415317125,1469889435063398485,Megan,,Northwest District,45.53218,-122.69017,Entire home/apt,,1,10,2025-11-23,1.83,9,22,10,24-108235-000-00-RS
1424292690323545154,Nob Hill Nest,415317125,1469889435063398485,Megan,,Northwest District,45.53080007401523,-122.68990687617762,Entire home/apt,,1,10,2025-11-23,1.82,9,26,10,24-108235-000-00-RS
1425613682940430528,Cozy Cottage Walkable to Lots of Parks,37454517,1465560587185968217,Lux,,Madison South,45.53898274318919,-122.57238930608216,Entire home/apt,,30,0,,,1,151,0,
1425690141702020584,Mid-Century Modern Sanctuary,8314499,1462765301949154870,Adhamh,,Parkrose Heights,45.53933163673946,-122.54824571894137,Entire home/apt,,2,10,2025-11-10,1.58,1,50,10,25ASTR-PER-00159
1426974158793963623,Luxe 2bed 2bath Top Floor Penthouse,459606784,1463754295897912647,Sonia,,Pearl,45.52737335568803,-122.6814385983703,Entire home/apt,,1,19,2025-11-24,3.29,6,259,19,24-097758-000-00-CO
1427149608198009330,Budget Studio Location,41852577,1465622663320056344,Andrew,,Pearl,45.52798,-122.68534,Entire home/apt,,60,0,,,21,188,0,
1427723419399721751,Large 1 Bedroom +Juliet Balcony!,41852577,1465622663320056344,Andrew,,Pearl,45.5279,-122.68507,Entire home/apt,,31,2,2025-11-02,0.47,21,351,2,
1429285443221099178,Sunny Sellwood Studio,4515566,1462659446336349168,Sabrina,,Sellwood-Moreland Improvement League,45.4606033,-122.6447343,Entire home/apt,,1,54,2025-12-02,8.62,1,338,54,25ASTR-PER-00174
1430706513637336610,The Hazelnut,501414071,1463848523559216414,Sorcha,,Hillsdale,45.4760488,-122.7032663,Entire home/apt,,7,1,2025-06-28,0.19,25,336,1,20-240246-520-00-HO
1430729998715992430,PDX Pied a Terre,8778663,1462786758391887109,Oddessa,,Northwest District,45.52415,-122.68814,Entire home/apt,,31,0,,,1,77,0,
1431248081869503995,Williams Homebase,1239203,1462540509222656001,Shana,,Boise,45.55081640034812,-122.66682606253526,Entire home/apt,,30,2,2025-11-05,0.92,2,107,2,
1432387450026422811,"Sweet Apt, Historic Neighborhood",15622775,1462594786542087542,Melissa,,Laurelhurst,45.52623,-122.61784,Entire home/apt,,50,2,2025-11-08,0.94,1,64,2,
1432579137606451045,#StayInMyDistrict NWCozy+Central,3142393,1462528276679400180,Amy,,Northwest District,45.525,-122.6953,Entire home/apt,,1,16,2025-11-09,3.02,21,172,16,25ASTR-PER-00167
1433548557539665076,Spanish Revival Escape - Brand New 6BR in Heart of,112798186,1467361284718872792,Delanie,,Kerns,45.529536,-122.6426248,Entire home/apt,,1,0,,,33,358,0,17-246293-000-00-CO
1433559258326390676,Kerns 6BR -  New Spanish Style Group Stay,112798186,1467361284718872792,Delanie,,Kerns,45.529536,-122.6426248,Entire home/apt,,2,0,,,33,252,0,17-246293-000-00-CO
1433564201428538558,Spacious 6BR - New Spanish Home in Best Kerns Spot,112798186,1467361284718872792,Delanie,,Kerns,45.529536,-122.6426248,Entire home/apt,,2,0,,,33,271,0,17-246293-000-00-CO
1433568762698533969,6 Bedroom Casa Adelynn in Kerns,112798186,1467361284718872792,Delanie,,Kerns,45.529536,-122.6426248,Entire home/apt,,1,0,,,33,353,0,17-246293-000-00-CO
1433632256765236544,Luxury family home in Irvington!,13408770,1462910526100462660,Ngoc,,Irvington,45.541294668414025,-122.6449960691933,Entire home/apt,,30,0,,,1,363,0,
1434232893812505640,Lovely Home in SE Portland,454944523,1470046752168045359,Karim,,Mill Park,45.51128,-122.53268,Entire home/apt,,30,1,2025-09-29,0.45,1,353,1,
1434251884304743536,Flower-Darling Guest Suite,4185917,1462649777939786773,Meaghan,,Brentwood-Darlington,45.469071888961665,-122.60214044637155,Entire home/apt,,1,11,2025-10-19,1.94,1,64,11,25ASTR-APP-00198
1434346687304053772,Bear Greenleaf Room 2,54667782,1462729507984998614,Fatima,,Hazelwood,45.5076321,-122.5640922,Private room,,30,5,2025-09-29,0.93,11,252,5,24ASTR-PER-00068
1434374721215157889,Charming Hidden Retreat,691887453,1470725109535513211,Omar,,Buckman,45.51846332154884,-122.64460974923419,Entire home/apt,,1,24,2025-11-23,4.34,1,269,24,25ASTR-PER-00302
1434525012372884997,Monthly Rental - Elevated Living in the Hills,221421926,1469170152876833747,Descansa Property,,South Portland,45.50031,-122.67831,Entire home/apt,,30,0,,,19,317,0,
1434752633935858933,"Landing | Stunning 1BD, Gym",263502162,1463333307662174289,,,Homestead,45.49937978501098,-122.69085842481903,Entire home/apt,,30,0,,,2,279,0,
1435682063095348141,Open Plan Apt w/ Gym & Parking,409693567,1469870422880505881,Patrick And Sarah,,Pearl,45.53047742171613,-122.6801306434133,Entire home/apt,,1,0,,,15,364,0,59712
1435884494420284201,Sunny Stay Near Downtown & OHSU,21787110,1462618610970075893,Kelly,,South Portland,45.49819,-122.67781,Private room,,1,11,2025-11-15,2.73,1,9,11,70432
1436338601987661574,Euro Suite w/ Cedar Sauna,346737830,1469686996636219036,Clif,,Mt. Tabor,45.51723,-122.60889,Entire home/apt,,3,16,2025-11-30,3.90,1,272,16,25ASTR-PER-00219
1436363234399099784,Getaway At Grandma's Mt. Tabor Home,74392594,1466915737690104147,Devin,,Mt. Tabor,45.51793,-122.58863,Entire home/apt,,2,17,2025-12-01,3.81,1,158,17,25ASTR-APP-00243
1437009745024864904,Pleasant Queen Stay at Hotel Grand Stark!,501999278,1468058277289999419,RoomPicks,,Buckman,45.5192011,-122.6610542,Entire home/apt,,1,8,2025-11-10,1.92,27,353,8,90821
1437133350381353890,Hawthorne Victorian Boho Family+Dog+LGBTQ-Friendly,689343823,1470719732573889269,Fortis Joy,,Sunnyside,45.51492,-122.61406,Entire home/apt,,1,28,2025-10-17,4.72,2,0,28,25ASTR-PER-00092
1437344511724578359,Slabtown Studio,415317125,1469889435063398485,Megan,,Northwest District,45.53264928587179,-122.6902988135886,Entire home/apt,,1,5,2025-11-23,5,9,23,5,24ASTR-APP-00202
1437896594035018795,"Historic Brooklyn | Near MAX, HUB, & Trails",592522307,1470618376335762078,Kimberly,,Brooklyn Action Corps,45.4915425,-122.6519658,Entire home/apt,,1,2,2025-10-13,0.41,86,357,2,24-058350-000-00-CO
1437899864967656220,"Laidback SE Vibe | Near MAX, Parks & Pints",592522307,1470618376335762078,Kimberly,,Brooklyn Action Corps,45.4915425,-122.6519658,Entire home/apt,,1,14,2025-11-01,2.64,86,365,14,24-058350-000-00-CO
1439265917052720738,Boho Hawthorne 1885 Home Family+Dog+LGBTQ-Friendly,689343823,1470719732573889269,Fortis Joy,,Sunnyside,45.51655,-122.61391,Entire home/apt,,1,9,2025-11-29,5.74,2,221,9,25ASTR-PER-00092
1439287295087829889,Spacious 4BR Home | Flexible Stays in SE Portland,150582690,1462985172774990531,Shay,,Pleasant Valley,45.46287,-122.51105,Entire home/apt,,30,0,,,6,347,0,
1440323940498559871,Bear Sage Room 3,54667782,1462729507984998614,Fatima,,Hazelwood,45.50708,-122.56299,Private room,,3,7,2025-11-18,1.27,11,239,7,24ASTR-PER-00068
1440776942739229806,Reed College Off Campus Apartment,9829273,1462824587682701656,Lisa,,Reed,45.4849602,-122.6285601,Entire home/apt,,30,2,2025-09-30,0.51,4,254,2,
1441312190430251045,Bright & Airy Penthouse,1990021,1462583546978314166,Timothy,,Boise,45.54664,-122.67605,Entire home/apt,,31,1,2025-10-18,0.63,1,310,1,
1441424431134098159,Charming & Walkable Studio In Ladd's Addition,682811946,1470706020785350176,Johanna,,Hosford-Abernethy,45.51012,-122.64879,Entire home/apt,,2,40,2025-11-09,7.14,1,322,40,25ASTR-PER-00193
1441752139865817568,Modern 4BR3B Home｜Work-Ready Design｜Yard G#41001,504252105,1467939816103299783,Guesty,,Northwest Heights,45.53764,-122.77145,Entire home/apt,,30,0,,,6,364,0,
1441924286615709195,"Elegant King: Italian Linens, Near Art Museum",501999278,1468058277289999419,RoomPicks,,Buckman,45.5192,-122.66105,Entire home/apt,,1,1,2025-07-12,0.21,27,347,1,90821
1441928180307590347,Cozy King Stay! Pets Allowed! Near Japanese Garden,501999278,1468058277289999419,RoomPicks,,Buckman,45.5192,-122.66105,Entire home/apt,,1,27,2025-11-30,5.23,27,348,27,90821
1442353546101212934,"The Doug | Forest Heights I Portland, OR",47581293,1462707108527868932,Kevin,,Northwest Heights,45.544452,-122.775773,Entire home/apt,,30,0,,,12,364,0,
1442638855575204739,The Grand King ADA Roll-In Shower,501999278,1468058277289999419,RoomPicks,,Buckman,45.5192011,-122.6610542,Entire home/apt,,1,0,,,27,353,0,90821
1442652782139432239,Designer King Stay | Near Museum and Grand Amari,501999278,1468058277289999419,RoomPicks,,Buckman,45.5192,-122.66105,Entire home/apt,,1,7,2025-11-30,1.21,27,350,7,90821
1442652782403448521,Pet-Friendly Grand King Near Dining & Rock Gym,501999278,1468058277289999419,RoomPicks,,Buckman,45.5192,-122.66105,Entire home/apt,,1,19,2025-11-30,3.43,27,350,19,90821
1442706628687385715,"BIG Parisian Apartment, NE PDX/Historic Irvington",257609760,1469361034923282778,Tamara,,Irvington,45.53867,-122.65673,Entire home/apt,,1,10,2025-11-30,4.00,1,171,10,25ASTR-PER-00199
1444419105466519829,Cozy Forest Retreat in Hills with 3 Beds,129709737,1468300597102908241,Ruichao,,Southwest Hills,45.50213,-122.71212,Entire home/apt,,2,18,2025-11-18,3.55,1,338,18,25ASTR-PER-00230
1444903074146288784,"2 BR home with historic charm, private backyard",112452733,1467357733741704046,Samantha,,Sunnyside,45.5160775361464,-122.62381591750702,Entire home/apt,,2,6,2025-08-25,1.15,7,365,6,25ASTR-APP-00161
1445082578996509899,Kerns Neighborhood Two Story,551597956,1470466060411616888,Stephanie,,Kerns,45.52263,-122.63216,Entire home/apt,,31,1,2025-08-30,0.31,3,365,1,
1445754502345834626,"Entire place in Portland, Oregon",701874742,1470745327777093723,Amy,,Lents,45.47517,-122.57673,Entire home/apt,,2,0,,,1,364,0,25ASTR-PER-00318
1445949305398423591,Charming two bedroom home,378711108,1469773844131959274,Cayli,,Kenton,45.57888,-122.69346,Entire home/apt,,30,1,2025-09-29,0.45,1,63,1,
1445977110225975452,"Multnomah 1bd, pet friendly, balcony, 3.6mi OHSU",36544623,1465544356200910824,Ashley,,Hillsdale,45.47505,-122.70256,Entire home/apt,,30,2,2025-10-18,0.44,7,18,2,
1446001966028360174,Colorful NE PDX Home - Walk to Alberta Arts!,699431248,1470740660999569041,Calvin,,King,45.55336,-122.65661,Entire home/apt,,2,7,2025-12-01,1.72,1,83,7,25ASTR-PER-00200
1446513627481809670,Beautiful home near downtown and PDX airport.,225348730,1469197350108707743,Calvin,,Madison South,45.53337,-122.57333,Entire home/apt,,30,0,,,1,96,0,
1446608067025841836,"Multnomah 2bed, pet friendly, balcony, 3.6mi OHSU",36544623,1465544356200910824,Ashley,,Hillsdale,45.47698,-122.70414,Entire home/apt,,30,0,,,7,34,0,
1446640337492161129,Modern North Portland Haven: Comfort & Style,583300137,1470594911082831714,Adam,,Kenton,45.58543,-122.70016,Entire home/apt,,30,2,2025-11-21,0.76,1,338,2,
1447118005372629121,Forest Studio Retreat - Near Multnomah Village,469644788,1470117932987417144,Trevor,,Ashcreek,45.45578,-122.71981,Entire home/apt,,1,10,2025-11-21,2.59,3,345,10,24-106204-000-00-RS
1447213709511964222,White Swing! Newly Built Suite,48149048,1465727475268106525,Ali,,Northwest Heights,45.5375978,-122.7691921,Entire home/apt,,1,11,2025-11-03,2.29,1,360,11,25ASTR-PER-00226
1448210010513327857,Studio,380057237,1463567339057295367,Yon,,Montavilla,45.51707,-122.57762,Entire home/apt,,3,1,2025-10-11,0.55,6,360,1,21-080355-000-00-ho
1449180964166787596,Spacious 2BR - Walkable - Funky PDX Vibes,112798186,1467361284718872792,Delanie,,Overlook,45.55560500000001,-122.6795744,Entire home/apt,,1,0,,,33,352,0,24-108133-000-00-RS
1449473825052453635,Cozy spa studio w/hot tub and cold plunge,702885683,1470747079940380495,Audrey,,Vernon,45.56274,-122.65272,Entire home/apt,,2,8,2025-11-02,2.33,1,89,8,25ASTR-PER-00106
1450192807760377257,Great House for your enjoyment,299341055,1463411287695725135,Tony,,Pleasant Valley,45.4714221,-122.5014835,Entire home/apt,,2,12,2025-10-26,3.21,1,362,12,00231
1450219365713906668,Bear Green Room 4,54667782,1462729507984998614,Fatima,,Hazelwood,45.50662,-122.56517,Private room,,30,1,2025-09-09,0.34,11,340,1,
1450326658885207622,Modern Guest Studio in Vibrant Boise District,221421926,1469170152876833747,Descansa Property,,Boise,45.55221,-122.6677,Entire home/apt,,1,5,2025-10-13,1.20,19,271,5,24ASTR-PER-00143
1450389846551337859,Serene & Cozy Retreat,87994910,1467057098743448091,Ilana,,Cully,45.56182001576658,-122.61109224422997,Entire home/apt,,1,24,2025-10-26,4.83,1,143,24,25ASTR-APP-00203
1450403749615369551,The Lil' Fern,501414071,1463848523559216414,Sorcha,,King,45.5648463,-122.6623119,Entire home/apt,,1,2,2025-10-07,0.72,25,318,2,25ASTR-PER-00104
1450483271943864261,"Newly Built 2BD, 2BATH Cozy Home",524344892,1470358884808853713,Arthur,,Hollywood,45.53161,-122.61631,Entire home/apt,,30,0,,,2,365,0,
1450555267690441845,Modern 2BR Flat • Heart of Division • Sleeps 4,187761372,1468972369410644224,Bob Scott,,Hosford-Abernethy,45.5046739,-122.6441743,Entire home/apt,,1,2,2025-10-02,0.82,6,334,2,21-006135-000-00-RS
1451598540691242667,Modern University of Portland Townhome,9829273,1462824587682701656,Lisa,,Arbor Lodge,45.56650519999999,-122.685575,Entire home/apt,,30,0,,,4,301,0,
1452434401979942217,"Private Cottage/Hot-tub, Fenced Yard. Pets Welcome",4901178,1462667952608821793,Christopher,,Woodstock,45.4878,-122.61312,Entire home/apt,,1,7,2025-11-16,2.19,4,335,7,25ASTR-PER-00188
1453181240310446445,Victorian garden apartment,12845466,1462896955905659606,Matt,,Irvington,45.53649,-122.6534,Entire home/apt,,2,22,2025-11-30,5.64,1,296,22,18-185764-000-00-HO
1453673848406800265,Spacious home on the west hills medium term,686618,1462526155107332209,Cami,,Arlington Heights,45.5221835,-122.7103453,Entire home/apt,,30,0,,,2,230,0,
1453826897551336009,Hawthorne and Belmont Bungalow,22699433,1463186235603207059,Rich,,Sunnyside,45.51428,-122.63112,Entire home/apt,,2,9,2025-11-02,2.01,1,59,9,25ASTR-PER-00145
1454791697810524698,Charming bungalo in the heart of Kenton,8467436,1462768289800371914,Corrine,,Kenton,45.58273,-122.68473,Entire home/apt,,30,0,,,2,353,0,
1454793389620459935,"Spacious -AC, Wifi, Free Parking",687984731,1470716742337127191,Pema,,Pleasant Valley,45.46264,-122.52597,Entire home/apt,,30,0,,,2,238,0,
1455762153970408145,Alberta Arts Gem,61699098,1462748604957322542,Shelby,,Concordia,45.55936,-122.63462,Entire home/apt,,30,7,2025-11-30,2.06,8,350,7,25ASTR-PER-00216
1456470188510161284,Portland Vibes | Hiking. Free Breakfast,567081251,1470524364357275001,Hyatt House Portland Downtown,,Portland Downtown,45.50838,-122.67434,Private room,,1,9,2025-11-29,2.05,2,161,9,11-357412-435-69-HO
1456472040462001872,Portland Bliss | Sightseeing. Indoor Pool,567081251,1470524364357275001,Hyatt House Portland Downtown,,Portland Downtown,45.50657,-122.67295,Private room,,1,20,2025-11-30,4.11,2,156,20,12-257456-364-78-HO
1456529206149727522,3Br/3B House by Japanese Garden,686618,1462526155107332209,Cami,,Arlington Heights,45.52135,-122.71019,Entire home/apt,,2,15,2025-11-24,4.37,2,188,15,25ASTR-APP-00295
1456580599231935829,The Adelynn - 5BR Luxury in Walkable Portland,112798186,1467361284718872792,Delanie,,Kerns,45.529536,-122.6426248,Entire home/apt,,1,1,2025-10-11,0.55,33,358,1,17-246293-000-00-CO
1456581756270443631,5BR at The Adelynn - Luxury Build - Walk to All,112798186,1467361284718872792,Delanie,,Kerns,45.529536,-122.6426248,Entire home/apt,,1,0,,,33,355,0,17-246293-000-00-CO
1456582094420940284,The Adelynn 5BR - Sleek - Spacious - Walkable,112798186,1467361284718872792,Delanie,,Kerns,45.529536,-122.6426248,Entire home/apt,,1,1,2025-09-16,0.37,33,349,1,17-246293-000-00-CO
1456584827979003360,The Adelynn - 5BR Modern Luxury - Central Spot,112798186,1467361284718872792,Delanie,,Kerns,45.529536,-122.6426248,Entire home/apt,,1,3,2025-11-15,1.32,33,353,3,17-246293-000-00-CO
1456749362972102066,Portland's Best in Hawthorne District,361433297,1469725290247911655,Fariha,,Richmond,45.51068784129263,-122.62348091516309,Entire home/apt,,1,90,2025-11-30,19.01,1,365,90,16-120839-000-00-HO
1457271812551534773,The Red door bnb,4812174,1462665934811282452,Liz,,Concordia,45.57082,-122.62586,Entire home/apt,,2,1,2025-08-24,0.29,1,28,1,24-023388-000-00-HO
1457509161528579385,"Adelynn Studio , Walkable Kerns , Spanish Charm",112798186,1467361284718872792,Delanie,,Kerns,45.529536,-122.6426248,Entire home/apt,,1,7,2025-11-20,2.59,33,365,7,17-246293-000-00-CO
1457511942206629652,Adelynn Studio - Spanish Style in Hip Kerns,112798186,1467361284718872792,Delanie,,Kerns,45.529536,-122.6426248,Entire home/apt,,1,6,2025-11-15,1.86,33,351,6,17-246293-000-00-CO
1457515835283289658,New Kerns Studio Prime Spot Walkable Area,112798186,1467361284718872792,Delanie,,Kerns,45.529536,-122.6426248,Entire home/apt,,1,1,2025-11-18,1,33,365,1,17-246293-000-00-CO
1458410901894970520,Modern home 15 min from downtown,5040775,1462671404428823921,John,,Northwest Heights,45.55239,-122.77602,Private room,,1,5,2025-11-28,2.17,1,20,5,25ASTR-APP-00296
1458881683363559339,Simple and sunny @ Cozy Commons,45404378,1465673885322208791,Noa,,Portsmouth,45.59098,-122.72204,Private room,,1,3,2025-11-18,0.62,4,6,3,24ASTR-PER-00263
1459677910437531304,Bright and cheerful basement apt,13047377,1462901793603304695,John,,Humboldt,45.5581,-122.66972,Entire home/apt,,2,10,2025-11-28,2.17,1,110,10,25ASTR-PER-00122
1459719029204091992,The Marion Berry,501414071,1463848523559216414,Sorcha,,Northwest District,45.5244541,-122.6875477,Entire home/apt,,30,0,,,25,306,0,
1459773359905874906,"90s-Theme Studio, Treetop Views, 7 Min to Downtown",1504378,1462547638433176702,Spencer,,Overlook,45.55002,-122.68713,Entire home/apt,,1,11,2025-10-13,2.32,2,357,11,25ASTR-APP-00002
1460332201444617201,Alberta Arts Garden Hideaway,65899399,1466814808678214435,Elizabeth Marden,,King,45.55964,-122.6545,Entire home/apt,,2,15,2025-11-16,3.24,2,62,15,18-100996-000-00-HO
1460871056267006786,"Dog Friendly Stay! Gym, Close to Moda Center!",501999514,1470257160985456019,RoomPicks,,Portland Downtown,45.5199953,-122.6772716,Private room,,1,2,2025-10-20,0.63,14,364,2,15827
1460871058002323059,Elegant Queen Stay in a Prime Downtown Location!,501999514,1470257160985456019,RoomPicks,,Portland Downtown,45.5199953,-122.6772716,Private room,,1,0,,,14,364,0,15827
1460872342164459577,Unwind & Relax in 2 Cozy Queen Units! Gym Access!,501999514,1470257160985456019,RoomPicks,,Portland Downtown,45.52,-122.67727,Private room,,1,3,2025-08-17,0.67,14,364,3,15827
1460874193831350649,"3 Cozy Queen Units, Close to Rail Station!",501999514,1470257160985456019,RoomPicks,,Portland Downtown,45.52,-122.67727,Private room,,1,1,2025-08-03,0.24,14,361,1,15827
1460878976248985133,NW Studio Condo,34150929,1465500144904420066,Carissa,,Northwest District,45.5251555,-122.6879615,Entire home/apt,,30,1,2025-11-21,1,1,282,1,
1461516182518392530,"Twin-Queen Suites: Fitness, Spa & Downtown Views",501999514,1470257160985456019,RoomPicks,,Portland Downtown,45.52,-122.67727,Private room,,1,0,,,14,364,0,15827
1461520478749158174,"Comfort & Style: Two Queens, 2 Units w/ Gym & Spa!",501999514,1470257160985456019,RoomPicks,,Portland Downtown,45.52,-122.67727,Private room,,1,0,,,14,361,0,15827
1461523536666368402,"Luxury King Suite Near Pioneer Square, w/ Bar!",501999514,1470257160985456019,RoomPicks,,Portland Downtown,45.52,-122.67727,Private room,,1,54,2025-11-30,11.17,14,364,54,15827
1461527642183689462,Queen Deluxe w/ Fitness Gym Near Museums!,501999514,1470257160985456019,RoomPicks,,Portland Downtown,45.52,-122.67727,Private room,,1,5,2025-08-21,1.23,14,364,5,15827
1461527644782922082,Romantic King Suite Steps from Powell’s!,501999514,1470257160985456019,RoomPicks,,Portland Downtown,45.5199953,-122.6772716,Private room,,1,7,2025-11-30,1.58,14,364,7,15827
1461528444520238830,Pet-Friendly Deluxe Queen Stay w/  Parking Access!,501999514,1470257160985456019,RoomPicks,,Portland Downtown,45.5199953,-122.6772716,Private room,,1,0,,,14,364,0,15827
1461531213904539365,"Corner King Room by Pioneer Square w/ Parking, Spa",501999514,1470257160985456019,RoomPicks,,Portland Downtown,45.52,-122.67727,Private room,,1,0,,,14,364,0,15827
1461535411484076393,Pet-Friendly King Corner Stay w/ Parking & Gym!,501999514,1470257160985456019,RoomPicks,,Portland Downtown,45.5199953,-122.6772716,Private room,,1,0,,,14,364,0,15827
1461536332748013772,"Cozy King Deluxe w/ Spa, Near Powell’s & Park!",501999514,1470257160985456019,RoomPicks,,Portland Downtown,45.52,-122.67727,Private room,,1,0,,,14,364,0,15827
1461538553594036816,Relaxing King Deluxe Stay w/ Spa & Fitness Access!,501999514,1470257160985456019,RoomPicks,,Portland Downtown,45.5199953,-122.6772716,Private room,,1,0,,,14,364,0,15827
1462038185500391628,Painted Hills Suite,652450228,1470640837282835826,Alexander Morgan,,Lloyd District,45.53392,-122.65802,Private room,,3,11,2025-11-20,2.70,6,345,11,17-150304-000-00-CO
1462052748484583983,Cooper Spur Suite,652450228,1470640837282835826,Alexander Morgan,,Lloyd District,45.53392,-122.65668,Private room,,3,11,2025-11-20,3.06,6,344,11,17-150304-000-00-CO
1462451983525405824,2BR APT - Corner unit w/ city view & walk score 96,112452733,1467357733741704046,Samantha,,Northwest District,45.533774410092015,-122.69397775134591,Entire home/apt,,1,10,2025-11-20,2.31,7,355,10,17-162727-000-00-CO
1462616063337760864,Spacious Hillsdale garden retreat,10567062,1462844041344589241,Joi,,Hillsdale,45.48622,-122.70629,Entire home/apt,,2,17,2025-11-25,3.59,1,345,17,25ASTR-PER-00169
1463100034733678667,Rosy Retreat in the Heart of Downtown,703318985,1470747863858447418,Staypineapple At Hotel Rose,,Portland Downtown,45.5173,-122.67333,Private room,,1,10,2025-11-09,2.13,10,100,10,39040
1463100487299583661,Stay Groovy by Portland’s Waterfront,703318985,1470747863858447418,Staypineapple At Hotel Rose,,Portland Downtown,45.5173,-122.67333,Private room,,1,41,2025-07-19,0.57,10,100,11,39040
1463101055781075474,Accessible tub & daily treats in the lobby,703318985,1470747863858447418,Staypineapple At Hotel Rose,,Portland Downtown,45.5173,-122.67333,Private room,,1,0,,,10,93,0,39040
1463101907469813447,Colorful Haven Close to Breweries & Art,703318985,1470747863858447418,Staypineapple At Hotel Rose,,Portland Downtown,45.5173,-122.67333,Private room,,1,0,,,10,47,0,39040
1463101952938315000,Metro view king room with roll-in shower,703318985,1470747863858447418,Staypineapple At Hotel Rose,,Portland Downtown,45.517299,-122.673331,Private room,,1,3,2025-11-17,0.73,10,100,3,39040
1463102187352569611,Balcony for taking in the cityscape,703318985,1470747863858447418,Staypineapple At Hotel Rose,,Portland Downtown,45.5173,-122.67333,Private room,,1,0,,,10,100,0,39040
1463102340801831304,"Live Weird, Sleep Sweet on the Waterfront",703318985,1470747863858447418,Staypineapple At Hotel Rose,,Portland Downtown,45.5173,-122.67333,Private room,,1,129,2025-11-12,1.75,10,100,16,39040
1463103010239686379,King room with city views from the balcony,703318985,1470747863858447418,Staypineapple At Hotel Rose,,Portland Downtown,45.517299,-122.673331,Private room,,1,1,2025-08-11,0.26,10,99,1,39040
1463103736667588378,Bold Boutique Style near Foodie Hotspots,703318985,1470747863858447418,Staypineapple At Hotel Rose,,Portland Downtown,45.5173,-122.67333,Private room,,1,1,2023-10-22,0.04,10,100,0,39040
1463104292700784693,Pop-Art Vibes & River Views Await,703318985,1470747863858447418,Staypineapple At Hotel Rose,,Portland Downtown,45.5173,-122.67333,Private room,,1,25,2023-05-09,0.34,10,93,0,39040
1463182342280848451,Chic Loft Retreat in the Heart of NW Portland,33606696,1465491525895151478,Hayden,,Northwest District,45.533061,-122.6908964,Entire home/apt,,1,15,2025-11-23,3.10,11,350,15,21-027792-000-00-CO
1463275730438224220,Portland Chalet in the city,8680367,1462773603258153746,Michael,,Creston-Kenilworth,45.49646,-122.63831,Entire home/apt,,30,1,2025-11-01,0.88,9,290,1,
1463841760749766075,Cozy One Bedroom Loft,37683790,1465564143474793596,Joshua,,Mt. Scott-Arleta,45.48307,-122.58971,Entire home/apt,,30,1,2025-10-12,0.56,2,186,1,
1463919300567317927,Lush Blossom Basement,499873467,1470248143947952226,Faith Elizabeth,,Cathedral Park,45.58590570203734,-122.75203588392496,Private room,,1,3,2025-08-26,0.77,2,364,3,24-007379-000-00-HO
1464095663028668780,Cool and quiet @ Cozy Commons,45404378,1465673885322208791,Noa,,Portsmouth,45.58944,-122.72357,Private room,,1,0,,,4,0,0,24ASTR-PER-00263
1464144380172559863,Cozy Commons,45404378,1465673885322208791,Noa,,Portsmouth,45.59024,-122.72352,Entire home/apt,,3,5,2025-10-06,1.15,4,1,5,24ASTR-PER-00263
1464486550998282143,Fabulous location!,1453672,1462546299033579315,Jeff,,Buckman,45.5175849,-122.638373,Entire home/apt,,2,2,2025-11-30,0.58,1,180,2,00239
1464536700364834520,Woodstock Guesthouse,707095508,1470754577182263888,Loren,,Woodstock,45.4797261,-122.6102564,Entire home/apt,,2,18,2025-11-29,4.15,1,157,18,25ASTR-PER-00228
1465401892884360804,"Designer home-perf location-walkscore 
94-hot tub",39825650,1465594535947941362,Wendy,,Boise,45.55134404593838,-122.67287280702213,Entire home/apt,,2,1,2025-11-01,0.88,2,255,1,25ASTR-APP-00232
1465428096189144094,"Entire House (3 BR, No Cleaning Fees)-Close to PDX",82176614,1466997477327931455,An,,Cully,45.55296,-122.60303,Entire home/apt,,30,0,,,1,358,0,
1466710106017407383,SW Portland 3BR 3.5BA Townhouse Right Next To OHSU,150582690,1462985172774990531,Shay,,South Portland,45.48627,-122.67906,Entire home/apt,,30,0,,,6,364,0,
1466730695586513069,Montavilla Duplex - Garden Patio,1601499,1468169634386826561,Jonathan,,Montavilla,45.52481920982777,-122.58502006530762,Entire home/apt,,2,13,2025-11-28,3.36,1,33,13,25ASTR-APP-00274
1466787143050334783,Stylish Airstream Stay in SE Portland,309962671,1469578142394810447,Courtney,,Sunnyside,45.5175,-122.61376,Entire home/apt,,1,8,2025-11-19,2.00,2,355,8,21-033898-000-00-RS
1466813325340291050,Cozy little house,77970447,1466955477212739186,Mayra,,Mt. Scott-Arleta,45.47928,-122.59939,Entire home/apt,,30,0,,,1,269,0,
1466954022006802154,Kerns: Sleep under Celestial Sky,9623536,1462570413793093622,Mary,,Kerns,45.52614,-122.63318,Private room,,3,3,2025-10-17,0.80,2,139,3,25ASTR-PER-00109
1467079358542631257,The Oregon Trail - Clark Addition,273014767,1469440905193906269,Azhar,,Cully,45.5606946,-122.5990414,Entire home/apt,,2,8,2025-11-29,1.80,2,353,8,03296
1467537472664306579,"Spacious, Cozy Basement Apartment (Private Entry)",79841626,1462825420618857225,Danielle,,Montavilla,45.5290214,-122.5843891,Entire home/apt,,1,21,2025-11-30,5.04,1,0,21,25ASTR-PER-00255
1468251206185726282,Spacious Piedmont Room,536293554,1468251206925372541,Eleza,,Piedmont,45.57072,-122.66571,Private room,,30,0,,,1,365,0,
1468391337725489404,Dog-Friendly Bungalow w/ Garden & Relaxing Deck,708209422,1468391338406535437,Diana,,Parkrose,45.55311716257507,-122.54752958087987,Entire home/apt,,2,12,2025-11-30,3.16,1,349,12,47488
1470410575176502722,Central 2BR | Yard + Walkable | 30+ Day Friendly,341995577,1469672089094401964,Emily,,Overlook,45.55508283041514,-122.68187154284435,Entire home/apt,,30,1,2025-11-12,1,1,288,1,
1470413747330724508,Southeast Portland Apartment,67772888,1466837482099634148,Nancy,,Brooklyn Action Corps,45.49246,-122.65149,Entire home/apt,,30,0,,,1,168,0,
1470896906566741204,Modern King Stay w/ Bike Rental and Gym Access!,174792040,1463062109462152996,RoomPicks By Victoria,,Portland Downtown,45.52218,-122.67951,Private room,,1,0,,,51,338,0,16256
1473353349928684259,Silver Falls Suite,652450228,1470640837282835826,Alexander Morgan,,Lloyd District,45.53378,-122.65652,Private room,,3,11,2025-11-17,3.20,6,360,11,17-150304-000-00-CO
1474919753469274819,Alberta Arts • 2BR/1BA • Central Walkable Location,61445011,1466756171418167232,Aimee Jane San Felipe,,Concordia,45.55936,-122.6357,Entire home/apt,,1,5,2025-11-23,1.40,7,264,5,21-010582-000-00-RS
1474960129512233754,Alberta Arts Haven - 4BR - 8 Guests - Walk to Eats,61445011,1466756171418167232,Aimee Jane San Felipe,,Concordia,45.55936,-122.6357,Entire home/apt,,1,3,2025-09-28,0.77,7,351,3,21-010582-000-00-RS
1475557812491648697,Gorgeous Victorian for longer stays,11340323,1475557813237232866,Jillian,,Eliot,45.54686,-122.66405,Entire home/apt,,30,0,,,1,358,0,
1475585809603482032,"Apartment in Pearl, 3 beds, parking & amenities.",27380566,1465404251337308095,Suzie,,Pearl,45.530564,-122.685953,Entire home/apt,,3,3,2025-11-02,0.95,1,153,3,25ASTR-PER-00267
1476328423099572040,Luxury home in Kings Heights,13107606,1462903259175080953,Bob And Hilda,,Hillside,45.52874,-122.71385,Entire home/apt,,30,0,,,2,183,0,
1476868544099275008,Montavilla Gem • 2BR Home w/ Garage Parking.,150582690,1462985172774990531,Shay,,Montavilla,45.52525,-122.57652,Entire home/apt,,2,8,2025-11-29,2.31,6,347,8,25ASTR-APP-00289
1477313678677833375,Cozy 3-Bedroom in St. John’s – North Portland,146505239,1462975895790597352,Verite Gateka,,Portsmouth,45.59305,-122.72492,Entire home/apt,,30,0,,,1,365,0,00262
1477319893567701065,Chic Farmhouse & Prime Location!,83088925,1467006620174185975,Julie,,West Portland Park,45.44876,-122.7272,Entire home/apt,,30,0,,,2,328,0,
1478483351111099605,"Magnificent Location, *Pet Friendly*, Steam Shower",62261998,1462750061747177206,ITrip Vacations,,Foster-Powell,45.49594,-122.60876,Entire home/apt,,2,0,,,19,338,0,24-090854-000-00-LU
1478974352014052203,Urban nest: Room B,659614974,1470656413489564437,Maria Leticia,,Overlook,45.56317072918865,-122.68028567356029,Private room,,1,18,2025-11-16,4.78,2,364,18,25ASTR-APP-00135
1479081200149372608,Charming Nob Hill Studio,20828305,1463139726114063471,Yelena,,Northwest District,45.52686,-122.69515,Entire home/apt,,30,1,2025-09-22,0.41,1,28,1,
1479143491893078288,Modern Loft Hideaway in Trendy NW Portland,33606696,1465491525895151478,Hayden,,Northwest District,45.53306,-122.6909,Entire home/apt,,1,9,2025-11-18,2.31,11,361,9,21-027792-000-00-CO
1479151942413843169,"Upscale NW Portland Lofts - Modern, Walkable, Cent",33606696,1465491525895151478,Hayden,,Northwest District,45.53306,-122.6909,Entire home/apt,,1,4,2025-10-27,1.64,11,363,4,21-027792-000-00-CO
1480505353128061176,"Stark St Sanctuary | Entire Home, Heart of SE PDX",4243090,1480505353995768030,Timothy,,North Tabor,45.52054,-122.61615,Entire home/apt,,1,3,2025-10-26,1.45,1,167,3,25ASTR-PER-00311
1480688484360282651,The California Girl,501414071,1463848523559216414,Sorcha,,Woodlawn,45.570190042249926,-122.65042499101563,Entire home/apt,,30,1,2025-09-27,0.43,25,364,1,
1481112903255141955,Charming Rose City Craftsman,2760621,1462607242101047533,Lily,,Rose City Park,45.54323,-122.59758,Entire home/apt,,2,3,2025-10-12,0.87,1,168,3,25ASTR-PER-00178
1481918874866843860,Updated Townhome close to OHSU,711955137,1481918875477741519,Robert,,South Portland,45.49835,-122.6771,Entire home/apt,,30,1,2025-10-28,0.79,1,346,1,
1482000222014626637,Downtown 1B Condo with Parking,192398357,1482000222760994536,Steve,,Portland Downtown,45.51006,-122.67773,Entire home/apt,,180,0,,,1,358,0,
1482102633065363822,Home in SE Portland,569968527,1482102633727874372,Phu,,Lents,45.49378,-122.57055,Entire home/apt,,1,12,2025-11-23,3.27,1,351,12,25astr-per-00229
1482799146595987929,Budget minimal studio w/ view!,41852577,1465622663320056344,Andrew,,Pearl,45.52765,-122.68521,Entire home/apt,,180,0,,,21,278,0,
1482831679414386037,The Fitzgerald,501414071,1463848523559216414,Sorcha,,Northwest District,45.5258007,-122.6928012,Entire home/apt,,30,0,,,25,364,0,
1482892815165399961,The Solarium,501414071,1463848523559216414,Sorcha,,Montavilla,45.50994,-122.58237,Entire home/apt,,30,0,,,25,364,0,
1483453082627706102,"Sunny, Stylish Condo in the Heart of Portland",79149253,1483453083403620538,Garrett,,Pearl,45.5320577,-122.680951,Entire home/apt,,31,0,,,1,178,0,
1483525881495461299,Chic Modern Townhome 3bed/3bath,1631848,1462563602645514156,Brandon,,Overlook,45.5563,-122.68262,Entire home/apt,,30,0,,,3,25,0,
1483552887551109964,Portland Haven,68481960,1462787690928741826,Brett,,Montavilla,45.5268743,-122.5702204,Entire home/apt,,30,1,2025-09-26,0.43,3,326,1,
1483567370323332357,Urban Rustic Studio,712402710,1483567370946793420,Theodore,,Vernon,45.56048,-122.65248,Entire home/apt,,30,0,,,1,353,0,
1483698244505880078,Forest Studio Down the Steps,58056821,1466695865321424831,Annie,,Forest Park,45.60315,-122.83344,Entire home/apt,,30,1,2025-10-31,0.86,2,179,1,
1483797318672810717,Foster Neighborhood Basement  Apt.,29133820,1483797319450310183,Jim,,Foster-Powell,45.48582,-122.5843,Entire home/apt,,30,0,,,1,364,0,
1483831101919780270,Mount Scott Skyline Views!,80730962,1483831102899481055,Tyler,,Lents,45.4649557,-122.5523868,Entire home/apt,,1,15,2025-11-16,6.34,1,120,15,25ASTR-PER-00316
1484200625728151781,Craftsman Flats on Mississippi,356842381,1484200626423428767,Rob,,Boise,45.55377,-122.67442,Entire home/apt,,30,0,,,1,365,0,
1485095154029542293,Cozy Apartment in NW District,23991921,1465281538658651155,Nancy,,Northwest District,45.52774,-122.70046,Entire home/apt,,2,8,2025-11-16,2.47,1,232,8,24ASTR-PER-00084
1485544721966401315,"The Tim I Alphabet District I Portland, OR",47581293,1462707108527868932,Kevin,,Northwest District,45.5281714,-122.6973196,Entire home/apt,,30,0,,,12,365,0,
1485849350361396369,"PDX Studios
unit 302A",472195025,1463783544840228094,Joe,,Boise,45.5502222,-122.6682683,Entire home/apt,,30,0,,,6,20,0,
1486263915632150321,Modern City Apartment with Gym and Parking,409693567,1469870422880505881,Patrick And Sarah,,Pearl,45.52937317321062,-122.68197775526366,Entire home/apt,,30,6,2025-11-25,1.76,15,304,6,59712
1486264591348508939,Modern City Apartment with Gym and Parking,409693567,1469870422880505881,Patrick And Sarah,,Pearl,45.5307012897282,-122.6815021806904,Entire home/apt,,1,0,,,15,304,0,59712
1486451625779603141,Pet-Friendly 1BR + Yard,24039498,1486451626536870297,Megan,,Lents,45.48269966042572,-122.56254167124887,Entire home/apt,,29,4,2025-09-29,1.17,1,46,4,25ASTR-PER-00284
1486697188875941412,Chic & Bright Cottage | Steps to Mississippi Ave,2316746,1462591838403265882,Alisia,,Boise,45.55001046544541,-122.67688538879156,Entire home/apt,,2,1,2025-11-15,1,1,326,1,25ASTR-PER-00378
1486890981024984587,"Landing | Stylish Studio, Gym, Courtyard",263502162,1463333307662174289,,,Pearl,45.53376307166173,-122.68689508024248,Entire home/apt,,30,0,,,2,355,0,
1487319993739562727,Spacious Portland Home with Everything You Need!,713394441,1487319994448919262,Natsnet,,East Columbia,45.59859,-122.66274,Entire home/apt,,1,3,2025-11-16,1.91,1,322,3,25ASTR-PER-00288
1487421057795924969,Furnished South Waterfront Condo w/ River Views,4385541,1462655817615921203,Chris,,South Portland,45.4968711,-122.6698197,Entire home/apt,,30,1,2025-09-27,0.43,1,262,1,
1488457714067119192,"Kerns Studio  Near Coffee, Dining & Transit",112798186,1467361284718872792,Delanie,,Kerns,45.529536,-122.6426248,Entire home/apt,,1,0,,,33,365,0,23-071087-000-00-CO
1488473595988051897,"Cozy and cute apartment, walk to Multnomah Village",136954338,1468362291290571556,Melissa,,Hillsdale,45.47012,-122.69594,Entire home/apt,,1,0,,,1,89,0,00303
1490293854817692347,Arbor Lodge Gem | 2BR/1BA Near Parks & Max,28319375,1465418065365665490,Tyler,,Arbor Lodge,45.56993,-122.69087,Entire home/apt,,1,4,2025-11-20,4,1,287,4,25ASTR-PER-00345
1490802049972251081,Stylish & Bright in NE Beaumont,975800,1462534740043098440,Megan,,Beaumont-Wilshire,45.55465,-122.61894,Entire home/apt,,30,1,2025-11-03,0.94,1,365,1,
1492034932774809282,"Comfy, Charming & Super Convenient!",38953564,1462679989504129800,Casey & Berdell,,Parkrose Heights,45.53502,-122.54052,Entire home/apt,,30,0,,,1,245,0,
1492318363192792833,Serene 2BD unit getaway with dedicated parking,521161859,1470345064140543731,Giles,,Lents,45.47825,-122.56801,Entire home/apt,,2,3,2025-11-29,1.48,1,360,3,25ASTR-APP-00309
1492894164315740838,"Comfort; spotless, nearby airport",714314868,1490939814337467603,Sanit,,Wilkes,45.5389,-122.49802,Entire home/apt,,1,7,2025-11-02,3.39,1,362,7,25ASTR-PER-00315
1492991143373269654,*New* Month stays near Mississippi Ave,548004203,1470451802143848726,Michael Lee,,Boise,45.54589,-122.67735,Entire home/apt,,31,0,,,1,240,0,
1493037546994589761,Trendy NW Portland Getaway - Walk to Dining & Bars,33606696,1465491525895151478,Hayden,,Northwest District,45.533061,-122.6908964,Entire home/apt,,1,7,2025-11-15,2.21,11,357,7,21-027792-000-00-CO
1493234610172653757,St Johns Garden Nest - Private Walkable Oasis,13615952,1462916654989887019,Nicole,,St. Johns,45.59398,-122.74971,Entire home/apt,,7,0,,,2,75,0,25ASTR-PER-00283
1493567120437125487,2 Bed 1 Bath w/ Secluded Garden and Private Entry,19793836,1463091136216406654,Brian,,Beaumont-Wilshire,45.55401,-122.62833,Entire home/apt,,2,4,2025-11-28,1.25,1,21,4,25ASTR-PER-00300
1493674748598223302,Urban Apartment With Parking,409693567,1469870422880505881,Patrick And Sarah,,Pearl,45.53069400680475,-122.67986137853774,Entire home/apt,,30,0,,,15,357,0,59712
1493920786826190016,Pet Friendly Stay Near Providence Park! Gym Access,25138314,1462632302706246552,RoomPicks By Antony,,Goose Hollow,45.52044,-122.68692,Private room,,1,0,,,5,259,0,85408
1493922551282559279,Best Place to Unwind! Near Providence Park!,25138314,1462632302706246552,RoomPicks By Antony,,Goose Hollow,45.52170094893168,-122.68851578543871,Hotel room,,1,0,,,5,349,0,85408
1493922608895026299,Comfort and Relaxation! Pet-friendly Rooms!,25138314,1462632302706246552,RoomPicks By Antony,,Goose Hollow,45.52011,-122.68665,Hotel room,,1,0,,,5,349,0,85408
1493922662163476705,A Place You'll Surely Enjoy! Near Providence Park!,25138314,1462632302706246552,RoomPicks By Antony,,Goose Hollow,45.5220992822951,-122.68881900726763,Hotel room,,1,0,,,5,349,0,85408
1493924806183743608,Vintage Boutique Stay | Near Pittock Mansion,25138314,1462632302706246552,RoomPicks By Antony,,Goose Hollow,45.52212,-122.68866,Hotel room,,1,0,,,5,349,0,85408
1494517821188132444,Luxe Midcentury w/ Chef's Kitchen & Backyard Oasis,55998255,1465917338760425879,Kaitlin,,Cully,45.56191,-122.60362,Entire home/apt,,30,0,,,1,217,0,
1494652776706290695,Peaceful Backyard Cottage in Laurelhurst,52821482,1494652777476733360,Daniela,,Laurelhurst,45.5245804,-122.6280923,Entire home/apt,,30,0,,,1,178,0,
1495294344449221615,Relax and Enjoy the Peaceful RiverLyfe,463503845,1470088593804701653,Brad,,Hayden Island,45.61166,-122.6857,Entire home/apt,,1,0,,,1,365,0,
1495608029078809460,Premium Getaway | 2 Units | Near History Museum,174792040,1463062109462152996,RoomPicks By Victoria,,Portland Downtown,45.52052,-122.67916,Private room,,1,0,,,51,339,0,16256
1495618103735328714,Stylish Premium Stay | 3  Units | Art Museum,174792040,1463062109462152996,RoomPicks By Victoria,,Portland Downtown,45.52212,-122.67759,Private room,,1,0,,,51,339,0,16256
1495621456451284521,Your Cozy Premium Retreat in  Portland | 4 Units,174792040,1463062109462152996,RoomPicks By Victoria,,Portland Downtown,45.52152,-122.67952,Private room,,1,0,,,51,338,0,16256
1495724871641384121,The Adelynn - New Luxury Build in Center of PDX,112798186,1467361284718872792,Delanie,,Kerns,45.52953599999999,-122.6426248,Entire home/apt,,1,1,2025-11-15,1,33,363,1,23-071087-000-00-CO
1496790033813335337,Charming Rose City Bungalow Near Parks & Dining,59070590,1462741734128512621,Adam,,Rose City Park,45.5459801,-122.6042941,Entire home/apt,,30,0,,,2,365,0,
1497200703597181101,Stylish Eastmoreland Retreat,215058058,1469126878214460992,Joshua,,Eastmoreland,45.4705452,-122.6275031,Entire home/apt,,30,0,,,15,364,0,
1497360376532275618,South Studio: Smart TV | A/C | Airport 20 mins,215058058,1469126878214460992,Joshua,,Brooklyn Action Corps,45.49911160000001,-122.6527537,Entire home/apt,,2,5,2025-10-26,1.85,15,365,5,19-217738-000-00-HO
1497977834444111151,The Woodstock Creston Reed Triangle Retreat,158074447,1468540422411831312,Sarah,,Woodstock,45.4889,-122.62188,Entire home/apt,,31,0,,,14,363,0,
1498036832823195295,"Tiny Retreat • Walk to Bars, Food & Local Art",190656099,1468989935967301129,Aaron,,Concordia,45.5593,-122.63814,Entire home/apt,,1,1,2025-11-25,1,21,362,1,21-010582-000-00-RS
1498273823537371786,The Cherry Blossom (3BD/2.5BA),716123682,1498273824360045797,Travis,,Humboldt,45.5557893,-122.6704727,Entire home/apt,,30,1,2025-10-31,0.86,1,338,1,
1498668668170164882,"Kerns Studio - Near Coffee, Dining & Transit",112798186,1467361284718872792,Delanie,,Kerns,45.529536,-122.6426248,Entire home/apt,,1,4,2025-11-21,2.11,33,360,4,23-071087-000-00-CO
1500266170128543121,Modern apartment suite in desirable neighborhood,156974251,1468531028573522867,Melissa,,Argay,45.54971157915972,-122.52424154430628,Entire home/apt,,30,0,,,1,319,0,
1501500639628749239,Charming Craftsman Hideaway w/ Balcony!,577541645,1470578342899003147,Ronald Albert,,Reed,45.48998328958787,-122.63877236788308,Entire home/apt,,2,3,2025-10-04,1.27,6,266,3,15-212842-000-00-CO
1501923839786877101,Furnished Luxury Stay in PDX • 30+ Days rental,671478190,1470682859502904126,Scott,,Parkrose Heights,45.53635,-122.55288,Entire home/apt,,30,0,,,1,342,0,
1502342378545523430,Welcome Home to Portland Charm,344257653,1469679425724239093,Ivan,,Montavilla,45.52589,-122.56975,Entire home/apt,,30,0,,,1,187,0,
1503082382496939983,A Healing Place: Luxury MCM Guest Suite in PDX,26430771,1462637328034716229,Zhen,,Sellwood-Moreland Improvement League,45.46854,-122.64979,Entire home/apt,,2,4,2025-11-29,2.00,1,353,4,25ASTR-PER-00215
1503090579477102308,The Pink Pony,501414071,1463848523559216414,Sorcha,,Northwest District,45.5245752,-122.6875563,Entire home/apt,,30,0,,,25,170,0,
1503400453635973374,"Private Top Floor Bedroom, Bath & Walk in Closet",342091419,1503400454346805189,Metta,,Pleasant Valley,45.47625416893617,-122.53326850370483,Private room,,30,0,,,1,307,0,
1504019436254179860,Stylish Mid-Century Suite • Private Entry,12938506,1462584414817014614,Joe,,Madison South,45.54627,-122.56771,Entire home/apt,,1,1,2025-11-04,1,1,195,1,15-131458-000-00-HO
1504118632465116305,"Kerns 6BR Gem - New Build, Spanish Flair",112798186,1467361284718872792,Delanie,,Kerns,45.529536,-122.6426248,Entire home/apt,,1,1,2025-10-26,0.75,33,358,1,23-071087-000-00-CO
1504443673433033502,"Private Room, Entrance, Bath -Historic Hafner Haus",8207605,1462564255609677282,Sharon,,Portland Downtown,45.51628,-122.688,Entire home/apt,,2,0,,,13,16,0,15-264770-000-00-LU
1505127873616859883,Modern Mississippi Manor | 2 bd 3.5 ba Townhouse,4515658,1462659447842198336,Dana,,Boise,45.55369,-122.67326,Entire home/apt,,30,0,,,1,90,0,
1505189423721853322,Charming NW Studio in Vibrant Neighborhood - 16,10161853,1462833160612310976,Murad,,Northwest District,45.536901338556916,-122.70162435091291,Entire home/apt,,30,0,,,2,268,0,
1505822803263721754,Double Suite Retreat in Woodstock Creston Reed,158074447,1468540422411831312,Sarah,,Woodstock,45.48884,-122.62254,Entire home/apt,,31,0,,,14,302,0,
1506082600131594112,The Bookworm Bungalow | 4 min walk to Providence,91839656,1501059870025649340,Marian,,North Tabor,45.52458,-122.61258,Entire home/apt,,30,0,,,1,66,0,
1506660262624450250,Awesome location close to everything!,68306541,1466844231132835084,Melissa,,Russell,45.53509,-122.53375,Entire home/apt,,30,0,,,3,360,0,
1506828880965323516,Quiet & Modern Yellow Door Studio in Concordia,25714678,1487885096188957821,Audie,,Concordia,45.57016,-122.64122,Entire home/apt,,1,7,2025-11-29,2.84,1,354,7,25ASTR-PER-00205
1506881240926436238,"Artsy 2BR Retreat ~ Garden, Piano & Friendly Cats",14802436,1462947246604078987,Kristi,,Rose City Park,45.54273,-122.60082,Private room,,2,1,2025-11-21,1,2,160,1,22-183926-000-00-HO
1507264671089970009,Downtown Escape! Stylish Suite and Pet-friendly!,174792040,1463062109462152996,RoomPicks By Victoria,,Goose Hollow,45.521,-122.68776,Hotel room,,1,0,,,51,0,0,85408
1507347362897039828,2 BR 2.5 Bath Modern home with outdoor dining,46386397,1462703241216803123,Mary,,West Portland Park,45.4459556,-122.7282065,Entire home/apt,,30,0,,,1,365,0,
1507581161130682087,Charming 2 bedroom 1 Bath Bungalow.,9691233,1462820860076852344,Jill,,Humboldt,45.5624,-122.67525,Entire home/apt,,1,6,2025-11-02,2.22,1,204,6,25-243211-000-00-HO
1507969252133452545,Studio for 2 Wyndham Portland Resort,371942068,1469753785553868518,Joy,,Old Town/Chinatown,45.52052399999999,-122.6713056,Entire home/apt,,30,0,,,1,364,0,
1508088694283921938,"The Connie I Reed College I Portland, OR",47581293,1462707108527868932,Kevin,,Reed,45.48551339999999,-122.6378965,Entire home/apt,,30,0,,,12,365,0,
1508111626453853525,Beautifully Remodeled Bungalow - Extended Stays,718515510,1508111627360477515,Fara,,Collins View,45.45823,-122.67751,Entire home/apt,,30,0,,,1,305,0,
1508778504514432052,Cozy Mt. Tabor Retreat | Sleeps 4 | Walkable,472242630,1508778505304519016,Cody,,North Tabor,45.52436,-122.60737,Entire home/apt,,2,5,2025-10-19,2.34,1,359,5,25ASTR-APP-00326
1508811507332140562,Vibrant 1BR Duplex Near Alberta Arts District,260686384,1463325790495550289,Muneeb,,Concordia,45.56233786643364,-122.62986939625725,Entire home/apt,,1,4,2025-11-13,2.61,4,334,4,24ASTR-PER-00308
1508876357659507651,Monthly Rental · Cozy Retreat w/ Patio & Grill,221421926,1469170152876833747,Descansa Property,,Brentwood-Darlington,45.46988,-122.58638,Entire home/apt,,30,1,2025-11-02,0.91,19,248,1,
1508879509959099066,"Live here! River Access, Hot Tub & Gated Parking!",18573563,1508790347478566048,Dennis,,Old Town/Chinatown,45.53013,-122.67446,Entire home/apt,,30,0,,,1,247,0,
1510460294477676539,New 2BR • Luxury Stay • Walkable • Best Location,592522307,1470618376335762078,Kimberly,,Kerns,45.529536,-122.6426248,Entire home/apt,,1,1,2025-10-27,0.77,86,358,1,23-071087-000-00-CO
1510460906429174868,Luxury 2BR • Walkable • Best Location • Fast WiFi,592522307,1470618376335762078,Kimberly,,Kerns,45.529536,-122.6426248,Entire home/apt,,1,0,,,86,271,0,23-071087-000-00-CO
1510461534568566090,New Luxury 2BR • Walk to Dining • Best Location,592522307,1470618376335762078,Kimberly,,Kerns,45.529536,-122.6426248,Entire home/apt,,1,7,2025-11-21,2.92,86,263,7,23-071087-000-00-CO
1510462150004770238,New Spanish-Style Townhome in Kerns | Walk to Bars,592522307,1470618376335762078,Kimberly,,Kerns,45.529536,-122.6426248,Entire home/apt,,1,1,2025-10-13,0.57,86,353,1,23-071087-000-00-CO
1510462767472512246,Luxury 2BR • New Spanish Townhome • Fast WiFi • AC,592522307,1470618376335762078,Kimberly,,Kerns,45.52953599999999,-122.6426248,Entire home/apt,,1,5,2025-11-26,2.78,86,363,5,23-071087-000-00-CO
1510564788795302387,Woodlawn Bungalow,23464398,1462625374505619406,Nicole,,Woodlawn,45.56977,-122.65558,Entire home/apt,,2,3,2025-11-29,1.45,2,46,3,25ASTR-PER-00337
1510872950726030765,Pet Friendly Stay! Gym & Onsite Dining!,174792040,1463062109462152996,RoomPicks By Victoria,,Goose Hollow,45.5209961,-122.6877564,Hotel room,,1,0,,,51,356,0,85408
1510872957063956662,Downtown and Boutique Hotel! 2 Pet-friendly Units,174792040,1463062109462152996,RoomPicks By Victoria,,Goose Hollow,45.522,-122.68825,Hotel room,,1,0,,,51,356,0,85408
1510872966852267379,"Look No More! Vintage-inspired Hotel, Pet-friendly",174792040,1463062109462152996,RoomPicks By Victoria,,Goose Hollow,45.52189,-122.68728,Hotel room,,1,0,,,51,355,0,85408
1510872967494802795,Vintage Style Hotel! Four Pet-friendly Units!,174792040,1463062109462152996,RoomPicks By Victoria,,Goose Hollow,45.52022,-122.6888,Hotel room,,1,0,,,51,356,0,85408
1510872976665684993,"You Found it! Three Luxe Units, Pets are Welcome!",174792040,1463062109462152996,RoomPicks By Victoria,,Goose Hollow,45.5221,-122.68804,Hotel room,,1,0,,,51,356,0,85408
1510873627068799855,Vintage Inspired Hotel! 2 Modern Suites,174792040,1463062109462152996,RoomPicks By Victoria,,Goose Hollow,45.5202,-122.68725,Hotel room,,1,0,,,51,349,0,85408
1510880638742759196,Vintage Vibe near Rose and Japanese Gardens,174792040,1463062109462152996,RoomPicks By Victoria,,Goose Hollow,45.521,-122.68776,Hotel room,,1,0,,,51,356,0,85408
1510880647389172561,Boutique Hotel with Pop-Up Cinema and Mini-Golf!,174792040,1463062109462152996,RoomPicks By Victoria,,Goose Hollow,45.521,-122.68776,Hotel room,,1,0,,,51,356,0,85408
1510880651393796240,Relax in Style at a Boutique Hotel with Parking!,174792040,1463062109462152996,RoomPicks By Victoria,,Goose Hollow,45.521,-122.68776,Hotel room,,1,0,,,51,356,0,85408
1510881470414083106,"You Found it! Downtown Hotel, 2 Relaxing Units!",174792040,1463062109462152996,RoomPicks By Victoria,,Goose Hollow,45.52006,-122.68833,Hotel room,,1,0,,,51,356,0,85408
1510881477254656633,"Downtown Hotel! 3 Modern Suites, Pet-friendly!",174792040,1463062109462152996,RoomPicks By Victoria,,Goose Hollow,45.52008,-122.68842,Hotel room,,1,0,,,51,356,0,85408
1511278865386425006,Charming Woodstock Bungalow,28759813,1465424273199596445,Jennifer,,Mt. Scott-Arleta,45.478823,-122.6013699,Entire home/apt,,30,1,2025-11-01,0.88,1,342,1,
1511592657290986820,Cheers from Mississippi Ave,215058058,1469126878214460992,Joshua,,Boise,45.554068,-122.6753039,Entire home/apt,,2,11,2025-11-18,4.40,15,313,11,22-124429-000-00-CO
1512045182257598036,Beautiful Portland Craftsman with Hot Tub,168949941,1512045183051224079,Han,,Montavilla,45.51753,-122.57311,Entire home/apt,,30,0,,,1,364,0,
1512298528900476064,Newly Furnished Alberta Arts Home: Extended Stays!,121688409,1462921224513368239,Evolve,,King,45.55968464152896,-122.653371996205,Entire home/apt,,30,0,,,27,280,0,
1512323171135254005,Explore Portland from a Charming Downtown Pocket!,174792040,1463062109462152996,RoomPicks By Victoria,,Goose Hollow,45.5198,-122.68818,Hotel room,,1,0,,,51,354,0,85408
1512323182879340527,Relax in Style at a Boutique Hotel with Signature!,174792040,1463062109462152996,RoomPicks By Victoria,,Goose Hollow,45.52175,-122.68688,Hotel room,,1,0,,,51,354,0,85408
1512325714316540744,Vintage Vibe near Rose and Japanese Gardens!,174792040,1463062109462152996,RoomPicks By Victoria,,Goose Hollow,45.51997,-122.6869,Hotel room,,1,0,,,51,354,0,85408
1512325724106327719,"Rare Gem! Two Units, Pop- Up Cinema, Pets Allowed!",174792040,1463062109462152996,RoomPicks By Victoria,,Goose Hollow,45.52138,-122.68884,Hotel room,,1,0,,,51,354,0,85408
1512325727177050920,"Boutique Hotel! Three Modern Units, Pets Allowed!",174792040,1463062109462152996,RoomPicks By Victoria,,Goose Hollow,45.52037,-122.68872,Hotel room,,1,0,,,51,353,0,85408
1512330436505819271,"Central Location! 4 Classy Units, Pets Allowed!",174792040,1463062109462152996,RoomPicks By Victoria,,Goose Hollow,45.521,-122.68776,Hotel room,,1,0,,,51,352,0,85408
1512563126074934589,Elegant NW Portland Suites - Central Walkable Stay,33606696,1465491525895151478,Hayden,,Northwest District,45.53306,-122.6909,Entire home/apt,,1,12,2025-11-21,5.29,11,321,12,21-027792-000-00-CO
1512762896074108367,Sunny Luxury w/ Views · Steps to Dining & Cafés,66837389,1466825597282024364,Roxana,,South Portland,45.4968711,-122.6698197,Entire home/apt,,30,0,,,1,305,0,
1513039818185833571,"Ultimate Portland Getaway, Pet-friendly Hotel!",174792040,1463062109462152996,RoomPicks By Victoria,,Goose Hollow,45.5209961,-122.6877564,Hotel room,,1,1,2025-10-05,0.45,51,353,1,85408
1513042967255418434,"Centrally Located! 2 Relaxing Units, Pets Allowed!",174792040,1463062109462152996,RoomPicks By Victoria,,Goose Hollow,45.52037,-122.68856,Hotel room,,1,0,,,51,353,0,85408
1513042986902342307,Central and Pet-friendly Hotel! Three Modern Units,174792040,1463062109462152996,RoomPicks By Victoria,,Goose Hollow,45.5209961,-122.6877564,Hotel room,,1,0,,,51,353,0,85408
1513047458843250805,"Boutique Hotel! Four Units, Near Providence Park!",174792040,1463062109462152996,RoomPicks By Victoria,,Goose Hollow,45.51984,-122.6873,Hotel room,,1,0,,,51,353,0,85408
1513047477714306937,"Prime Location! 2 Luxe Suite, Pets are Allowed!",174792040,1463062109462152996,RoomPicks By Victoria,,Goose Hollow,45.521,-122.68776,Hotel room,,1,0,,,51,356,0,85408
1513047477733900083,Boutique & Pet-friendly Hotel in Downtown Portland,174792040,1463062109462152996,RoomPicks By Victoria,,Goose Hollow,45.5209961,-122.6877564,Hotel room,,1,0,,,51,356,0,85408
1513242946379993731,Cozy Private Room,172763117,1468676758154271540,Rick,,Hazelwood,45.51907,-122.53949,Private room,,1,1,2025-10-24,0.71,3,354,1,24ASTR-PER-00348
1513424472731171141,"Cozy Portland Home, Steps from Food - Sleeps 4",293772932,1469518807096746870,Kimberly Diane,,Hosford-Abernethy,45.5059543,-122.6575002,Entire home/apt,,1,3,2025-11-12,2.00,3,359,3,22-124671-000-00-CO
1514632104565435805,Spacious 2bed 2bath in the heart of Hawthorne,23400410,1465272798778963533,Bryan,,Sunnyside,45.51405,-122.62337,Entire home/apt,,31,0,,,4,150,0,
1515280021673007022,Evergreen House - Heart of Hawthorne - Walkable,12014851,1515280022497291029,Dena,,Sunnyside,45.51294403805319,-122.61864256113769,Entire home/apt,,2,7,2025-11-29,3.44,1,299,7,25ASTR-APP-00306
1515645440171046965,Charming 1-Bed in Kenton – 3-Month Min Stay,27117732,1465400561518756970,Jeff,,Kenton,45.5826415,-122.6867033,Entire home/apt,,60,0,,,1,233,0,
1515972230832656914,Vintage Vibe near Rose and Japanese Gardens!,174792040,1463062109462152996,RoomPicks By Victoria,,Goose Hollow,45.5219,-122.68701,Hotel room,,1,0,,,51,353,0,85408
1515975958891960574,Explore Portland from a Charming Downtown Pocket,174792040,1463062109462152996,RoomPicks By Victoria,,Goose Hollow,45.52196,-122.68807,Hotel room,,1,0,,,51,353,0,85408
1515975969935367539,Relax in Style at a Boutique Hotel! Pet-Friendly!,174792040,1463062109462152996,RoomPicks By Victoria,,Goose Hollow,45.5209961,-122.6877564,Hotel room,,1,0,,,51,353,0,85408
1515975978143019403,"Rare Gem! 3 Pet-friendly Units, Downtown Hotel!",174792040,1463062109462152996,RoomPicks By Victoria,,Goose Hollow,45.5204,-122.68891,Hotel room,,1,0,,,51,353,0,85408
1515975978431144862,"Convenient Location! Four Units, Pet-friendly!",174792040,1463062109462152996,RoomPicks By Victoria,,Goose Hollow,45.52066,-122.68859,Hotel room,,1,0,,,51,353,0,85408
1515975984088914566,"Prime Location! 2 Relaxing Units, Pets Allowed!",174792040,1463062109462152996,RoomPicks By Victoria,,Goose Hollow,45.52038,-122.68877,Hotel room,,1,0,,,51,353,0,85408
1516252523735956888,Beautiful Bridlemile Family Home,345206879,1516252524386719267,Allie,,Bridlemile,45.49585,-122.71367,Entire home/apt,,30,0,,,1,88,0,
1516331034273188144,Entire Condo steps from N Williams Ave,24129904,1465283531844627916,Eric,,Boise,45.551229,-122.6650069,Entire home/apt,,3,2,2025-11-23,1.15,1,19,2,25ASTR-APP-00332
1516934237527771383,Wisteria House,47702745,1465720310068199615,Terri,,Beaumont-Wilshire,45.55531,-122.62158,Entire home/apt,,30,0,,,2,270,0,
1517074922028701105,The Azure | Brand New Home | Heart of Portland,164372215,1502980155861641486,Nhan,,Humboldt,45.5560798954245,-122.67159086981286,Entire home/apt,,2,16,2025-12-03,7.50,1,117,16,25ASTR-PER-00313
1517565580264237461,Cozy & Private Furnished ADU with Stunning Views,8963685,1462791422701877420,T D,,South Portland,45.4734747,-122.6754888,Entire home/apt,,30,0,,,1,364,0,
1517675517454331376,Home sweet little Marine,495159803,1470228689347344689,Vivian,,Argay,45.56552,-122.52158,Entire home/apt,,30,0,,,1,365,0,
1518399761181731333,The Pinnacle,501414071,1463848523559216414,Sorcha,,Pearl,45.5320577,-122.680951,Entire home/apt,,30,0,,,25,279,0,
1521097387622238380,Sweet Tiny House in Amazing Location,52609760,1462723503840605839,Becky,,Overlook,45.5656766,-122.6814658,Entire home/apt,,1,1,2025-10-09,0.53,2,153,1,21-040504-000-00-HO
1521116641875276645,Council Crest 2 Bedroom Home,27815382,1521116642591608198,Emily,,Southwest Hills,45.4925,-122.70266,Entire home/apt,,90,0,,,1,358,0,
1521116805636763010,"Beautiful, modern 3-bdrm townhome",4618284,1462661669207950120,Ian,,Humboldt,45.5559886017681,-122.66828656196594,Entire home/apt,,30,2,2025-11-16,2,1,353,2,22-136331-000-00-HO
1521955700192776185,6 Mi to Dtwn: Pet-Friendly Home in Portland!,121688409,1462921224513368239,Evolve,,South Tabor,45.49847,-122.60632,Entire home/apt,,30,0,,,27,361,0,
1521966143132107742,Mid-century guest suite in Mt Tabor!,170766014,1521966143693733485,Brian,,Mt. Tabor,45.521062830707805,-122.59146018547314,Entire home/apt,,1,0,,,1,59,0,25ASTR-PER-00358
1522173434695875699,Classic bungalow in Alberta Arts with bonus room,146734172,1522173435359907522,Holly,,Concordia,45.56116,-122.63892,Entire home/apt,,30,0,,,1,285,0,
1522622021355998380,Entire Home in NE Portland,121148725,1468231131605324690,Tu-Nhi,,Sumner,45.55377,-122.57263,Entire home/apt,,1,2,2025-10-19,1.07,1,349,2,25ASTR-PER-00325
1522632181247210067,Alberta Wood House,35660192,1465526839518404681,Richard,,Concordia,45.55706,-122.64185,Entire home/apt,,2,5,2025-11-16,2.83,1,355,5,25ASTR-PER-00336
1522662236637346421,Portland Home Close to Downtown,172763117,1468676758154271540,Rick,,Hazelwood,45.52122,-122.53911,Entire home/apt,,1,13,2025-11-28,7.65,3,353,13,24ASTR-PER-00348
1523576444321268490,"Mt. Tabor Studio, Pet Friendly, .8 from Providence",36544623,1465544356200910824,Ashley,,Mt. Tabor,45.5190822,-122.6092867,Entire home/apt,,30,0,,,7,90,0,
1524138787077459690,Hygge Haus,501414071,1463848523559216414,Sorcha,,Northwest Heights,45.5442837,-122.7777462,Entire home/apt,,30,0,,,25,364,0,
1525747073100759233,"Trailer in North Portland
near Univ of Portland",598450021,1470632400547155465,Frederick Robert,,University Park,45.57856,-122.72243,Entire home/apt,,31,0,,,3,362,0,
1525875104721519434,Beautiful view - Master on main - safe area,722581717,1525875105375596348,HuiFen,,Northwest Heights,45.53726,-122.77333,Entire home/apt,,30,0,,,1,363,0,
1526926676727288218,"Nob Hill 1BR, Pets Welcome, Fireplace.9mi Good Sam",36544623,1465544356200910824,Ashley,,Northwest District,45.5244541,-122.6875477,Entire home/apt,,30,0,,,7,89,0,
1527688761965647664,Original Charm with Updated Interior,52609760,1462723503840605839,Becky,,Beaumont-Wilshire,45.55302,-122.62181,Entire home/apt,,30,0,,,2,364,0,
1528396071259738881,Hip Sellwood Slumber Bungalow,488538919,1470198647267944952,Amy,,Sellwood-Moreland Improvement League,45.46757367845755,-122.64621710422973,Entire home/apt,,2,2,2025-12-01,1.87,1,206,2,25ASTR-PER-00018
1528589506368441276,The Oregon Trail - Lewis Addition,273014767,1469440905193906269,Azhar,,Cully,45.56078868274713,-122.59907985767212,Entire home/apt,,30,1,2025-11-09,1,2,336,1,25ASTR-APP-00385
1528682457974319968,Lincoln Heritage,54667782,1462729507984998614,Fatima,,Hazelwood,45.50849,-122.56433,Private room,,3,6,2025-11-17,3.60,11,361,6,24-083921-000-00-LU
1528957119501765088,Budget Minimal Studio + Balcony!,41852577,1465622663320056344,Andrew,,Pearl,45.52773,-122.68533,Entire home/apt,,60,0,,,21,151,0,
1529204224218174003,Modern Alberta Arts ADU - 1 Bedroom + Office,7322219,1529204224981934270,David,,King,45.55847,-122.65934,Entire home/apt,,30,0,,,1,279,0,
1529228441725266597,Private 2 Bedroom In Idyllic NE Portland,61310355,1466754627558470064,Thomas,,Concordia,45.56287,-122.63377,Entire home/apt,,3,2,2025-11-26,2,4,32,2,24-016645-000-00-HO
1529245733829416482,Cozy Craftsman | Pet-Friendly | Music & Tech Haven,723385478,1529245734414944388,Sova,,Woodstock,45.4828634,-122.6037272,Entire home/apt,,1,4,2025-12-01,3.75,1,250,4,25ASTR-APP-00353
1530437054899432731,SW quiet tucked away serene paradise near OHSU/ mo,20854096,1463140357890817169,Huma,,West Portland Park,45.44885660000001,-122.7223062,Private room,,2,0,,,1,87,0,
1531341348976678288,Spacious SE Bungalow | Walk to Division,119517395,1468218203536450632,Kristopher,,Richmond,45.4988,-122.6135,Entire home/apt,,1,0,,,1,163,0,25ASTR-APP-00352
1531369061735531645,Rocky Butte Cottage,723871178,1531369062418208681,Abraham,,Madison South,45.53794,-122.56953,Entire home/apt,,30,0,,,1,32,0,72128
1531466389637074575,"The Allyson I Alphabet DistrictI Portland, OR",47581293,1462707108527868932,Kevin,,Northwest District,45.5267635,-122.697848,Entire home/apt,,30,0,,,12,365,0,
1532699528472618490,Hot Tub Access: Studio 5 Mi to Downtown Portland!,121688409,1462921224513368239,Evolve,,Eastmoreland,45.470864071435386,-122.63273019994648,Entire home/apt,,4,0,,,27,325,0,14-227531-000-00-HO
1532704528160438729,Victorian Holiday Retreat | Built 1885,221421926,1469170152876833747,Descansa Property,,Northwest District,45.52797,-122.69598,Entire home/apt,,30,0,,,19,207,0,
1532963209136883361,Lincoln Queen Room,54667782,1462729507984998614,Fatima,,Hazelwood,45.50834,-122.56251,Private room,,3,0,,,11,265,0,24-083921-000-00-LU
1533373924851494300,Cozy Roseway Bungalow!,350056479,1533373925910556755,Janet,,Roseway,45.55277128855555,-122.58027590811253,Entire home/apt,,30,0,,,1,363,0,
1533537448953681609,Cozy Basement Suite – Hot Tub & Backyard Oasis,215058058,1469126878214460992,Joshua,,University Park,45.5800389,-122.7205254,Entire home/apt,,2,3,2025-11-25,3,15,364,3,25ASTR-PER-00148
1533828578007776179,New Executive Townhouse W/Comfort In North Tabor!,497965087,1533828579026292935,Anwar,,North Tabor,45.5252977,-122.6041067,Entire home/apt,,30,0,,,1,335,0,
1534223461771139394,The Doug Fir,501414071,1463848523559216414,Sorcha,,Brentwood-Darlington,45.4618416,-122.596391,Entire home/apt,,30,0,,,25,185,0,
1535773244358416859,Adorable North Portland Tiny Home,6739097,1462714082974886569,Holly,,Overlook,45.5629,-122.68867,Entire home/apt,,30,0,,,2,115,0,
1535781663743847685,Private Basement Apartment Concordia Neighborhood,54690260,1535781664458982325,Mary,,Concordia,45.56986,-122.64118,Entire home/apt,,30,0,,,1,173,0,
1535804995431049958,Lady Merlot,501414071,1463848523559216414,Sorcha,,Northwest District,45.524469133345676,-122.68750478465576,Entire home/apt,,30,0,,,25,365,0,
1535920787479566167,The Garfield,501414071,1463848523559216414,Sorcha,,King,45.5515293,-122.6623764,Entire home/apt,,30,0,,,25,258,0,
1536380390961331892,Wonderfully Appointed Home in Day Ranch Style,62261998,1462750061747177206,ITrip Vacations,,Powellhurst-Gilbert,45.50045,-122.56864,Entire home/apt,,2,0,,,19,351,0,25ASTR-APP-00365
1536392612815078487,Spacious Victorian Pearl district Loft,725008469,1536392613517702057,Charles,,Pearl,45.52510044442012,-122.68524113194914,Entire home/apt,,30,0,,,1,358,0,
1536445939654151865,Stumptown Hideaway with Hot Tub,11078603,1462856554471790510,Kelly,,Vernon,45.560876487658945,-122.65000779999998,Entire home/apt,,2,0,,,2,233,0,25ASTR-PER-00405
1536456699389593747,Alberta MuralHaus With Hot Tub,11078603,1462856554471790510,Kelly,,Vernon,45.56194,-122.6498,Entire home/apt,,30,0,,,2,149,0,
1536523373669593735,Beautiful Home Beaumont Neighborhood,347291255,1469688494036594997,Rebecca Lyn,,Beaumont-Wilshire,45.55481,-122.61973,Entire home/apt,,30,0,,,2,364,0,
1537078036259637161,2x CLY STU-2F,88566861,1462844731192258239,Kasa,,Portland Downtown,45.522011,-122.681617,Private room,,1,0,,,7,289,0,00160
1537220188532639092,"Temp Home, Fully Furnished, Modern, Spacious [M1]",548901857,1491492903804271117,Furnished Homes,,St. Johns,45.5982567,-122.7573983,Entire home/apt,,30,0,,,5,365,0,
1537221916759048500,"Temp Home, Fully Furnished, Modern, Spacious [M2]",548901857,1491492903804271117,Furnished Homes,,St. Johns,45.5969783,-122.7593819,Entire home/apt,,30,0,,,5,364,0,
1537223951965985311,"Temp Home, Fully Furnished, Modern, Spacious [M4]",548901857,1491492903804271117,Furnished Homes,,St. Johns,45.59741229999999,-122.7592426,Entire home/apt,,30,0,,,5,364,0,
1537226390326289094,"Temp Home, Fully Furnished, Modern, Spacious [M5]",548901857,1491492903804271117,Furnished Homes,,St. Johns,45.6021939,-122.7591688,Entire home/apt,,30,0,,,5,364,0,
1537228110044443628,"Temp Home, Fully Furnished, Modern, Spacious [M3]",548901857,1491492903804271117,Furnished Homes,,St. Johns,45.5985589,-122.7538712,Entire home/apt,,30,0,,,5,364,0,
1537247493563606595,Kerns Studio Apartment - Prime Location & Modern C,112798186,1467361284718872792,Delanie,,Kerns,45.529536,-122.6426248,Entire home/apt,,1,1,2025-11-02,0.91,33,365,1,17-246293-000-00-CO
1537306225079267600,Well-lit Basement Apartment near Univ. of Portland,117216434,1537306225850687206,Chris,,University Park,45.57943,-122.73441,Entire home/apt,,1,1,2025-11-09,1,1,158,1,25ASTR-APP-00334
1537844220625699639,Lincoln Executive Suite,54667782,1462729507984998614,Fatima,,Hazelwood,45.50678,-122.56398,Private room,,3,0,,,11,339,0,24-083921-000-00-LU
1537848814043091781,Cozy River Deck,415326956,1537848814788594521,Susan,,Old Town/Chinatown,45.52799,-122.67292,Entire home/apt,,30,0,,,1,24,0,
1537897239636632451,10 Mi to Dtwn! Gem Near Parks & Trails in Portland,121688409,1462921224513368239,Evolve,,Wilkes,45.5267,-122.5018,Entire home/apt,,31,0,,,27,363,0,
1537962271579827277,The Coffee House,501414071,1463848523559216414,Sorcha,,Richmond,45.50575,-122.61578,Entire home/apt,,30,0,,,25,364,0,
1538655309402413051,Downtown Retreat – Private Entrance & Easy Transit,27645822,1465408227387350562,Kuang-Chung,,Goose Hollow,45.51513707248345,-122.68976658433922,Private room,,2,0,,,2,350,0,24-009486-000-00-HO
1539184929346586752,NE Haven (Bedroom 3),90127719,1467090906348126703,Aubry,,Cully,45.56147,-122.61611,Private room,,30,0,,,4,364,0,25ASTR-APP-00073
1539940853667789702,Portland-WFH -2BR-Balcony+W/D-MaxLight rail-DT,565469094,1463882424122274720,Alina,,Hazelwood,45.52131,-122.55458,Entire home/apt,,30,0,,,1,203,0,
1541031803995728218,Modern 2BD/2BA • Walk to NW 23rd & Stadium,88253867,1467059947580489724,Jordan,,Northwest District,45.5236996,-122.6971698,Entire home/apt,,1,0,,,15,359,0,18-256850-000-00-CO
1541465489975869845,"Brand new apartment in Portland, OR",691470727,1470724196727248427,Kelly,,Rose City Park,45.54386359999999,-122.6038272,Entire home/apt,,1,4,2025-12-01,3.64,1,56,4,25ASTR-PER-00338
1541660647488336884,Spacious sunny room in charming single family home,7718259,1462739412700020935,Yasmeen Sabah,,Roseway,45.5447,-122.59601,Private room,,1,0,,,1,356,0,24-020407-000-00-HO
1541955260430355721,Close to Portland Art Museum! Pet-friendly Hotel,174792040,1463062109462152996,RoomPicks By Victoria,,Portland Downtown,45.5201943013106,-122.67780972384017,Private room,,1,0,,,51,339,0,16256
1541955275412388379,Affordable Getaway! Near Portland Art Museum!,174792040,1463062109462152996,RoomPicks By Victoria,,Portland Downtown,45.52039,-122.67726,Private room,,1,0,,,51,339,0,16256
1542371212743507633,Spacious SE Portland Retreat,87555871,1542371213466503734,Amanda,,Hazelwood,45.50953,-122.55465,Entire home/apt,,2,3,2025-11-19,3,1,63,3,25ASTR-PER-00361
1542672240152836859,"Enjoy a Hassle-Free Stay, with Art Gallery!",174792040,1463062109462152996,RoomPicks By Victoria,,Portland Downtown,45.52042,-122.6775,Private room,,1,0,,,51,339,0,16256
1542691080546908457,"Convenient Stay, Superb Location with Parking!",174792040,1463062109462152996,RoomPicks By Victoria,,Portland Downtown,45.52038,-122.679,Private room,,1,0,,,51,339,0,16256
1542771682098082332,Elegant Studio (private entrance) in Alberta Arts,726484243,1542771682805215105,Tho,,Woodlawn,45.56966,-122.64355,Private room,,30,0,,,4,232,0,
1542866287651336646,Stylish private room in Alberta Arts District-blue,726484243,1542771682805215105,Tho,,Woodlawn,45.56736,-122.64433,Private room,,30,0,,,4,297,0,
1542882975995714343,Sunny private room in Alberta District-green,726484243,1542771682805215105,Tho,,Concordia,45.5681902794495,-122.64225689154307,Private room,,30,0,,,4,353,0,
1542889133408883173,Cozy private room in Alberta District-white,726484243,1542771682805215105,Tho,,Concordia,45.567305334626916,-122.6427466863904,Private room,,30,0,,,4,300,0,
1543404710131421884,Two Pet-friendly Units Close to Japanese Garden!,174792040,1463062109462152996,RoomPicks By Victoria,,Portland Downtown,45.52001,-122.67739,Private room,,1,0,,,51,339,0,16256
1543405566864631659,Rare Find! Four Modern and Pet-friendly Units!,174792040,1463062109462152996,RoomPicks By Victoria,,Portland Downtown,45.52205,-122.67903,Private room,,1,0,,,51,339,0,16256
1543413101257837434,Stylish Suite! Near Portland Art Museum!,174792040,1463062109462152996,RoomPicks By Victoria,,Portland Downtown,45.522,-122.6789,Private room,,1,0,,,51,339,0,16256
1543415984463733514,Excellent Location! Pet-friendly rooms!,174792040,1463062109462152996,RoomPicks By Victoria,,Portland Downtown,45.52158,-122.67751,Private room,,1,0,,,51,339,0,16256
1543415997784843019,Near Portland Art Museum Center and Oregon Zoo!,174792040,1463062109462152996,RoomPicks By Victoria,,Portland Downtown,45.5199,-122.67755,Private room,,1,0,,,51,339,0,16256
1543447350401686359,Stylish Suite! Near Tom McCall Waterfront Park!,174792040,1463062109462152996,RoomPicks By Victoria,,Portland Downtown,45.52187,-122.67908,Private room,,1,0,,,51,337,0,16256
1543449967944751239,Enjoy Scenic Views! Bikes! Pet-friendly!,174792040,1463062109462152996,RoomPicks By Victoria,,Portland Downtown,45.520019211995944,-122.67726767288038,Private room,,1,0,,,51,337,0,16256
1543449969671949259,Near Moda Center! Gym! Non-Smoking rooms!,174792040,1463062109462152996,RoomPicks By Victoria,,Portland Downtown,45.52135,-122.6772,Private room,,1,0,,,51,337,0,16256
1543453143271367826,"Relax and Unwind! Pets Allowed, Central Location!",174792040,1463062109462152996,RoomPicks By Victoria,,Portland Downtown,45.52077,-122.67939,Private room,,1,0,,,51,338,0,16256
1543457842570819378,Pet-friendly Hotel! Stylish Suite Near Oregon Zoo!,174792040,1463062109462152996,RoomPicks By Victoria,,Portland Downtown,45.52025,-122.67904,Private room,,1,0,,,51,299,0,16256
1543457847774965831,Central and Pet-friendly Hotel near Art Museum!,174792040,1463062109462152996,RoomPicks By Victoria,,Portland Downtown,45.5199837242668,-122.67893493477818,Private room,,1,0,,,51,339,0,16256
1543460924384764087,Stylish Suite! Near Portland Art Museum! with Gym!,174792040,1463062109462152996,RoomPicks By Victoria,,Portland Downtown,45.52174,-122.67739,Private room,,1,0,,,51,339,0,16256
1543465503700316172,Near Portland Art Museum! Pet-friendly Rooms!,174792040,1463062109462152996,RoomPicks By Victoria,,Portland Downtown,45.52220107868133,-122.67760282454917,Private room,,1,0,,,51,338,0,16256
1543672596207133480,Charming Laurelhurst Tudor Home recently renovated,29364758,1465432437847500779,Aaron,,Laurelhurst,45.525722953896675,-122.62470012824909,Entire home/apt,,30,0,,,1,365,0,
1544446981347733563,Comfortable 3BR Stay｜Work-From-Home Ready G#41532,504252105,1467939816103299783,Guesty,,Northwest Heights,45.54078,-122.77675,Entire home/apt,,30,0,,,6,364,0,
1544470480088174042,Tranquil 3BR Retreat｜Includes EV Charger E#41532,414420881,1467924896318365906,Eric,,Northwest Heights,45.54123,-122.7745,Entire home/apt,,30,0,,,5,365,0,
1545029840821527669,4 bedrooms 2.5 bath steps to fun Mississippi Ave,39825650,1465594535947941362,Wendy,,Boise,45.55126,-122.67266,Entire home/apt,,28,0,,,2,365,0,25ASTR-PER-00232
1545191344186027983,cozy 3 bedroom house,362357180,1469727538560557834,Aimedesire,,Mill Park,45.5174,-122.54275,Entire home/apt,,30,0,,,1,337,0,
1545881449937124754,Cozy artist's bungalow steps from NW 23rd,6690245,1462712838027638651,Eric,,Northwest District,45.52988,-122.70125,Entire home/apt,,30,0,,,2,208,0,
1545980867627690579,Stylish Vaulted So much light!,54335395,1462728564585462310,Marcie,,St. Johns,45.59548,-122.75972,Entire home/apt,,6,0,,,3,256,0,21-023286-000-00-HO
1546587709906881867,The Blue Jewel,95294855,1516933801511141344,Melissa,,Hillsdale,45.47540319746319,-122.68610220946036,Entire home/apt,,31,0,,,1,358,0,
1547137240767213237,La Quinta Portland NW | King Room | Near Downtown,699580001,1468050291044747180,Aishat,,Northwest Industrial,45.5530746,-122.7305282,Hotel room,,1,0,,,4,365,0,12345
1547137241532375558,King Bed| La Quinta Portland NW| Near Forest Park,699580001,1468050291044747180,Aishat,,Northwest Industrial,45.5530746,-122.7305282,Hotel room,,1,0,,,4,365,0,12345
1547137243121202846,2 Queen Beds | La Quinta Portland NW | Free Bfast,699580001,1468050291044747180,Aishat,,Northwest Industrial,45.5530746,-122.7305282,Hotel room,,1,0,,,4,365,0,12345
1547137243225222339,La Quinta Portland NW| Pet-Friendly| Family Room,699580001,1468050291044747180,Aishat,,Northwest Industrial,45.5530746,-122.7305282,Hotel room,,1,0,,,4,365,0,12345
1547254748110871848,"Glisen Stay-Close to Airport, Freeway & Transport",550914308,1470463397920475398,Basant,,Montavilla,45.52702,-122.56651,Private room,,1,3,2025-12-01,3,2,361,3,25ASTR-APP-00298
1547369334235790172,Zen Zone w/ Free Perks in Upscale Pearl District,13453106,1547369334976383601,Rita,,Pearl,45.530564,-122.685953,Entire home/apt,,1,0,,,1,117,0,00392
1547463672105595177,4BD/3bath w/ EV charger/ pool table/ 85 walk score,84110497,1467016844547367964,Sharon,,Hillsdale,45.48023,-122.69112,Entire home/apt,,3,1,2025-12-01,1,1,248,1,00062
1547594497615963432,Modern Guest House Retreat in Portland!,432958945,1547594498227177828,Irina,,Hazelwood,45.52585,-122.51181,Entire home/apt,,30,0,,,1,364,0,
1547985463238262904,Nest•Suite•Studio,54335395,1462728564585462310,Marcie,,Cathedral Park,45.58849623190252,-122.76071337229054,Entire home/apt,,30,0,,,3,238,0,
1548755838413038602,Sun-Drenched Slabtown Loft Studio,33606696,1465491525895151478,Hayden,,Northwest District,45.533061,-122.6908964,Entire home/apt,,1,1,2025-11-22,1,11,359,1,21-027792-000-00-CO
1549388899842764204,"Stylish SE Portland Retreat Full Apt, One Bedroom",49742895,1549388900602920581,Chrystle,,Creston-Kenilworth,45.49236,-122.62349,Entire home/apt,,1,1,2025-11-30,1,1,63,1,
1550155269817241443,Peaceful and Spacious SE Casa Azul Sellwood PDX,726375302,1542261879379618761,Noemi,,Sellwood-Moreland Improvement League,45.46902,-122.65019,Entire home/apt,,1,1,2025-11-30,1,1,186,1,00278
1550334998216672016,Home Away From Home,21047956,1462615614066345296,Norberto,,South Portland,45.49674,-122.6779,Entire home/apt,,30,0,,,2,365,0,
1550349115839940417,Newly Renovated Apartment with Private Entrance,21047956,1462615614066345296,Norberto,,South Portland,45.49853,-122.67953,Entire home/apt,,30,0,,,2,365,0,
1552314132953364802,St. Johns Nest | Near Cathedral Park,61699098,1462748604957322542,Shelby,,St. Johns,45.58901,-122.75159,Entire home/apt,,1,0,,,8,325,0,25ASTR-PER-00376
1552404088863716021,Cityscape Ridge Retreat | Unbeatable Portland View,61699098,1462748604957322542,Shelby,,Sabin,45.55317400325475,-122.64574245443453,Entire home/apt,,30,0,,,8,361,0,
1553156174053442606,Playful & Peaceful in Portland,267044336,1553156174718359106,Tiffany,,Madison South,45.54036,-122.57431,Entire home/apt,,30,0,,,1,361,0,
1553296401610515272,New Scandinavian home in prestigious neighborhood,389721483,1553296402227087164,Glenda,,Beaumont-Wilshire,45.54806712997384,-122.619152071146,Private room,,1,0,,,1,365,0,25ASTR-APP-00397
1553371955167812568,Stylish Portland Condo in the Trees with Parking,434270014,1553371955779722140,Kurt,,Old Town/Chinatown,45.52773,-122.67315,Entire home/apt,,30,0,,,1,180,0,
1553756531765471208,NE Haven (Entire House),90127719,1467090906348126703,Aubry,,Cully,45.56327,-122.61495,Entire home/apt,,30,0,,,4,364,0,
1555195788868573117,Forest Heights Furnished Townhome — 30+ Night Stay,20560549,1462613621025006173,Heidi,,Northwest Heights,45.5358829,-122.7759394,Entire home/apt,,30,0,,,1,81,0,
1555261180947085060,Charming Detached ADU in the Heart of Sellwood.,35038266,1555261181638570716,Michael,,Sellwood-Moreland Improvement League,45.47170003302396,-122.64793616137695,Entire home/apt,,30,0,,,1,364,0,
1555310487383139234,"Monthly Room Rental - Private Bath, 1 Roommate",104388,1462509683235486917,Caitlin,,Cully,45.56055,-122.61259,Private room,,30,0,,,2,365,0,
1555543406122067154,Quiet 2-Bedroom with Style,44501252,1465661130143953638,Kaitlin,,Eastmoreland,45.46725,-122.62488,Entire home/apt,,30,0,,,1,364,0,
1556156546221265641,Lovely river view,186181296,1556156546870514289,Traci,,Portland Downtown,45.50956,-122.67569,Entire home/apt,,60,0,,,1,173,0,
1557376463761778682,#StayinMyDistrict Sellwood+Cozy King Suite,3142393,1462528276679400180,Amy,,Sellwood-Moreland Improvement League,45.46739,-122.65424,Entire home/apt,,1,0,,,21,174,0,25ASTR-APP-00351
1557389580060395214,Downtown Apartment: Spacious & Modern Living,409693567,1469870422880505881,Patrick And Sarah,,Pearl,45.52818026507238,-122.68047591645278,Entire home/apt,,1,0,,,15,350,0,59712
1557407511025749263,Farewell Portland,2566544,1462598757002789089,Carin,,Foster-Powell,45.49198,-122.59749,Entire home/apt,,2,1,2025-11-30,1,1,360,1,00407
1558827365436112731,Private bedroom with a King Bed,729424896,1555419088875257572,Candace,,Parkrose,45.55192,-122.55423,Private room,,1,0,,,4,357,0,72845
1558837712118214072,Complete house in an amazing location,729424896,1555419088875257572,Candace,,Parkrose,45.55204836588308,-122.55446757820461,Entire home/apt,,1,0,,,4,323,0,78354
1559062150634010660,"Walkable Nob Hill Studio, Pets Welcome, Parking",36544623,1465544356200910824,Ashley,,Northwest District,45.5258007,-122.6928012,Entire home/apt,,30,0,,,7,269,0,
1559095210482750176,"Walkable Nob Hill 1BR, Pet Friendly, Parking",36544623,1465544356200910824,Ashley,,Northwest District,45.52666129252976,-122.6939896904488,Entire home/apt,,30,0,,,7,89,0,
1559442651355899883,"The Portland Modern: Quiet, comfortable",567351377,1559442652012289310,Keith,,Richmond,45.50123,-122.61133,Entire home/apt,,30,0,,,1,365,0,
1559577508049469401,Modern High Rise Condo with Breathtaking Views,456054754,1470052193461600721,Daniel,,Portland Downtown,45.51426,-122.68147,Entire home/apt,,2,0,,,1,19,0,25ASTR-PER-00249
1559687583749779193,Private bedroom close to PDX Airport,729424896,1555419088875257572,Candace,,Parkrose,45.55178,-122.55574,Private room,,1,1,2025-11-30,1,4,340,1,22-170650-000-00-HO
1560899312501383875,Lux•Studio•Cathedral,54335395,1462728564585462310,Marcie,,Cathedral Park,45.59053037014236,-122.76019542690243,Entire home/apt,,6,0,,,3,269,0,21-023286-000-00-HO
1560963907884225906,Private bedroom close to PDX airport,729424896,1555419088875257572,Candace,,Parkrose,45.55354528710588,-122.55420684162912,Private room,,6,0,,,4,308,0,22-170650-000-00-HO
1561747966320869473,Cully Cabin,477999674,1470153799633683460,Steve,,Cully,45.5653442,-122.6195759,Entire home/apt,,1,0,,,2,365,0,25-000418-000-00-HO
1561940425785557312,2BR/2BA • Historic Portland Home • Prime Location,592522307,1470618376335762078,Kimberly,,Kerns,45.5234,-122.65435,Entire home/apt,,1,0,,,86,356,0,22-131056-000-00-CO
1561979227854511692,"Modern, Perf Location, Amenities, Pet Friendly [B}",410009654,1469871546085370887,Kenny,,Cully,45.5557956,-122.6130195,Entire home/apt,,30,0,,,11,306,0,
1562014754608984120,Modern spacious home in NE Portland,103250089,1562014755347091085,Daniel,,Cully,45.5487723,-122.6039283,Entire home/apt,,30,0,,,1,364,0,
1562418261243615974,Queen room - hardscaping in progress,653792378,1470643586645232535,Mi,,Richmond,45.5116,-122.62468,Private room,,1,0,,,1,365,0,65432
1562457520377760148,Luxury Furnished Townhome with Mt Hood Views,30103368,1465443324233623869,Adam,,South Portland,45.4895851,-122.6745025,Entire home/apt,,30,0,,,1,337,0,
1563423228295689872,"Sellwood Retreat w/Deck, golf course & river view",38853605,1465580604831858102,Marie,,Sellwood-Moreland Improvement League,45.45927,-122.65714,Entire home/apt,,30,0,,,1,148,0,
1564722726461620820,Urban Aura Studio in Pearl District!,130058819,1497907710393635695,Jackie,,Pearl,45.530564,-122.685953,Entire home/apt,,1,0,,,1,186,0,25ASTR-PER-00409
1564815603672554287,Slabtown Solace at Nob Hill Heated Bathroom Floors,415317125,1469889435063398485,Megan,,Northwest District,45.53113685401279,-122.6919803656813,Entire home/apt,,1,0,,,9,265,0,24ASTR-APP-00202
1565230960724218173,Modern 3BR Haven • Walk to Pearl District,203913060,1469064006932207399,Hailey,,Northwest District,45.5295,-122.6875,Entire home/apt,,1,0,,,1,350,0,18-241563-000-00-CO
1566808343825702654,European style & prime city center location,729260316,1554648518109761511,AC Hotel By Marriott Portland,,Portland Downtown,45.51702,-122.67586,Private room,,1,0,,,1,114,0,15-132424-000-00-CO
